CustomerID,OrderID,OrderDate,Age,Gender,Membership,ProductCategory,ProductName,UnitPrice,Quantity,TotalAmount,PaymentMethod,City,ReturnStatus,Courier,DeliveryDays,Discount
1,1001,2024-05-30,,M,Silver,Casa,Tappeto,13,3,39,PayPal,Torino,1,BRT,4,14
2,1002,2024-12-12,30.0,M,Basic,Libri,Fumetto,23,3,69,PayPal,Milano,0,GLS,3,8
3,1003,2024-05-12,43.0,F,Basic,Abbigliamento,Scarpe,24,2,48,BankTransfer,Napoli,1,GLS,3,4
4,1004,2024-11-11,47.0,F,Silver,Casa,Tappeto,138,1,138,CreditCard,Roma,0,GLS,5,5
5,1005,2024-01-13,44.0,M,Basic,Elettronica,Cuffie,630,1,630,PayPal,Milano,0,GLS,5,4
6,1006,2024-05-13,,F,Silver,Libri,Enciclopedia,20,1,20,PayPal,Napoli,0,Poste,2,0
7,1007,2024-10-15,61.0,M,Silver,Sport,Borraccia,89,3,267,CreditCard,Bologna,0,DHL,1,6
8,1008,2024-08-26,37.0,F,Silver,Abbigliamento,Giacca,130,1,130,Cash,Napoli,0,BRT,3,4
9,1009,2024-04-15,68.0,M,Basic,Sport,Manubri,75,5,375,CreditCard,Torino,0,Poste,8,19
10,1010,2024-06-16,37.0,M,Basic,Libri,Enciclopedia,22,2,44,Cash,Roma,0,BRT,2,0
11,1011,2024-09-06,58.0,M,Silver,Elettronica,Tablet,99,4,396,Cash,Roma,1,DHL,3,10
12,1012,2024-04-09,72.0,M,Gold,Sport,Tappetino Yoga,167,2,334,Cash,Napoli,0,DHL,2,2
13,1013,2024-09-01,18.0,M,Silver,Elettronica,Smartphone,574,1,574,BankTransfer,Roma,0,GLS,2,0
14,1014,2024-09-20,34.0,F,Silver,Sport,Manubri,151,2,302,PayPal,Napoli,0,Poste,5,3
15,1015,2024-08-27,36.0,F,Gold,Libri,Manuale,21,4,84,CreditCard,Bologna,1,GLS,2,14
16,1016,2024-09-28,,M,Silver,Elettronica,Smartwatch,451,3,1353,PayPal,Bologna,0,Poste,2,10
17,1017,2024-03-16,34.0,M,Basic,Sport,Scarpe Running,157,3,471,Cash,Napoli,1,GLS,4,13
18,1018,2024-11-24,18.0,M,Basic,Casa,Lampada,44,1,44,CreditCard,Roma,0,BRT,2,0
19,1019,2024-09-03,,M,Gold,Casa,Cuscino,86,4,344,Cash,Torino,1,BRT,3,12
20,1020,2024-07-12,58.0,M,Silver,Casa,Coperta,25,2,50,Cash,Roma,0,BRT,3,8
21,1021,2024-08-16,33.0,F,Basic,Sport,Tappetino Yoga,102,4,408,PayPal,Napoli,0,GLS,4,10
22,1022,2024-03-06,18.0,M,Basic,Abbigliamento,Jeans,176,1,176,CreditCard,Napoli,1,GLS,3,7
23,1023,2024-06-19,35.0,M,Basic,Sport,Scarpe Running,66,2,132,CreditCard,Torino,0,Poste,10,1
24,1024,2024-02-13,56.0,M,Basic,Elettronica,Laptop,110,2,220,PayPal,Roma,0,BRT,5,2
25,1025,2024-01-06,66.0,M,Gold,Casa,Coperta,14,1,14,CreditCard,Torino,0,GLS,4,0
26,1026,2024-12-18,32.0,F,Silver,Elettronica,Laptop,278,2,556,CreditCard,Roma,0,GLS,4,7
27,1027,2024-05-16,34.0,F,Basic,Abbigliamento,Giacca,160,1,160,PayPal,Torino,0,BRT,3,5
28,1028,2024-03-30,18.0,F,Basic,Casa,Tappeto,97,2,194,Cash,Milano,0,GLS,3,9
29,1029,2024-07-30,45.0,F,Gold,Casa,Lampada,64,3,192,BankTransfer,Milano,0,GLS,4,6
30,1030,2024-10-25,28.0,F,Basic,Casa,Tappeto,24,2,48,Cash,Milano,0,BRT,4,11
31,1031,2024-09-22,45.0,M,Basic,Casa,Pentola,61,1,61,CreditCard,Torino,1,BRT,2,3
32,1032,2024-06-16,49.0,M,Basic,Sport,Tappetino Yoga,170,3,510,BankTransfer,Torino,0,DHL,2,10
33,1033,2024-12-06,54.0,F,Gold,Libri,Enciclopedia,31,3,93,PayPal,Bologna,0,Poste,6,11
34,1034,2024-02-22,29.0,M,Basic,Libri,Fumetto,40,1,40,CreditCard,Milano,0,GLS,3,6
35,1035,2024-02-09,46.0,M,Silver,Abbigliamento,Scarpe,24,5,120,PayPal,Napoli,1,BRT,2,17
36,1036,2024-04-06,,F,Basic,Elettronica,Laptop,232,2,464,BankTransfer,Torino,0,DHL,2,1
37,1037,2024-03-29,26.0,M,Basic,Libri,Guida,29,3,87,PayPal,Milano,0,GLS,4,11
38,1038,2024-07-02,25.0,F,Basic,Casa,Cuscino,14,2,28,Cash,Roma,1,GLS,3,7
39,1039,2024-07-23,18.0,F,Silver,Casa,Pentola,102,1,102,Cash,Napoli,0,DHL,2,11
40,1040,2024-04-06,,M,Silver,Sport,Borraccia,27,1,27,CreditCard,Milano,0,BRT,5,6
41,1041,2024-02-20,,M,Silver,Libri,Guida,48,1,48,PayPal,Roma,0,Poste,1,8
42,1042,2024-05-31,33.0,M,Basic,Sport,Pallone,156,2,312,PayPal,Napoli,0,BRT,1,5
43,1043,2024-12-23,49.0,F,Basic,Libri,Enciclopedia,8,2,16,CreditCard,Bologna,1,BRT,4,4
44,1044,2024-08-14,27.0,M,Basic,Abbigliamento,Maglione,105,2,210,PayPal,Roma,0,Poste,4,12
45,1045,2024-07-31,18.0,F,Gold,Libri,Fumetto,48,2,96,CreditCard,Napoli,1,BRT,3,3
46,1046,2024-11-11,,M,Silver,Casa,Coperta,94,1,94,CreditCard,Milano,1,GLS,4,6
47,1047,2024-06-22,26.0,F,Silver,Libri,Manuale,44,5,220,BankTransfer,Roma,0,GLS,3,11
48,1048,2024-09-16,60.0,F,Silver,Elettronica,Laptop,149,1,149,PayPal,Milano,0,BRT,3,5
49,1049,2024-07-10,32.0,F,Silver,Libri,Manuale,38,1,38,Cash,Napoli,0,Poste,5,3
50,1050,2024-03-23,48.0,M,Silver,Libri,Guida,49,1,49,Cash,Torino,0,GLS,3,8
51,1051,2024-03-23,43.0,F,Basic,Sport,Manubri,151,2,302,CreditCard,Milano,1,GLS,3,13
52,1052,2024-12-31,26.0,F,Basic,Elettronica,Tablet,73,5,365,CreditCard,Torino,0,GLS,3,10
53,1053,2024-06-30,62.0,M,Silver,Libri,Romanzo,36,1,36,CreditCard,Roma,0,GLS,4,0
54,1054,2024-12-19,48.0,M,Basic,Casa,Pentola,121,2,242,BankTransfer,Bologna,0,GLS,4,10
55,1055,2024-12-10,,M,Gold,Casa,Pentola,10,2,20,CreditCard,Bologna,0,GLS,4,9
56,1056,2024-01-18,,F,Basic,Libri,Enciclopedia,36,1,36,CreditCard,Napoli,0,Poste,5,10
57,1057,2024-03-08,,F,Basic,Elettronica,Cuffie,494,1,494,PayPal,Roma,0,GLS,3,10
58,1058,2024-10-31,39.0,F,Basic,Abbigliamento,Jeans,165,1,165,PayPal,Napoli,1,GLS,2,0
59,1059,2024-05-20,18.0,M,Silver,Libri,Romanzo,46,1,46,PayPal,Milano,0,BRT,2,2
60,1060,2024-02-22,42.0,M,Basic,Abbigliamento,T-shirt,23,2,46,BankTransfer,Bologna,1,Poste,1,3
61,1061,2024-12-18,32.0,F,Basic,Elettronica,Smartwatch,248,1,248,Cash,Torino,1,GLS,4,1
62,1062,2024-03-10,41.0,F,Silver,Libri,Manuale,22,3,66,CreditCard,Bologna,1,BRT,3,8
63,1063,2024-11-03,47.0,F,Gold,Elettronica,Laptop,278,2,556,CreditCard,Roma,0,GLS,2,9
64,1064,2024-10-02,59.0,F,Silver,Sport,Pallone,134,3,402,CreditCard,Milano,1,BRT,4,11
65,1065,2024-10-29,27.0,F,Silver,Abbigliamento,Jeans,31,4,124,CreditCard,Napoli,1,DHL,2,8
66,1066,2024-04-25,58.0,F,Gold,Elettronica,Laptop,414,3,1242,PayPal,Roma,1,DHL,2,16
67,1067,2024-04-20,43.0,F,Basic,Elettronica,Smartwatch,287,1,287,CreditCard,Torino,0,BRT,5,0
68,1068,2024-06-25,54.0,F,Gold,Abbigliamento,T-shirt,20,1,20,CreditCard,Napoli,0,GLS,4,0
69,1069,2024-03-04,52.0,F,Basic,Elettronica,Smartphone,532,1,532,PayPal,Torino,1,Poste,2,3
70,1070,2024-02-18,49.0,F,Basic,Elettronica,Tablet,587,1,587,PayPal,Roma,1,BRT,4,5
71,1071,2024-01-11,22.0,F,Basic,Elettronica,Laptop,518,4,2072,CreditCard,Napoli,1,GLS,4,12
72,1072,2024-04-11,37.0,M,Basic,Abbigliamento,Maglione,151,1,151,BankTransfer,Torino,1,GLS,5,4
73,1073,2024-06-03,,F,Basic,Abbigliamento,Maglione,35,1,35,BankTransfer,Bologna,1,Poste,3,4
74,1074,2024-06-10,24.0,M,Basic,Sport,Manubri,76,2,152,Cash,Napoli,0,DHL,2,10
75,1075,2024-04-14,30.0,M,Basic,Elettronica,Tablet,738,3,2214,BankTransfer,Milano,0,DHL,1,4
76,1076,2024-02-11,47.0,F,Basic,Sport,Tappetino Yoga,118,2,236,PayPal,Milano,0,GLS,4,9
77,1077,2024-08-21,50.0,F,Basic,Abbigliamento,Giacca,196,5,980,PayPal,Roma,1,BRT,2,14
78,1078,2024-07-22,45.0,M,Basic,Sport,Pallone,106,2,212,CreditCard,Bologna,1,DHL,2,6
79,1079,2024-12-19,25.0,M,Basic,Casa,Pentola,46,1,46,CreditCard,Roma,0,BRT,4,1
80,1080,2024-05-01,22.0,M,Gold,Elettronica,Smartwatch,333,1,333,BankTransfer,Bologna,1,BRT,1,0
81,1081,2024-11-09,61.0,M,Gold,Abbigliamento,Scarpe,169,2,338,PayPal,Roma,0,BRT,6,5
82,1082,2024-09-20,42.0,M,Basic,Abbigliamento,Scarpe,127,1,127,PayPal,Roma,0,Poste,6,7
83,1083,2024-07-18,39.0,F,Silver,Libri,Romanzo,21,2,42,BankTransfer,Milano,0,GLS,4,11
84,1084,2024-03-02,36.0,F,Basic,Sport,Scarpe Running,179,1,179,BankTransfer,Milano,0,BRT,1,5
85,1085,2024-01-20,20.0,M,Basic,Casa,Pentola,75,3,225,Cash,Bologna,0,BRT,3,6
86,1086,2024-04-17,47.0,F,Silver,Casa,Coperta,118,3,354,BankTransfer,Milano,0,GLS,6,8
87,1087,2024-02-16,35.0,M,Basic,Sport,Borraccia,47,1,47,Cash,Torino,0,GLS,3,0
88,1088,2024-10-02,35.0,M,Basic,Libri,Enciclopedia,19,2,38,CreditCard,Milano,0,GLS,4,6
89,1089,2024-10-24,52.0,M,Silver,Abbigliamento,Giacca,188,3,564,CreditCard,Bologna,0,GLS,4,10
90,1090,2024-05-19,50.0,F,Silver,Casa,Tappeto,84,2,168,PayPal,Milano,1,DHL,3,10
91,1091,2024-08-16,,M,Basic,Casa,Lampada,132,2,264,CreditCard,Torino,1,DHL,3,6
92,1092,2024-04-28,31.0,M,Basic,Elettronica,Laptop,220,2,440,CreditCard,Napoli,0,BRT,3,10
93,1093,2024-10-15,48.0,M,Basic,Casa,Cuscino,130,2,260,PayPal,Roma,1,DHL,2,11
94,1094,2024-07-27,59.0,M,Basic,Sport,Scarpe Running,68,4,272,CreditCard,Bologna,1,Poste,2,16
95,1095,2024-03-03,21.0,M,Gold,Elettronica,Laptop,478,1,478,BankTransfer,Milano,0,GLS,5,5
96,1096,2024-03-25,25.0,F,Silver,Casa,Cuscino,142,2,284,PayPal,Torino,0,Poste,8,6
97,1097,2024-04-26,21.0,M,Basic,Casa,Pentola,117,1,117,Cash,Bologna,0,GLS,3,0
98,1098,2024-01-13,18.0,M,Silver,Libri,Guida,46,1,46,BankTransfer,Bologna,0,DHL,2,0
99,1099,2024-12-05,39.0,F,Silver,Abbigliamento,Jeans,47,4,188,PayPal,Milano,0,BRT,3,3
100,1100,2024-08-17,48.0,F,Silver,Abbigliamento,Jeans,29,3,87,Cash,Milano,1,GLS,4,10
101,1101,2024-01-10,56.0,M,Silver,Sport,Scarpe Running,117,2,234,BankTransfer,Roma,0,Poste,4,5
102,1102,2024-05-15,54.0,M,Gold,Elettronica,Smartphone,755,2,1510,CreditCard,Roma,0,BRT,5,11
103,1103,2024-09-07,23.0,M,Basic,Casa,Lampada,12,2,24,CreditCard,Milano,0,GLS,3,10
104,1104,2024-08-04,66.0,F,Gold,Abbigliamento,Jeans,94,1,94,BankTransfer,Bologna,0,GLS,4,4
105,1105,2024-02-18,,F,Gold,Abbigliamento,T-shirt,127,4,508,PayPal,Roma,1,Poste,3,6
106,1106,2024-11-23,40.0,M,Silver,Libri,Romanzo,23,2,46,CreditCard,Milano,0,BRT,2,8
107,1107,2024-10-11,32.0,M,Basic,Sport,Borraccia,81,1,81,BankTransfer,Milano,1,GLS,3,0
108,1108,2024-03-19,36.0,M,Basic,Elettronica,Laptop,636,1,636,CreditCard,Roma,0,DHL,3,0
109,1109,2024-08-30,41.0,M,Gold,Elettronica,Smartwatch,200,1,200,PayPal,Napoli,0,GLS,2,5
110,1110,2024-03-19,40.0,F,Silver,Abbigliamento,Scarpe,166,1,166,Cash,Bologna,1,BRT,4,6
111,1111,2024-05-31,38.0,M,Basic,Casa,Lampada,98,3,294,CreditCard,Milano,1,Poste,6,12
112,1112,2024-03-23,40.0,F,Basic,Abbigliamento,Jeans,151,4,604,CreditCard,Torino,0,BRT,3,14
113,1113,2024-11-01,31.0,M,Basic,Abbigliamento,Jeans,188,4,752,CreditCard,Milano,0,Poste,5,5
114,1114,2024-04-23,30.0,M,Basic,Libri,Romanzo,39,1,39,Cash,Roma,1,BRT,4,0
115,1115,2024-08-31,18.0,M,Silver,Libri,Fumetto,12,2,24,PayPal,Torino,0,BRT,5,5
116,1116,2024-10-23,32.0,F,Basic,Elettronica,Smartwatch,351,2,702,CreditCard,Roma,0,BRT,6,0
117,1117,2024-06-05,30.0,M,Silver,Sport,Borraccia,120,1,120,CreditCard,Napoli,1,BRT,1,4
118,1118,2024-09-04,75.0,F,Silver,Elettronica,Laptop,775,1,775,CreditCard,Milano,1,GLS,3,1
119,1119,2024-03-06,,F,Silver,Sport,Pallone,92,1,92,PayPal,Bologna,0,BRT,4,8
120,1120,2024-06-07,,M,Basic,Libri,Fumetto,38,2,76,PayPal,Bologna,1,GLS,4,5
121,1121,2024-01-01,18.0,M,Basic,Sport,Tappetino Yoga,179,1,179,PayPal,Napoli,0,Poste,5,7
122,1122,2024-11-16,18.0,F,Basic,Elettronica,Smartwatch,393,5,1965,PayPal,Torino,0,DHL,2,25
123,1123,2024-07-30,40.0,M,Gold,Libri,Guida,46,1,46,CreditCard,Roma,0,GLS,4,3
124,1124,2024-10-31,23.0,F,Basic,Abbigliamento,Giacca,60,2,120,PayPal,Roma,0,BRT,2,6
125,1125,2024-07-27,38.0,M,Basic,Abbigliamento,T-shirt,39,3,117,CreditCard,Napoli,0,BRT,4,13
126,1126,2024-11-06,32.0,M,Basic,Libri,Guida,41,2,82,CreditCard,Milano,0,BRT,4,1
127,1127,2024-08-15,29.0,F,Basic,Abbigliamento,Maglione,61,1,61,Cash,Torino,0,Poste,6,11
128,1128,2024-04-05,18.0,F,Basic,Abbigliamento,Scarpe,123,2,246,CreditCard,Roma,1,Poste,3,1
129,1129,2024-10-21,20.0,F,Basic,Libri,Enciclopedia,14,2,28,PayPal,Torino,0,GLS,4,4
130,1130,2024-09-22,41.0,M,Basic,Sport,Tappetino Yoga,49,1,49,PayPal,Bologna,0,GLS,4,5
131,1131,2024-05-01,47.0,M,Basic,Casa,Coperta,141,2,282,Cash,Roma,0,DHL,2,3
132,1132,2024-01-04,31.0,F,Basic,Casa,Tappeto,116,3,348,PayPal,Torino,1,Poste,8,12
133,1133,2024-12-31,38.0,M,Basic,Abbigliamento,Maglione,177,3,531,Cash,Bologna,0,Poste,5,13
134,1134,2024-05-02,,F,Silver,Elettronica,Smartwatch,238,4,952,PayPal,Bologna,0,DHL,3,13
135,1135,2024-07-29,60.0,F,Basic,Elettronica,Laptop,797,1,797,CreditCard,Roma,0,BRT,3,6
136,1136,2024-09-13,22.0,F,Basic,Elettronica,Smartwatch,76,1,76,BankTransfer,Roma,0,Poste,6,3
137,1137,2024-09-01,,M,Basic,Elettronica,Smartwatch,472,1,472,CreditCard,Torino,0,Poste,3,5
138,1138,2024-05-01,,F,Silver,Abbigliamento,Scarpe,32,1,32,CreditCard,Torino,0,Poste,4,0
139,1139,2024-09-13,31.0,M,Basic,Abbigliamento,Giacca,164,3,492,BankTransfer,Roma,1,BRT,3,13
140,1140,2024-12-30,37.0,F,Gold,Elettronica,Smartphone,477,3,1431,BankTransfer,Napoli,0,Poste,6,11
141,1141,2024-07-27,37.0,F,Basic,Abbigliamento,Scarpe,17,4,68,BankTransfer,Roma,1,GLS,3,8
142,1142,2024-08-22,,F,Basic,Abbigliamento,Scarpe,63,2,126,PayPal,Milano,1,GLS,2,0
143,1143,2024-01-30,31.0,F,Basic,Elettronica,Smartphone,472,2,944,Cash,Milano,0,BRT,2,3
144,1144,2024-06-06,38.0,F,Silver,Sport,Manubri,43,2,86,PayPal,Napoli,0,GLS,4,9
145,1145,2024-09-12,32.0,M,Silver,Libri,Romanzo,9,5,45,Cash,Roma,1,DHL,2,8
146,1146,2024-11-01,55.0,F,Basic,Casa,Tappeto,117,4,468,Cash,Roma,1,BRT,1,4
147,1147,2024-09-27,31.0,F,Basic,Libri,Fumetto,47,1,47,CreditCard,Napoli,1,BRT,3,2
148,1148,2024-01-19,32.0,F,Basic,Abbigliamento,Jeans,179,1,179,Cash,Milano,1,GLS,2,0
149,1149,2024-12-19,48.0,F,Basic,Abbigliamento,Scarpe,157,2,314,CreditCard,Napoli,1,BRT,4,3
150,1150,2024-05-07,22.0,F,Basic,Casa,Pentola,42,2,84,CreditCard,Napoli,0,BRT,6,4
151,1151,2024-05-18,,F,Basic,Libri,Fumetto,49,2,98,CreditCard,Torino,1,DHL,3,4
152,1152,2024-04-17,18.0,M,Basic,Casa,Pentola,100,1,100,BankTransfer,Milano,0,BRT,4,0
153,1153,2024-09-11,56.0,F,Gold,Abbigliamento,Giacca,67,3,201,Cash,Roma,0,GLS,3,10
154,1154,2024-11-28,34.0,F,Silver,Casa,Cuscino,41,1,41,CreditCard,Bologna,1,BRT,1,1
155,1155,2024-09-20,31.0,M,Basic,Elettronica,Smartwatch,283,1,283,BankTransfer,Torino,1,Poste,7,0
156,1156,2024-05-27,19.0,M,Silver,Casa,Lampada,149,1,149,Cash,Bologna,1,BRT,4,0
157,1157,2024-07-22,38.0,M,Silver,Libri,Fumetto,37,1,37,CreditCard,Milano,1,Poste,4,6
158,1158,2024-08-06,26.0,M,Silver,Libri,Romanzo,43,1,43,BankTransfer,Roma,0,GLS,1,6
159,1159,2024-05-11,30.0,M,Basic,Abbigliamento,Jeans,119,2,238,PayPal,Roma,1,BRT,1,5
160,1160,2024-06-03,57.0,M,Basic,Libri,Fumetto,9,1,9,BankTransfer,Torino,0,Poste,3,7
161,1161,2024-08-12,35.0,M,Silver,Sport,Scarpe Running,138,3,414,CreditCard,Torino,0,GLS,3,11
162,1162,2024-04-12,22.0,M,Basic,Abbigliamento,Jeans,181,4,724,Cash,Bologna,1,GLS,3,13
163,1163,2024-04-29,40.0,F,Silver,Casa,Cuscino,84,2,168,BankTransfer,Milano,1,BRT,2,8
164,1164,2024-02-08,33.0,F,Basic,Abbigliamento,Scarpe,161,2,322,PayPal,Torino,1,Poste,4,8
165,1165,2024-08-10,,M,Basic,Sport,Manubri,125,4,500,PayPal,Roma,0,GLS,4,14
166,1166,2024-01-15,59.0,M,Gold,Abbigliamento,Jeans,122,1,122,PayPal,Milano,0,BRT,4,1
167,1167,2024-06-18,23.0,M,Silver,Sport,Scarpe Running,67,2,134,BankTransfer,Milano,0,DHL,2,13
168,1168,2024-11-10,,M,Silver,Abbigliamento,Jeans,17,2,34,CreditCard,Roma,1,BRT,2,0
169,1169,2024-05-29,39.0,M,Basic,Abbigliamento,Maglione,77,3,231,Cash,Roma,0,BRT,3,8
170,1170,2024-05-11,51.0,M,Gold,Abbigliamento,Giacca,77,2,154,CreditCard,Napoli,0,GLS,4,4
171,1171,2024-11-23,35.0,F,Gold,Abbigliamento,T-shirt,47,2,94,CreditCard,Bologna,1,BRT,2,5
172,1172,2024-01-29,51.0,F,Silver,Libri,Manuale,33,1,33,CreditCard,Roma,0,BRT,8,2
173,1173,2024-05-07,18.0,M,Basic,Abbigliamento,Maglione,72,2,144,PayPal,Bologna,0,GLS,3,8
174,1174,2024-10-11,63.0,M,Silver,Libri,Romanzo,18,1,18,BankTransfer,Roma,0,DHL,1,3
175,1175,2024-03-08,51.0,F,Silver,Libri,Fumetto,33,5,165,Cash,Napoli,0,DHL,2,17
176,1176,2024-02-17,36.0,F,Basic,Casa,Tappeto,139,5,695,CreditCard,Torino,0,BRT,3,24
177,1177,2024-08-07,18.0,F,Silver,Elettronica,Tablet,728,1,728,PayPal,Torino,1,DHL,3,6
178,1178,2024-12-25,48.0,M,Basic,Sport,Manubri,85,2,170,PayPal,Milano,0,BRT,4,7
179,1179,2024-07-31,45.0,F,Basic,Abbigliamento,Jeans,66,1,66,BankTransfer,Bologna,1,Poste,5,5
180,1180,2024-12-17,38.0,F,Basic,Abbigliamento,Jeans,25,1,25,CreditCard,Napoli,1,BRT,1,3
181,1181,2024-07-03,40.0,M,Silver,Libri,Guida,48,1,48,CreditCard,Napoli,0,Poste,3,3
182,1182,2024-02-11,29.0,M,Silver,Abbigliamento,Maglione,84,1,84,CreditCard,Torino,1,Poste,6,1
183,1183,2024-11-04,,M,Basic,Sport,Scarpe Running,122,1,122,CreditCard,Milano,0,DHL,3,4
184,1184,2024-12-23,42.0,M,Gold,Abbigliamento,Maglione,119,1,119,BankTransfer,Torino,1,DHL,1,7
185,1185,2024-05-23,34.0,M,Silver,Libri,Enciclopedia,9,4,36,CreditCard,Napoli,0,BRT,2,19
186,1186,2024-01-28,,M,Basic,Abbigliamento,Jeans,89,2,178,PayPal,Torino,0,GLS,4,4
187,1187,2024-07-28,49.0,F,Basic,Elettronica,Cuffie,138,4,552,CreditCard,Roma,1,Poste,5,12
188,1188,2024-08-20,,F,Silver,Sport,Scarpe Running,159,2,318,Cash,Torino,1,BRT,2,5
189,1189,2024-03-29,25.0,F,Silver,Sport,Pallone,47,1,47,Cash,Roma,1,Poste,5,0
190,1190,2024-12-05,18.0,F,Basic,Abbigliamento,Giacca,182,2,364,BankTransfer,Torino,1,BRT,1,10
191,1191,2024-08-26,,F,Basic,Abbigliamento,Giacca,114,1,114,PayPal,Torino,0,BRT,2,0
192,1192,2024-05-20,,M,Silver,Abbigliamento,T-shirt,114,2,228,CreditCard,Milano,1,GLS,5,4
193,1193,2024-10-10,42.0,F,Gold,Elettronica,Smartwatch,184,1,184,CreditCard,Napoli,1,GLS,2,4
194,1194,2024-01-23,19.0,F,Silver,Abbigliamento,Scarpe,21,1,21,Cash,Milano,0,GLS,3,5
195,1195,2024-12-25,,M,Basic,Libri,Guida,31,2,62,CreditCard,Milano,0,GLS,4,2
196,1196,2024-09-15,54.0,F,Basic,Libri,Guida,46,1,46,PayPal,Bologna,0,GLS,4,1
197,1197,2024-06-26,44.0,M,Basic,Sport,Pallone,179,5,895,CreditCard,Roma,1,DHL,4,15
198,1198,2024-09-20,47.0,M,Silver,Libri,Manuale,30,3,90,PayPal,Napoli,0,BRT,5,10
199,1199,2024-08-20,65.0,F,Silver,Casa,Cuscino,30,1,30,CreditCard,Napoli,1,BRT,5,5
200,1200,2024-06-30,40.0,M,Basic,Elettronica,Cuffie,144,1,144,CreditCard,Milano,0,GLS,3,2
201,1201,2024-09-01,18.0,F,Basic,Abbigliamento,Scarpe,98,1,98,PayPal,Milano,1,Poste,9,9
202,1202,2024-02-01,43.0,F,Basic,Libri,Guida,44,1,44,BankTransfer,Torino,0,Poste,6,9
203,1203,2024-01-05,,M,Basic,Elettronica,Cuffie,138,5,690,Cash,Bologna,0,BRT,2,18
204,1204,2024-01-13,69.0,F,Gold,Abbigliamento,Jeans,129,1,129,PayPal,Torino,0,Poste,3,0
205,1205,2024-10-16,18.0,M,Basic,Sport,Borraccia,112,4,448,Cash,Napoli,0,Poste,8,13
206,1206,2024-07-19,21.0,M,Basic,Abbigliamento,Scarpe,71,1,71,Cash,Torino,0,Poste,4,5
207,1207,2024-07-04,27.0,M,Silver,Elettronica,Laptop,346,2,692,CreditCard,Roma,1,BRT,4,10
208,1208,2024-02-14,22.0,M,Silver,Casa,Pentola,104,1,104,PayPal,Milano,0,BRT,1,0
209,1209,2024-08-01,28.0,M,Basic,Abbigliamento,Maglione,167,2,334,Cash,Roma,1,DHL,2,12
210,1210,2024-07-08,35.0,M,Basic,Abbigliamento,Maglione,158,3,474,PayPal,Napoli,1,DHL,3,8
211,1211,2024-03-28,20.0,F,Silver,Abbigliamento,Maglione,106,1,106,CreditCard,Napoli,0,BRT,3,2
212,1212,2024-10-01,,M,Gold,Elettronica,Laptop,148,1,148,BankTransfer,Milano,0,GLS,2,7
213,1213,2024-11-23,40.0,F,Gold,Abbigliamento,Maglione,170,1,170,CreditCard,Roma,0,BRT,1,3
214,1214,2024-05-06,37.0,F,Basic,Casa,Tappeto,25,2,50,PayPal,Roma,0,GLS,3,8
215,1215,2024-02-22,45.0,M,Silver,Elettronica,Smartwatch,292,1,292,BankTransfer,Torino,0,BRT,2,4
216,1216,2024-08-15,39.0,M,Basic,Sport,Manubri,131,2,262,CreditCard,Bologna,0,BRT,2,6
217,1217,2024-10-29,36.0,M,Silver,Casa,Coperta,149,3,447,BankTransfer,Milano,1,BRT,3,9
218,1218,2024-02-13,60.0,F,Basic,Elettronica,Smartphone,136,5,680,PayPal,Milano,0,DHL,2,15
219,1219,2024-02-29,35.0,M,Basic,Elettronica,Laptop,481,2,962,CreditCard,Roma,0,GLS,5,1
220,1220,2024-09-07,19.0,M,Basic,Abbigliamento,Maglione,196,3,588,BankTransfer,Torino,0,BRT,5,5
221,1221,2024-11-12,44.0,F,Basic,Casa,Cuscino,147,4,588,Cash,Roma,0,GLS,4,15
222,1222,2024-02-25,33.0,M,Basic,Abbigliamento,T-shirt,185,2,370,Cash,Torino,0,GLS,3,2
223,1223,2024-06-18,30.0,M,Basic,Elettronica,Tablet,340,1,340,CreditCard,Napoli,0,GLS,4,3
224,1224,2024-08-12,22.0,F,Basic,Libri,Guida,15,2,30,CreditCard,Bologna,0,GLS,3,10
225,1225,2024-05-08,44.0,M,Silver,Casa,Tappeto,92,1,92,Cash,Napoli,0,GLS,5,0
226,1226,2024-10-01,35.0,F,Gold,Elettronica,Laptop,149,1,149,CreditCard,Napoli,0,BRT,2,0
227,1227,2024-09-14,46.0,M,Silver,Sport,Borraccia,41,3,123,PayPal,Napoli,1,GLS,3,8
228,1228,2024-05-13,34.0,F,Silver,Sport,Borraccia,30,1,30,CreditCard,Napoli,1,DHL,3,4
229,1229,2024-12-14,28.0,M,Basic,Abbigliamento,T-shirt,124,3,372,CreditCard,Roma,1,GLS,3,9
230,1230,2024-10-05,57.0,M,Gold,Abbigliamento,Giacca,191,1,191,PayPal,Bologna,0,DHL,1,1
231,1231,2024-10-26,34.0,F,Basic,Elettronica,Smartwatch,659,3,1977,BankTransfer,Roma,0,BRT,2,3
232,1232,2024-07-10,52.0,F,Gold,Libri,Enciclopedia,13,2,26,CreditCard,Roma,0,BRT,6,8
233,1233,2024-09-21,20.0,F,Basic,Elettronica,Smartphone,435,2,870,PayPal,Milano,0,DHL,2,7
234,1234,2024-10-18,31.0,M,Basic,Abbigliamento,Maglione,137,2,274,PayPal,Roma,1,GLS,4,4
235,1235,2024-12-26,34.0,F,Basic,Elettronica,Smartwatch,377,1,377,CreditCard,Roma,0,GLS,4,0
236,1236,2024-11-13,32.0,F,Basic,Casa,Cuscino,148,1,148,BankTransfer,Torino,1,GLS,4,13
237,1237,2024-06-09,58.0,F,Gold,Elettronica,Smartwatch,323,1,323,BankTransfer,Milano,0,BRT,1,5
238,1238,2024-04-28,38.0,F,Silver,Abbigliamento,Maglione,132,1,132,PayPal,Roma,0,Poste,5,4
239,1239,2024-09-03,42.0,M,Basic,Casa,Lampada,150,2,300,PayPal,Torino,0,GLS,2,4
240,1240,2024-11-06,24.0,M,Gold,Libri,Enciclopedia,11,2,22,Cash,Napoli,0,GLS,5,16
241,1241,2024-10-17,27.0,M,Basic,Casa,Lampada,82,2,164,Cash,Roma,0,Poste,6,7
242,1242,2024-06-22,53.0,F,Silver,Abbigliamento,Maglione,31,1,31,Cash,Torino,1,DHL,2,0
243,1243,2024-03-10,,M,Silver,Libri,Manuale,48,1,48,PayPal,Milano,0,DHL,2,6
244,1244,2024-09-09,57.0,F,Silver,Abbigliamento,T-shirt,148,1,148,CreditCard,Milano,1,GLS,2,0
245,1245,2024-11-22,,F,Basic,Sport,Manubri,102,1,102,CreditCard,Torino,0,BRT,1,2
246,1246,2024-05-25,69.0,M,Silver,Sport,Pallone,42,2,84,PayPal,Roma,0,BRT,3,11
247,1247,2024-12-10,53.0,F,Basic,Casa,Tappeto,71,1,71,Cash,Milano,0,GLS,4,6
248,1248,2024-01-18,38.0,M,Basic,Elettronica,Smartphone,539,1,539,Cash,Roma,0,BRT,1,1
249,1249,2024-05-29,49.0,F,Basic,Sport,Pallone,142,1,142,PayPal,Napoli,1,BRT,3,9
250,1250,2024-07-09,23.0,F,Silver,Elettronica,Cuffie,480,3,1440,CreditCard,Roma,0,BRT,3,12
251,1251,2024-11-23,22.0,F,Basic,Abbigliamento,Giacca,29,3,87,PayPal,Bologna,1,DHL,2,5
252,1252,2024-01-11,39.0,M,Basic,Casa,Coperta,66,2,132,CreditCard,Milano,0,BRT,4,1
253,1253,2024-09-12,20.0,M,Basic,Elettronica,Tablet,169,1,169,BankTransfer,Milano,0,BRT,4,6
254,1254,2024-07-04,41.0,M,Basic,Abbigliamento,T-shirt,98,1,98,CreditCard,Bologna,1,DHL,2,8
255,1255,2024-12-29,57.0,F,Gold,Libri,Manuale,40,1,40,PayPal,Roma,0,GLS,3,6
256,1256,2024-11-15,22.0,M,Basic,Casa,Lampada,27,1,27,PayPal,Torino,1,Poste,6,1
257,1257,2024-07-31,27.0,F,Silver,Casa,Lampada,75,2,150,PayPal,Milano,1,GLS,3,2
258,1258,2024-12-28,39.0,F,Silver,Abbigliamento,T-shirt,119,1,119,BankTransfer,Torino,0,DHL,3,0
259,1259,2024-01-09,,F,Basic,Libri,Enciclopedia,14,2,28,PayPal,Milano,1,DHL,2,7
260,1260,2024-01-29,32.0,M,Basic,Casa,Tappeto,77,1,77,Cash,Roma,0,GLS,2,3
261,1261,2024-01-03,51.0,F,Gold,Elettronica,Tablet,410,1,410,BankTransfer,Roma,0,DHL,2,0
262,1262,2024-10-12,53.0,M,Basic,Abbigliamento,Scarpe,46,4,184,CreditCard,Milano,1,GLS,5,11
263,1263,2024-01-10,44.0,F,Basic,Casa,Lampada,108,1,108,BankTransfer,Milano,0,GLS,3,5
264,1264,2024-02-16,18.0,M,Silver,Abbigliamento,T-shirt,75,1,75,Cash,Milano,1,Poste,5,2
265,1265,2024-02-07,37.0,F,Silver,Elettronica,Tablet,513,3,1539,PayPal,Milano,0,GLS,3,8
266,1266,2024-01-11,54.0,F,Gold,Libri,Manuale,40,3,120,PayPal,Milano,1,BRT,3,11
267,1267,2024-02-28,50.0,F,Gold,Casa,Lampada,133,4,532,Cash,Milano,0,GLS,4,4
268,1268,2024-07-26,,M,Basic,Elettronica,Smartwatch,788,5,3940,Cash,Roma,1,BRT,3,16
269,1269,2024-02-28,18.0,F,Basic,Libri,Enciclopedia,39,2,78,CreditCard,Torino,0,DHL,3,6
270,1270,2024-12-31,,M,Basic,Casa,Pentola,52,2,104,Cash,Torino,0,GLS,3,9
271,1271,2024-04-15,47.0,M,Silver,Elettronica,Cuffie,478,2,956,Cash,Bologna,0,BRT,4,3
272,1272,2024-06-04,39.0,F,Silver,Elettronica,Tablet,328,2,656,CreditCard,Roma,0,DHL,2,4
273,1273,2024-06-17,40.0,M,Silver,Casa,Cuscino,146,1,146,Cash,Napoli,0,DHL,2,0
274,1274,2024-07-14,,F,Basic,Abbigliamento,T-shirt,145,1,145,CreditCard,Milano,0,Poste,3,3
275,1275,2024-03-12,32.0,M,Silver,Casa,Pentola,135,4,540,BankTransfer,Napoli,1,GLS,3,10
276,1276,2024-09-02,,M,Basic,Libri,Manuale,47,1,47,BankTransfer,Napoli,0,GLS,4,2
277,1277,2024-01-06,45.0,M,Silver,Libri,Romanzo,10,1,10,Cash,Napoli,1,BRT,4,13
278,1278,2024-12-21,19.0,M,Silver,Elettronica,Tablet,327,2,654,CreditCard,Roma,0,BRT,7,9
279,1279,2024-08-19,59.0,M,Gold,Elettronica,Tablet,679,1,679,CreditCard,Milano,0,BRT,3,1
280,1280,2024-10-11,56.0,M,Gold,Libri,Guida,41,3,123,Cash,Torino,0,GLS,4,6
281,1281,2024-07-21,50.0,M,Silver,Libri,Manuale,13,2,26,CreditCard,Napoli,0,Poste,5,8
282,1282,2024-02-09,18.0,M,Basic,Sport,Borraccia,66,2,132,PayPal,Milano,1,BRT,6,12
283,1283,2024-10-28,29.0,F,Basic,Casa,Lampada,91,3,273,PayPal,Roma,1,BRT,4,15
284,1284,2024-08-11,48.0,M,Silver,Casa,Tappeto,81,1,81,CreditCard,Milano,0,Poste,4,0
285,1285,2024-10-29,39.0,M,Basic,Libri,Enciclopedia,38,2,76,Cash,Roma,0,DHL,2,3
286,1286,2024-05-24,43.0,F,Gold,Elettronica,Smartphone,540,3,1620,PayPal,Roma,0,DHL,3,5
287,1287,2024-12-23,75.0,F,Silver,Casa,Pentola,20,2,40,PayPal,Milano,0,Poste,4,3
288,1288,2024-05-19,26.0,F,Basic,Casa,Cuscino,37,4,148,PayPal,Milano,1,DHL,2,10
289,1289,2024-08-07,18.0,F,Basic,Casa,Coperta,31,2,62,BankTransfer,Roma,0,GLS,5,12
290,1290,2024-02-06,42.0,F,Silver,Libri,Enciclopedia,13,1,13,PayPal,Bologna,1,Poste,5,6
291,1291,2024-09-07,28.0,F,Silver,Libri,Guida,16,3,48,PayPal,Roma,0,GLS,2,12
292,1292,2024-06-06,,F,Silver,Sport,Tappetino Yoga,31,1,31,PayPal,Torino,0,GLS,3,1
293,1293,2024-05-05,26.0,F,Basic,Libri,Guida,8,2,16,BankTransfer,Roma,0,DHL,2,10
294,1294,2024-04-26,71.0,F,Gold,Casa,Lampada,89,1,89,BankTransfer,Roma,0,GLS,3,0
295,1295,2024-03-10,36.0,M,Basic,Libri,Fumetto,9,3,27,CreditCard,Milano,0,Poste,6,9
296,1296,2024-09-11,31.0,M,Silver,Libri,Romanzo,48,1,48,Cash,Roma,0,GLS,3,0
297,1297,2024-02-16,36.0,F,Basic,Sport,Pallone,145,2,290,CreditCard,Napoli,0,BRT,3,4
298,1298,2024-05-25,51.0,M,Silver,Casa,Cuscino,113,4,452,CreditCard,Milano,0,BRT,1,11
299,1299,2024-06-17,39.0,F,Silver,Casa,Pentola,68,2,136,CreditCard,Roma,0,GLS,3,2
300,1300,2024-05-29,18.0,M,Basic,Elettronica,Smartphone,130,1,130,Cash,Bologna,0,Poste,6,6
301,1301,2024-11-13,38.0,M,Gold,Libri,Manuale,50,1,50,PayPal,Roma,0,Poste,9,0
302,1302,2024-05-26,49.0,M,Silver,Abbigliamento,Jeans,172,3,516,PayPal,Roma,1,BRT,1,12
303,1303,2024-09-30,39.0,M,Basic,Elettronica,Tablet,716,4,2864,BankTransfer,Napoli,1,BRT,1,13
304,1304,2024-04-21,49.0,M,Silver,Abbigliamento,Giacca,174,2,348,CreditCard,Bologna,1,GLS,4,11
305,1305,2024-02-21,36.0,M,Silver,Libri,Romanzo,27,1,27,PayPal,Torino,1,BRT,2,0
306,1306,2024-09-18,37.0,F,Basic,Elettronica,Smartphone,124,1,124,CreditCard,Torino,0,BRT,1,0
307,1307,2024-05-11,45.0,M,Basic,Casa,Tappeto,76,2,152,CreditCard,Milano,1,GLS,3,7
308,1308,2024-02-27,53.0,F,Gold,Elettronica,Tablet,352,2,704,PayPal,Napoli,0,GLS,4,0
309,1309,2024-06-27,,M,Basic,Libri,Manuale,28,5,140,CreditCard,Torino,0,GLS,4,15
310,1310,2024-06-29,37.0,M,Silver,Elettronica,Tablet,665,1,665,PayPal,Bologna,0,BRT,3,9
311,1311,2024-01-18,37.0,M,Basic,Elettronica,Cuffie,753,1,753,Cash,Milano,0,BRT,4,2
312,1312,2024-06-03,27.0,M,Basic,Elettronica,Cuffie,373,1,373,Cash,Roma,0,Poste,10,8
313,1313,2024-03-19,22.0,M,Basic,Sport,Pallone,176,3,528,Cash,Torino,0,GLS,4,14
314,1314,2024-07-27,29.0,F,Basic,Sport,Tappetino Yoga,59,2,118,CreditCard,Napoli,1,DHL,2,4
315,1315,2024-12-04,47.0,M,Basic,Libri,Enciclopedia,45,3,135,PayPal,Napoli,1,DHL,2,8
316,1316,2024-09-15,32.0,F,Silver,Libri,Guida,50,2,100,PayPal,Roma,0,BRT,5,5
317,1317,2024-05-15,,M,Silver,Sport,Pallone,106,1,106,CreditCard,Napoli,0,GLS,3,9
318,1318,2024-07-22,40.0,M,Silver,Casa,Lampada,73,4,292,CreditCard,Torino,0,GLS,4,9
319,1319,2024-05-16,19.0,M,Basic,Elettronica,Smartwatch,449,1,449,CreditCard,Napoli,1,BRT,4,3
320,1320,2024-11-16,54.0,M,Gold,Libri,Fumetto,42,3,126,CreditCard,Bologna,1,BRT,3,10
321,1321,2024-07-17,31.0,F,Basic,Sport,Manubri,41,1,41,BankTransfer,Milano,0,Poste,6,8
322,1322,2024-07-27,41.0,M,Gold,Casa,Lampada,26,2,52,PayPal,Milano,0,Poste,3,6
323,1323,2024-10-13,39.0,M,Basic,Casa,Coperta,104,5,520,BankTransfer,Roma,1,GLS,4,13
324,1324,2024-04-30,38.0,M,Basic,Abbigliamento,Scarpe,179,2,358,PayPal,Roma,0,Poste,5,5
325,1325,2024-01-22,65.0,F,Silver,Sport,Borraccia,148,4,592,BankTransfer,Bologna,0,GLS,3,11
326,1326,2024-04-24,26.0,F,Silver,Elettronica,Tablet,57,1,57,PayPal,Roma,0,Poste,7,5
327,1327,2024-03-13,,F,Silver,Libri,Romanzo,25,3,75,PayPal,Bologna,1,BRT,3,6
328,1328,2024-02-25,38.0,M,Basic,Casa,Pentola,102,1,102,CreditCard,Roma,0,GLS,3,0
329,1329,2024-06-26,25.0,F,Basic,Elettronica,Smartphone,677,2,1354,PayPal,Torino,0,DHL,2,6
330,1330,2024-09-21,37.0,F,Basic,Libri,Romanzo,24,3,72,CreditCard,Bologna,1,Poste,4,6
331,1331,2024-08-16,49.0,M,Gold,Sport,Scarpe Running,72,1,72,BankTransfer,Napoli,0,BRT,4,3
332,1332,2024-02-20,32.0,M,Silver,Libri,Fumetto,39,5,195,PayPal,Torino,1,DHL,2,14
333,1333,2024-09-21,26.0,F,Basic,Libri,Manuale,36,2,72,BankTransfer,Torino,0,GLS,3,8
334,1334,2024-03-03,40.0,M,Basic,Abbigliamento,Maglione,171,1,171,BankTransfer,Roma,1,Poste,6,3
335,1335,2024-10-21,53.0,M,Gold,Libri,Guida,31,1,31,CreditCard,Bologna,0,Poste,4,0
336,1336,2024-07-05,37.0,M,Basic,Libri,Guida,20,5,100,PayPal,Torino,0,GLS,5,15
337,1337,2024-06-04,18.0,F,Silver,Libri,Enciclopedia,17,2,34,Cash,Bologna,0,Poste,1,6
338,1338,2024-02-29,18.0,F,Basic,Libri,Manuale,17,1,17,PayPal,Roma,0,GLS,4,2
339,1339,2024-09-24,26.0,M,Silver,Casa,Lampada,40,3,120,PayPal,Milano,1,DHL,3,0
340,1340,2024-12-04,30.0,M,Basic,Abbigliamento,Scarpe,118,1,118,BankTransfer,Roma,0,DHL,2,0
341,1341,2024-10-23,38.0,F,Basic,Elettronica,Cuffie,141,5,705,CreditCard,Bologna,0,DHL,1,13
342,1342,2024-11-27,48.0,M,Basic,Libri,Enciclopedia,32,1,32,CreditCard,Napoli,0,DHL,2,10
343,1343,2024-01-24,31.0,M,Silver,Elettronica,Tablet,457,3,1371,Cash,Napoli,0,BRT,1,5
344,1344,2024-08-07,21.0,F,Silver,Abbigliamento,Scarpe,100,3,300,PayPal,Torino,1,GLS,3,9
345,1345,2024-03-29,,M,Gold,Libri,Manuale,36,1,36,BankTransfer,Roma,0,Poste,5,0
346,1346,2024-12-21,42.0,F,Basic,Elettronica,Tablet,632,1,632,PayPal,Milano,0,GLS,3,0
347,1347,2024-11-26,55.0,M,Gold,Elettronica,Tablet,576,5,2880,CreditCard,Roma,0,GLS,5,12
348,1348,2024-11-06,,M,Gold,Elettronica,Smartwatch,408,2,816,PayPal,Torino,0,BRT,5,0
349,1349,2024-02-15,,F,Basic,Casa,Lampada,32,2,64,CreditCard,Milano,0,BRT,5,12
350,1350,2024-10-10,58.0,F,Silver,Elettronica,Laptop,69,4,276,Cash,Roma,0,Poste,4,18
351,1351,2024-10-13,,F,Basic,Abbigliamento,Maglione,89,4,356,CreditCard,Bologna,0,BRT,2,15
352,1352,2024-12-11,26.0,M,Basic,Libri,Manuale,44,1,44,PayPal,Bologna,0,Poste,3,2
353,1353,2024-04-04,49.0,M,Basic,Abbigliamento,Scarpe,159,3,477,PayPal,Napoli,0,BRT,2,14
354,1354,2024-01-30,25.0,M,Silver,Libri,Manuale,30,1,30,PayPal,Torino,0,GLS,4,3
355,1355,2024-10-21,31.0,F,Basic,Libri,Romanzo,39,1,39,PayPal,Roma,0,BRT,4,3
356,1356,2024-02-27,56.0,F,Gold,Sport,Pallone,42,1,42,BankTransfer,Milano,0,Poste,9,0
357,1357,2024-02-05,34.0,M,Silver,Sport,Pallone,25,2,50,CreditCard,Roma,0,BRT,1,9
358,1358,2024-04-02,50.0,M,Silver,Libri,Guida,24,5,120,Cash,Milano,0,GLS,5,17
359,1359,2024-08-04,34.0,F,Basic,Sport,Tappetino Yoga,95,1,95,Cash,Milano,0,BRT,5,0
360,1360,2024-11-10,18.0,M,Basic,Abbigliamento,Giacca,154,2,308,PayPal,Napoli,0,GLS,3,11
361,1361,2024-07-24,25.0,M,Silver,Abbigliamento,Giacca,112,3,336,CreditCard,Roma,1,Poste,5,5
362,1362,2024-01-29,22.0,M,Basic,Elettronica,Tablet,94,2,188,BankTransfer,Milano,1,BRT,4,7
363,1363,2024-06-02,31.0,F,Basic,Casa,Tappeto,26,2,52,PayPal,Milano,1,Poste,6,7
364,1364,2024-08-30,,M,Basic,Casa,Tappeto,45,1,45,PayPal,Bologna,0,Poste,6,11
365,1365,2024-07-10,,M,Basic,Elettronica,Laptop,526,1,526,BankTransfer,Roma,0,DHL,3,0
366,1366,2024-06-06,34.0,M,Basic,Abbigliamento,Scarpe,143,1,143,CreditCard,Milano,0,GLS,3,2
367,1367,2024-11-29,66.0,F,Silver,Casa,Pentola,111,1,111,CreditCard,Roma,0,DHL,2,1
368,1368,2024-11-08,18.0,F,Silver,Sport,Pallone,131,2,262,CreditCard,Roma,1,BRT,1,6
369,1369,2024-05-11,,M,Basic,Libri,Manuale,16,1,16,PayPal,Milano,1,DHL,2,1
370,1370,2024-03-10,43.0,F,Silver,Abbigliamento,Jeans,169,4,676,CreditCard,Napoli,1,BRT,2,12
371,1371,2024-09-17,62.0,F,Silver,Sport,Tappetino Yoga,114,2,228,Cash,Torino,0,GLS,1,0
372,1372,2024-05-11,39.0,F,Basic,Casa,Coperta,72,3,216,PayPal,Roma,0,BRT,6,10
373,1373,2024-04-12,57.0,M,Gold,Sport,Tappetino Yoga,155,3,465,Cash,Milano,1,Poste,6,7
374,1374,2024-07-17,18.0,F,Basic,Elettronica,Smartwatch,290,5,1450,CreditCard,Milano,0,GLS,2,4
375,1375,2024-02-20,,M,Basic,Casa,Lampada,15,1,15,Cash,Milano,1,DHL,2,0
376,1376,2024-04-14,28.0,F,Basic,Sport,Manubri,170,3,510,CreditCard,Torino,0,BRT,4,13
377,1377,2024-12-16,34.0,M,Basic,Libri,Enciclopedia,19,1,19,PayPal,Napoli,1,DHL,1,7
378,1378,2024-01-21,21.0,M,Silver,Elettronica,Smartphone,647,2,1294,BankTransfer,Roma,0,GLS,3,17
379,1379,2024-10-07,,M,Basic,Libri,Fumetto,42,4,168,PayPal,Napoli,1,BRT,3,9
380,1380,2024-02-21,65.0,F,Basic,Sport,Manubri,134,2,268,PayPal,Bologna,0,Poste,4,0
381,1381,2024-10-07,74.0,F,Silver,Abbigliamento,Maglione,150,1,150,PayPal,Milano,0,BRT,4,7
382,1382,2024-08-06,22.0,M,Silver,Abbigliamento,Giacca,43,2,86,CreditCard,Torino,0,GLS,3,3
383,1383,2024-12-09,45.0,M,Basic,Elettronica,Smartwatch,587,1,587,CreditCard,Roma,0,GLS,6,6
384,1384,2024-06-11,59.0,F,Gold,Abbigliamento,Scarpe,56,4,224,PayPal,Napoli,0,BRT,2,16
385,1385,2024-12-06,35.0,F,Basic,Abbigliamento,T-shirt,34,1,34,PayPal,Bologna,0,GLS,2,0
386,1386,2024-06-10,35.0,M,Basic,Libri,Guida,24,4,96,CreditCard,Torino,0,BRT,4,19
387,1387,2024-06-22,33.0,F,Basic,Libri,Guida,22,1,22,Cash,Roma,0,BRT,5,2
388,1388,2024-04-16,47.0,M,Basic,Libri,Enciclopedia,17,1,17,PayPal,Torino,0,DHL,1,7
389,1389,2024-05-24,,F,Silver,Casa,Pentola,20,2,40,PayPal,Roma,0,GLS,3,16
390,1390,2024-11-09,48.0,F,Silver,Elettronica,Tablet,761,1,761,PayPal,Roma,0,BRT,4,12
391,1391,2024-09-15,43.0,F,Silver,Sport,Borraccia,114,2,228,PayPal,Milano,0,Poste,8,3
392,1392,2024-09-27,,M,Silver,Abbigliamento,T-shirt,25,2,50,CreditCard,Napoli,1,GLS,4,9
393,1393,2024-02-03,45.0,M,Basic,Sport,Scarpe Running,178,4,712,BankTransfer,Napoli,0,GLS,4,11
394,1394,2024-08-31,30.0,F,Gold,Sport,Borraccia,39,3,117,CreditCard,Roma,1,GLS,2,6
395,1395,2024-03-11,34.0,F,Silver,Casa,Tappeto,144,1,144,Cash,Milano,1,GLS,2,5
396,1396,2024-07-13,54.0,F,Silver,Sport,Tappetino Yoga,140,3,420,CreditCard,Napoli,0,Poste,3,11
397,1397,2024-03-12,45.0,M,Silver,Abbigliamento,Scarpe,197,2,394,CreditCard,Napoli,0,BRT,3,10
398,1398,2024-10-07,42.0,M,Silver,Abbigliamento,T-shirt,123,1,123,PayPal,Roma,0,Poste,4,12
399,1399,2024-05-31,34.0,M,Basic,Sport,Borraccia,76,1,76,BankTransfer,Milano,0,GLS,4,0
400,1400,2024-09-27,52.0,F,Gold,Abbigliamento,Scarpe,18,1,18,BankTransfer,Milano,0,GLS,3,5
401,1401,2024-08-27,58.0,F,Silver,Abbigliamento,Jeans,100,2,200,BankTransfer,Milano,0,BRT,2,4
402,1402,2024-08-24,25.0,M,Basic,Sport,Borraccia,85,5,425,CreditCard,Milano,1,BRT,4,11
403,1403,2024-10-16,39.0,M,Silver,Abbigliamento,Scarpe,179,1,179,CreditCard,Torino,1,GLS,5,9
404,1404,2024-03-16,39.0,M,Basic,Libri,Guida,22,3,66,CreditCard,Milano,1,BRT,4,9
405,1405,2024-02-06,29.0,F,Basic,Libri,Fumetto,17,4,68,CreditCard,Roma,0,BRT,2,15
406,1406,2024-06-26,23.0,M,Basic,Elettronica,Laptop,357,3,1071,BankTransfer,Roma,0,Poste,3,13
407,1407,2024-01-20,38.0,M,Basic,Abbigliamento,Jeans,140,3,420,Cash,Milano,1,BRT,3,13
408,1408,2024-01-17,48.0,M,Silver,Abbigliamento,Scarpe,36,4,144,BankTransfer,Napoli,0,Poste,6,11
409,1409,2024-07-20,60.0,F,Basic,Elettronica,Laptop,440,1,440,BankTransfer,Bologna,1,BRT,1,1
410,1410,2024-08-11,18.0,M,Silver,Libri,Guida,16,1,16,Cash,Torino,0,Poste,4,3
411,1411,2024-12-18,27.0,M,Basic,Casa,Tappeto,92,1,92,CreditCard,Torino,1,BRT,3,8
412,1412,2024-01-17,33.0,F,Silver,Elettronica,Cuffie,704,2,1408,Cash,Roma,0,DHL,2,9
413,1413,2024-09-04,18.0,M,Basic,Elettronica,Laptop,236,1,236,CreditCard,Roma,0,DHL,2,0
414,1414,2024-09-08,27.0,F,Basic,Abbigliamento,T-shirt,166,1,166,CreditCard,Torino,1,Poste,5,0
415,1415,2024-03-14,26.0,M,Basic,Libri,Romanzo,27,1,27,BankTransfer,Roma,0,GLS,3,2
416,1416,2024-09-21,27.0,M,Silver,Casa,Cuscino,130,2,260,Cash,Roma,0,BRT,1,1
417,1417,2024-02-01,18.0,F,Basic,Casa,Lampada,116,1,116,CreditCard,Milano,0,Poste,6,8
418,1418,2024-03-02,41.0,F,Basic,Libri,Fumetto,44,2,88,PayPal,Bologna,0,GLS,4,11
419,1419,2024-08-07,,F,Basic,Sport,Scarpe Running,139,4,556,BankTransfer,Bologna,1,BRT,4,9
420,1420,2024-09-18,61.0,M,Gold,Abbigliamento,Giacca,90,1,90,CreditCard,Torino,1,GLS,4,3
421,1421,2024-11-16,50.0,M,Basic,Elettronica,Cuffie,771,1,771,PayPal,Roma,0,BRT,4,1
422,1422,2024-10-02,,M,Basic,Elettronica,Cuffie,249,1,249,BankTransfer,Torino,0,GLS,3,0
423,1423,2024-01-31,,M,Silver,Abbigliamento,Maglione,166,3,498,Cash,Torino,1,GLS,3,7
424,1424,2024-10-17,29.0,M,Basic,Casa,Coperta,120,5,600,BankTransfer,Torino,0,Poste,5,13
425,1425,2024-11-30,51.0,F,Silver,Casa,Pentola,44,1,44,PayPal,Roma,1,BRT,3,4
426,1426,2024-05-22,39.0,F,Gold,Sport,Tappetino Yoga,98,1,98,Cash,Roma,0,BRT,4,7
427,1427,2024-01-15,30.0,M,Silver,Sport,Pallone,24,1,24,BankTransfer,Roma,0,BRT,1,4
428,1428,2024-08-09,45.0,F,Silver,Sport,Tappetino Yoga,121,3,363,PayPal,Milano,0,BRT,4,4
429,1429,2024-04-03,40.0,M,Silver,Elettronica,Tablet,696,1,696,Cash,Roma,0,DHL,2,5
430,1430,2024-05-01,36.0,F,Basic,Libri,Manuale,12,1,12,CreditCard,Milano,0,DHL,2,4
431,1431,2024-09-01,68.0,M,Basic,Libri,Manuale,27,4,108,Cash,Napoli,1,GLS,3,14
432,1432,2024-11-05,30.0,M,Basic,Abbigliamento,T-shirt,38,3,114,CreditCard,Milano,1,BRT,1,11
433,1433,2024-04-07,31.0,F,Basic,Casa,Lampada,126,3,378,Cash,Torino,0,BRT,2,10
434,1434,2024-01-26,18.0,F,Silver,Casa,Pentola,137,4,548,BankTransfer,Milano,1,DHL,2,4
435,1435,2024-06-30,,F,Basic,Libri,Manuale,23,3,69,Cash,Milano,0,BRT,5,9
436,1436,2024-01-15,51.0,F,Silver,Sport,Pallone,121,1,121,PayPal,Roma,0,BRT,2,0
437,1437,2024-10-20,18.0,F,Basic,Abbigliamento,T-shirt,123,4,492,Cash,Milano,0,Poste,9,10
438,1438,2024-03-27,34.0,M,Basic,Elettronica,Laptop,653,3,1959,PayPal,Napoli,0,BRT,2,10
439,1439,2024-10-03,,M,Basic,Sport,Scarpe Running,39,1,39,Cash,Torino,0,GLS,3,10
440,1440,2024-12-15,60.0,F,Silver,Abbigliamento,Giacca,127,2,254,BankTransfer,Bologna,1,GLS,3,13
441,1441,2024-11-16,,M,Silver,Casa,Cuscino,56,3,168,CreditCard,Torino,0,Poste,2,5
442,1442,2024-03-15,43.0,M,Silver,Elettronica,Tablet,144,1,144,PayPal,Torino,0,GLS,3,1
443,1443,2024-07-17,59.0,F,Gold,Sport,Tappetino Yoga,76,3,228,PayPal,Bologna,0,Poste,4,11
444,1444,2024-02-09,25.0,M,Basic,Abbigliamento,Scarpe,58,2,116,PayPal,Bologna,1,GLS,4,9
445,1445,2024-03-20,52.0,F,Gold,Casa,Tappeto,39,4,156,PayPal,Bologna,0,BRT,3,15
446,1446,2024-06-08,29.0,F,Basic,Casa,Coperta,101,1,101,BankTransfer,Roma,0,BRT,3,5
447,1447,2024-04-25,43.0,M,Silver,Elettronica,Tablet,598,2,1196,CreditCard,Milano,1,Poste,4,13
448,1448,2024-11-02,34.0,F,Silver,Abbigliamento,Giacca,108,4,432,CreditCard,Milano,0,BRT,2,15
449,1449,2024-11-28,34.0,M,Basic,Casa,Tappeto,138,5,690,CreditCard,Torino,1,GLS,5,19
450,1450,2024-01-01,46.0,F,Basic,Libri,Fumetto,8,2,16,CreditCard,Napoli,1,GLS,4,3
451,1451,2024-09-20,18.0,M,Silver,Abbigliamento,Maglione,35,5,175,Cash,Torino,0,DHL,2,11
452,1452,2024-01-24,34.0,M,Basic,Sport,Tappetino Yoga,101,4,404,PayPal,Roma,1,BRT,4,13
453,1453,2024-11-28,41.0,M,Basic,Sport,Manubri,44,4,176,CreditCard,Milano,0,BRT,2,13
454,1454,2024-05-14,32.0,M,Basic,Sport,Scarpe Running,107,2,214,CreditCard,Milano,0,Poste,7,4
455,1455,2024-05-31,40.0,M,Gold,Sport,Pallone,40,2,80,CreditCard,Bologna,0,BRT,1,4
456,1456,2024-06-23,33.0,F,Silver,Libri,Romanzo,14,1,14,PayPal,Roma,1,BRT,4,7
457,1457,2024-06-03,62.0,F,Basic,Elettronica,Laptop,298,2,596,BankTransfer,Napoli,0,DHL,2,10
458,1458,2024-04-26,49.0,M,Basic,Elettronica,Smartwatch,91,5,455,PayPal,Bologna,1,Poste,8,16
459,1459,2024-12-14,,M,Basic,Abbigliamento,Maglione,20,1,20,Cash,Bologna,0,BRT,4,0
460,1460,2024-09-02,26.0,F,Silver,Abbigliamento,Jeans,57,1,57,Cash,Napoli,1,BRT,4,0
461,1461,2024-06-23,50.0,F,Basic,Libri,Enciclopedia,45,1,45,PayPal,Bologna,0,Poste,2,0
462,1462,2024-06-18,69.0,M,Gold,Elettronica,Tablet,248,2,496,Cash,Roma,0,GLS,3,7
463,1463,2024-08-20,43.0,F,Gold,Abbigliamento,Scarpe,34,1,34,BankTransfer,Bologna,0,DHL,3,5
464,1464,2024-04-04,22.0,F,Basic,Libri,Enciclopedia,17,3,51,PayPal,Roma,1,GLS,3,12
465,1465,2024-03-04,23.0,M,Basic,Libri,Guida,17,1,17,CreditCard,Roma,1,BRT,3,3
466,1466,2024-02-29,37.0,M,Basic,Casa,Pentola,36,1,36,BankTransfer,Milano,0,BRT,7,6
467,1467,2024-10-17,58.0,M,Gold,Libri,Romanzo,50,4,200,BankTransfer,Bologna,1,GLS,3,8
468,1468,2024-05-24,49.0,M,Basic,Abbigliamento,Maglione,152,1,152,CreditCard,Roma,1,Poste,2,5
469,1469,2024-01-01,18.0,F,Basic,Sport,Manubri,27,1,27,PayPal,Milano,0,BRT,2,4
470,1470,2024-10-13,27.0,M,Basic,Casa,Coperta,90,5,450,BankTransfer,Roma,1,GLS,3,12
471,1471,2024-11-10,38.0,M,Silver,Elettronica,Cuffie,517,3,1551,CreditCard,Napoli,1,GLS,4,10
472,1472,2024-04-01,18.0,M,Silver,Sport,Scarpe Running,117,1,117,BankTransfer,Bologna,0,Poste,3,0
473,1473,2024-12-09,48.0,F,Basic,Sport,Tappetino Yoga,91,1,91,CreditCard,Bologna,0,BRT,3,11
474,1474,2024-04-17,18.0,F,Silver,Abbigliamento,Giacca,168,4,672,BankTransfer,Roma,0,DHL,2,15
475,1475,2024-03-28,40.0,F,Basic,Libri,Manuale,30,2,60,CreditCard,Torino,1,BRT,3,7
476,1476,2024-06-03,,M,Silver,Casa,Pentola,98,2,196,CreditCard,Roma,1,Poste,7,4
477,1477,2024-02-28,31.0,F,Basic,Casa,Lampada,11,1,11,CreditCard,Milano,1,Poste,4,10
478,1478,2024-05-25,34.0,M,Silver,Casa,Cuscino,70,3,210,BankTransfer,Roma,0,DHL,2,10
479,1479,2024-04-02,43.0,F,Silver,Sport,Scarpe Running,95,1,95,CreditCard,Milano,0,BRT,4,7
480,1480,2024-08-21,44.0,F,Gold,Sport,Pallone,128,4,512,BankTransfer,Torino,0,Poste,4,11
481,1481,2024-01-31,35.0,M,Silver,Elettronica,Tablet,634,2,1268,PayPal,Torino,1,BRT,3,11
482,1482,2024-11-19,18.0,M,Basic,Casa,Lampada,30,2,60,CreditCard,Torino,0,GLS,3,3
483,1483,2024-12-27,18.0,F,Basic,Abbigliamento,Scarpe,98,5,490,PayPal,Torino,0,BRT,3,18
484,1484,2024-11-03,18.0,F,Basic,Libri,Romanzo,32,1,32,BankTransfer,Bologna,1,GLS,3,5
485,1485,2024-07-26,49.0,M,Silver,Sport,Manubri,23,3,69,PayPal,Napoli,0,BRT,3,8
486,1486,2024-06-26,34.0,F,Silver,Libri,Manuale,43,1,43,PayPal,Roma,0,DHL,2,5
487,1487,2024-03-22,42.0,F,Silver,Libri,Romanzo,27,1,27,Cash,Bologna,0,BRT,2,6
488,1488,2024-10-25,18.0,F,Silver,Elettronica,Smartphone,146,1,146,CreditCard,Milano,0,GLS,5,0
489,1489,2024-11-30,30.0,F,Basic,Casa,Cuscino,29,3,87,Cash,Torino,1,Poste,3,8
490,1490,2024-08-24,,M,Basic,Abbigliamento,T-shirt,145,1,145,CreditCard,Bologna,0,BRT,4,4
491,1491,2024-08-26,35.0,F,Silver,Libri,Guida,33,3,99,CreditCard,Torino,1,GLS,4,9
492,1492,2024-12-26,36.0,F,Basic,Sport,Borraccia,28,4,112,CreditCard,Bologna,0,GLS,3,7
493,1493,2024-04-19,37.0,M,Silver,Casa,Lampada,14,5,70,BankTransfer,Bologna,0,Poste,4,12
494,1494,2024-09-06,,F,Gold,Libri,Romanzo,17,1,17,CreditCard,Bologna,0,Poste,7,0
495,1495,2024-01-04,,F,Basic,Libri,Guida,18,4,72,CreditCard,Milano,1,Poste,8,12
496,1496,2024-04-20,48.0,M,Gold,Abbigliamento,Maglione,143,2,286,PayPal,Bologna,0,Poste,1,6
497,1497,2024-03-23,51.0,F,Gold,Libri,Enciclopedia,49,1,49,CreditCard,Torino,0,GLS,5,3
498,1498,2024-06-03,,F,Silver,Abbigliamento,Maglione,56,1,56,PayPal,Napoli,1,BRT,4,2
499,1499,2024-09-11,,M,Basic,Abbigliamento,Scarpe,54,3,162,CreditCard,Milano,1,BRT,2,7
500,1500,2024-07-16,38.0,F,Silver,Abbigliamento,T-shirt,190,1,190,Cash,Bologna,0,BRT,5,0
501,1501,2024-03-10,53.0,M,Gold,Elettronica,Tablet,110,4,440,PayPal,Roma,0,DHL,3,18
502,1502,2024-05-17,52.0,F,Gold,Abbigliamento,Jeans,43,1,43,BankTransfer,Torino,0,BRT,2,0
503,1503,2024-04-06,38.0,M,Basic,Abbigliamento,Scarpe,58,1,58,PayPal,Bologna,1,DHL,4,0
504,1504,2024-07-25,40.0,F,Silver,Abbigliamento,Jeans,51,4,204,PayPal,Milano,0,BRT,3,8
505,1505,2024-05-11,27.0,M,Basic,Casa,Tappeto,40,5,200,CreditCard,Roma,0,BRT,4,14
506,1506,2024-08-07,35.0,M,Basic,Casa,Cuscino,105,4,420,PayPal,Napoli,0,BRT,3,9
507,1507,2024-03-29,23.0,F,Basic,Elettronica,Cuffie,388,5,1940,CreditCard,Roma,0,GLS,3,17
508,1508,2024-03-22,23.0,F,Basic,Elettronica,Smartwatch,672,4,2688,CreditCard,Milano,0,BRT,5,16
509,1509,2024-11-13,20.0,M,Basic,Abbigliamento,Maglione,176,1,176,PayPal,Napoli,0,GLS,4,2
510,1510,2024-09-05,51.0,M,Basic,Casa,Lampada,71,3,213,PayPal,Milano,1,Poste,11,9
511,1511,2024-10-02,55.0,F,Gold,Sport,Manubri,24,2,48,PayPal,Roma,0,GLS,5,6
512,1512,2024-04-21,32.0,M,Basic,Casa,Cuscino,122,4,488,CreditCard,Roma,1,GLS,4,12
513,1513,2024-11-29,21.0,F,Basic,Casa,Lampada,149,1,149,PayPal,Milano,0,DHL,3,5
514,1514,2024-05-28,,F,Basic,Sport,Manubri,101,1,101,Cash,Torino,0,BRT,5,4
515,1515,2024-05-15,72.0,M,Silver,Abbigliamento,Giacca,51,3,153,CreditCard,Torino,0,GLS,4,9
516,1516,2024-11-15,69.0,F,Silver,Sport,Tappetino Yoga,36,3,108,PayPal,Napoli,0,DHL,3,9
517,1517,2024-08-13,18.0,M,Basic,Libri,Enciclopedia,13,1,13,CreditCard,Milano,0,GLS,3,6
518,1518,2024-06-15,33.0,M,Basic,Libri,Enciclopedia,28,3,84,CreditCard,Napoli,1,GLS,3,12
519,1519,2024-10-16,,F,Gold,Elettronica,Smartphone,404,2,808,BankTransfer,Milano,0,GLS,3,13
520,1520,2024-11-15,37.0,M,Silver,Sport,Borraccia,177,1,177,PayPal,Torino,1,BRT,4,1
521,1521,2024-11-10,62.0,F,Silver,Libri,Enciclopedia,48,1,48,BankTransfer,Milano,0,Poste,2,0
522,1522,2024-05-20,,M,Silver,Elettronica,Tablet,480,2,960,BankTransfer,Milano,0,DHL,2,10
523,1523,2024-04-19,,M,Basic,Libri,Guida,38,1,38,PayPal,Milano,0,DHL,3,0
524,1524,2024-10-08,41.0,F,Silver,Abbigliamento,T-shirt,73,5,365,CreditCard,Milano,1,GLS,5,16
525,1525,2024-07-22,75.0,M,Gold,Libri,Fumetto,14,1,14,PayPal,Milano,0,GLS,3,2
526,1526,2024-07-24,52.0,M,Gold,Libri,Enciclopedia,46,1,46,BankTransfer,Bologna,0,Poste,4,4
527,1527,2024-10-30,,F,Basic,Sport,Tappetino Yoga,131,3,393,BankTransfer,Bologna,1,DHL,3,13
528,1528,2024-04-08,29.0,F,Silver,Libri,Fumetto,46,2,92,PayPal,Bologna,0,DHL,2,6
529,1529,2024-01-06,44.0,F,Basic,Sport,Manubri,60,1,60,CreditCard,Bologna,1,BRT,5,0
530,1530,2024-06-11,18.0,M,Basic,Sport,Pallone,130,4,520,BankTransfer,Bologna,0,DHL,3,10
531,1531,2024-12-08,18.0,F,Basic,Libri,Guida,26,2,52,Cash,Roma,1,Poste,2,9
532,1532,2024-01-11,,M,Basic,Abbigliamento,T-shirt,116,1,116,CreditCard,Bologna,1,DHL,1,3
533,1533,2024-10-26,33.0,M,Basic,Abbigliamento,Jeans,53,2,106,CreditCard,Bologna,0,BRT,4,5
534,1534,2024-06-05,57.0,M,Gold,Casa,Tappeto,14,1,14,BankTransfer,Milano,1,DHL,3,2
535,1535,2024-06-08,34.0,F,Basic,Elettronica,Cuffie,89,1,89,BankTransfer,Napoli,0,Poste,6,0
536,1536,2024-05-06,40.0,F,Silver,Elettronica,Smartphone,485,1,485,BankTransfer,Roma,0,BRT,1,0
537,1537,2024-01-06,,M,Gold,Abbigliamento,Jeans,109,3,327,PayPal,Milano,0,GLS,3,10
538,1538,2024-10-10,27.0,M,Silver,Abbigliamento,Maglione,123,1,123,PayPal,Torino,0,BRT,3,7
539,1539,2024-09-18,58.0,M,Silver,Libri,Manuale,41,1,41,PayPal,Torino,0,Poste,6,4
540,1540,2024-11-10,22.0,F,Basic,Casa,Pentola,126,1,126,CreditCard,Napoli,0,GLS,4,3
541,1541,2024-12-27,35.0,F,Basic,Casa,Cuscino,66,2,132,CreditCard,Napoli,1,GLS,4,7
542,1542,2024-12-13,,M,Basic,Casa,Cuscino,68,2,136,BankTransfer,Roma,0,Poste,5,13
543,1543,2024-05-08,46.0,F,Basic,Abbigliamento,Giacca,162,1,162,CreditCard,Milano,1,Poste,2,0
544,1544,2024-10-22,62.0,M,Gold,Libri,Romanzo,9,1,9,BankTransfer,Napoli,1,BRT,4,8
545,1545,2024-11-11,46.0,F,Basic,Elettronica,Tablet,653,3,1959,PayPal,Milano,0,Poste,1,13
546,1546,2024-12-02,59.0,F,Silver,Libri,Enciclopedia,21,2,42,PayPal,Torino,1,GLS,2,7
547,1547,2024-10-26,49.0,M,Basic,Sport,Manubri,51,5,255,Cash,Roma,1,BRT,1,12
548,1548,2024-11-02,29.0,M,Basic,Libri,Enciclopedia,41,3,123,Cash,Napoli,1,BRT,1,9
549,1549,2024-10-30,39.0,F,Silver,Casa,Lampada,60,1,60,CreditCard,Milano,0,GLS,6,8
550,1550,2024-02-09,59.0,M,Gold,Abbigliamento,Maglione,107,2,214,PayPal,Napoli,1,DHL,2,8
551,1551,2024-12-24,18.0,M,Silver,Libri,Romanzo,16,1,16,PayPal,Bologna,0,DHL,1,4
552,1552,2024-06-06,43.0,M,Silver,Sport,Scarpe Running,136,1,136,CreditCard,Roma,0,BRT,5,1
553,1553,2024-07-04,36.0,F,Silver,Sport,Manubri,81,3,243,PayPal,Roma,1,GLS,3,9
554,1554,2024-09-17,51.0,M,Silver,Abbigliamento,T-shirt,186,1,186,PayPal,Torino,0,Poste,5,4
555,1555,2024-11-18,49.0,F,Basic,Elettronica,Cuffie,593,1,593,CreditCard,Milano,1,GLS,4,7
556,1556,2024-07-04,43.0,M,Basic,Libri,Enciclopedia,30,3,90,BankTransfer,Milano,1,DHL,2,14
557,1557,2024-03-29,60.0,M,Gold,Casa,Pentola,77,3,231,CreditCard,Torino,1,GLS,3,6
558,1558,2024-12-26,18.0,M,Basic,Abbigliamento,Giacca,71,1,71,BankTransfer,Napoli,1,BRT,1,1
559,1559,2024-02-25,52.0,M,Gold,Casa,Lampada,84,2,168,BankTransfer,Torino,1,GLS,3,1
560,1560,2024-01-12,18.0,F,Silver,Libri,Romanzo,14,3,42,PayPal,Milano,0,GLS,4,11
561,1561,2024-01-07,47.0,M,Silver,Casa,Pentola,130,1,130,Cash,Roma,0,DHL,2,0
562,1562,2024-06-01,39.0,M,Basic,Casa,Cuscino,87,2,174,Cash,Roma,1,GLS,3,3
563,1563,2024-06-02,,F,Gold,Sport,Borraccia,169,2,338,CreditCard,Roma,0,BRT,3,13
564,1564,2024-12-07,39.0,M,Basic,Libri,Enciclopedia,29,1,29,BankTransfer,Torino,0,Poste,3,9
565,1565,2024-06-20,,F,Basic,Libri,Guida,25,1,25,CreditCard,Torino,0,GLS,3,3
566,1566,2024-04-14,,M,Basic,Sport,Manubri,33,5,165,BankTransfer,Roma,0,GLS,3,11
567,1567,2024-12-12,46.0,M,Basic,Casa,Lampada,30,1,30,Cash,Torino,1,DHL,2,2
568,1568,2024-12-12,,F,Silver,Casa,Coperta,84,2,168,CreditCard,Roma,0,Poste,4,5
569,1569,2024-06-18,29.0,M,Gold,Elettronica,Cuffie,159,1,159,PayPal,Torino,0,Poste,3,2
570,1570,2024-12-26,33.0,M,Basic,Elettronica,Laptop,316,4,1264,CreditCard,Roma,1,DHL,3,3
571,1571,2024-10-16,28.0,M,Silver,Sport,Tappetino Yoga,146,5,730,CreditCard,Milano,1,Poste,6,14
572,1572,2024-03-13,36.0,F,Gold,Elettronica,Tablet,561,2,1122,CreditCard,Milano,0,DHL,2,7
573,1573,2024-05-21,24.0,F,Basic,Sport,Tappetino Yoga,28,2,56,Cash,Milano,0,GLS,4,7
574,1574,2024-01-16,18.0,M,Basic,Elettronica,Laptop,417,3,1251,CreditCard,Roma,1,GLS,4,4
575,1575,2024-03-10,,M,Silver,Elettronica,Cuffie,279,2,558,Cash,Bologna,0,BRT,3,4
576,1576,2024-03-27,54.0,M,Silver,Libri,Enciclopedia,27,1,27,PayPal,Napoli,0,BRT,4,5
577,1577,2024-05-25,66.0,M,Gold,Casa,Tappeto,112,5,560,BankTransfer,Torino,1,GLS,2,11
578,1578,2024-03-09,38.0,M,Basic,Casa,Cuscino,128,3,384,PayPal,Torino,1,BRT,1,8
579,1579,2024-01-06,,F,Gold,Sport,Tappetino Yoga,30,2,60,CreditCard,Bologna,0,BRT,3,6
580,1580,2024-02-19,52.0,F,Gold,Sport,Borraccia,124,1,124,PayPal,Torino,1,Poste,7,0
581,1581,2024-02-03,39.0,F,Basic,Casa,Coperta,56,1,56,BankTransfer,Roma,0,Poste,8,6
582,1582,2024-05-29,31.0,F,Basic,Libri,Fumetto,39,2,78,CreditCard,Roma,0,BRT,4,0
583,1583,2024-12-25,18.0,M,Silver,Libri,Fumetto,31,1,31,PayPal,Milano,0,BRT,2,5
584,1584,2024-06-12,19.0,M,Basic,Abbigliamento,T-shirt,143,1,143,PayPal,Milano,0,GLS,2,0
585,1585,2024-12-28,,M,Basic,Sport,Tappetino Yoga,103,2,206,CreditCard,Roma,0,GLS,4,5
586,1586,2024-03-20,18.0,F,Gold,Abbigliamento,T-shirt,194,4,776,CreditCard,Bologna,1,GLS,3,14
587,1587,2024-03-01,54.0,F,Silver,Libri,Fumetto,44,1,44,BankTransfer,Torino,1,BRT,4,2
588,1588,2024-11-17,18.0,M,Basic,Libri,Romanzo,17,1,17,PayPal,Napoli,0,DHL,2,2
589,1589,2024-10-16,35.0,F,Silver,Sport,Scarpe Running,120,2,240,Cash,Roma,0,BRT,2,4
590,1590,2024-08-13,,F,Basic,Casa,Tappeto,11,1,11,CreditCard,Torino,1,GLS,2,0
591,1591,2024-03-20,38.0,F,Silver,Sport,Pallone,47,3,141,PayPal,Bologna,0,GLS,2,6
592,1592,2024-07-10,40.0,F,Silver,Abbigliamento,Giacca,104,1,104,PayPal,Napoli,0,GLS,3,2
593,1593,2024-05-23,,F,Basic,Casa,Coperta,97,1,97,CreditCard,Torino,0,DHL,2,8
594,1594,2024-10-02,36.0,M,Basic,Abbigliamento,T-shirt,55,1,55,PayPal,Milano,0,BRT,3,5
595,1595,2024-10-06,34.0,M,Basic,Elettronica,Laptop,346,2,692,CreditCard,Roma,0,BRT,3,6
596,1596,2024-04-02,40.0,M,Basic,Casa,Lampada,58,1,58,CreditCard,Milano,0,BRT,4,3
597,1597,2024-05-06,31.0,F,Silver,Sport,Manubri,66,3,198,BankTransfer,Roma,0,Poste,1,10
598,1598,2024-12-18,61.0,M,Gold,Libri,Enciclopedia,43,1,43,PayPal,Milano,0,GLS,3,8
599,1599,2024-09-26,18.0,F,Basic,Elettronica,Tablet,415,2,830,PayPal,Milano,1,DHL,2,5
600,1600,2024-04-24,53.0,M,Silver,Elettronica,Smartphone,687,1,687,PayPal,Milano,0,BRT,6,7
601,1601,2024-12-17,34.0,F,Basic,Sport,Borraccia,157,1,157,PayPal,Napoli,0,GLS,3,4
602,1602,2024-09-23,,M,Basic,Sport,Manubri,127,3,381,BankTransfer,Bologna,1,Poste,1,3
603,1603,2024-01-12,53.0,M,Basic,Elettronica,Laptop,485,1,485,BankTransfer,Roma,0,GLS,2,0
604,1604,2024-06-20,51.0,M,Gold,Sport,Pallone,116,1,116,PayPal,Napoli,0,GLS,4,1
605,1605,2024-11-20,28.0,M,Basic,Libri,Guida,38,1,38,PayPal,Milano,0,Poste,1,6
606,1606,2024-11-18,61.0,F,Basic,Sport,Manubri,86,1,86,CreditCard,Milano,0,GLS,4,0
607,1607,2024-06-01,18.0,F,Silver,Casa,Pentola,60,1,60,CreditCard,Torino,0,DHL,2,0
608,1608,2024-09-22,51.0,M,Gold,Sport,Pallone,48,1,48,CreditCard,Roma,0,BRT,2,5
609,1609,2024-04-22,30.0,M,Silver,Elettronica,Tablet,719,1,719,CreditCard,Milano,0,GLS,3,8
610,1610,2024-11-02,18.0,F,Basic,Casa,Cuscino,53,2,106,CreditCard,Milano,0,GLS,4,3
611,1611,2024-05-23,18.0,M,Basic,Elettronica,Smartwatch,685,2,1370,PayPal,Milano,1,DHL,1,9
612,1612,2024-08-07,42.0,F,Silver,Libri,Manuale,48,2,96,PayPal,Bologna,0,BRT,6,0
613,1613,2024-09-26,71.0,F,Basic,Casa,Tappeto,116,3,348,PayPal,Napoli,1,Poste,1,11
614,1614,2024-10-07,42.0,F,Basic,Abbigliamento,Maglione,141,1,141,CreditCard,Roma,1,Poste,6,4
615,1615,2024-10-31,55.0,F,Gold,Abbigliamento,T-shirt,148,1,148,BankTransfer,Napoli,0,DHL,2,2
616,1616,2024-08-02,51.0,M,Gold,Sport,Manubri,87,2,174,BankTransfer,Milano,0,GLS,3,4
617,1617,2024-06-12,28.0,M,Silver,Elettronica,Smartwatch,111,1,111,CreditCard,Roma,1,GLS,2,2
618,1618,2024-01-20,52.0,F,Silver,Casa,Lampada,120,2,240,CreditCard,Roma,1,Poste,7,8
619,1619,2024-07-12,43.0,F,Silver,Elettronica,Cuffie,114,1,114,PayPal,Milano,0,BRT,3,1
620,1620,2024-10-12,41.0,F,Basic,Sport,Pallone,83,2,166,CreditCard,Roma,1,BRT,1,6
621,1621,2024-01-27,53.0,M,Basic,Abbigliamento,T-shirt,58,3,174,CreditCard,Roma,1,Poste,7,9
622,1622,2024-11-19,49.0,F,Silver,Elettronica,Laptop,306,2,612,CreditCard,Roma,0,Poste,2,7
623,1623,2024-10-03,29.0,F,Basic,Abbigliamento,Jeans,133,1,133,CreditCard,Bologna,1,Poste,5,0
624,1624,2024-09-24,44.0,F,Silver,Libri,Manuale,15,5,75,CreditCard,Milano,0,GLS,2,19
625,1625,2024-10-25,25.0,M,Basic,Abbigliamento,Jeans,17,2,34,CreditCard,Napoli,1,Poste,8,11
626,1626,2024-03-16,47.0,F,Basic,Casa,Pentola,150,3,450,Cash,Roma,1,Poste,3,10
627,1627,2024-04-26,32.0,M,Basic,Sport,Scarpe Running,50,1,50,PayPal,Torino,1,BRT,6,7
628,1628,2024-01-23,,M,Basic,Abbigliamento,Scarpe,90,2,180,PayPal,Torino,0,Poste,4,8
629,1629,2024-06-27,,M,Gold,Libri,Fumetto,46,1,46,PayPal,Bologna,0,DHL,2,8
630,1630,2024-08-04,34.0,M,Silver,Abbigliamento,T-shirt,158,2,316,PayPal,Milano,1,GLS,2,4
631,1631,2024-02-19,45.0,M,Gold,Sport,Pallone,155,2,310,CreditCard,Roma,0,BRT,4,7
632,1632,2024-09-30,47.0,M,Gold,Elettronica,Smartphone,529,3,1587,Cash,Torino,0,GLS,4,7
633,1633,2024-06-09,35.0,M,Silver,Sport,Tappetino Yoga,29,3,87,PayPal,Bologna,1,DHL,3,15
634,1634,2024-07-26,56.0,M,Silver,Sport,Borraccia,147,2,294,BankTransfer,Milano,0,GLS,4,11
635,1635,2024-07-01,59.0,F,Gold,Sport,Scarpe Running,134,2,268,CreditCard,Milano,0,DHL,2,10
636,1636,2024-11-11,28.0,F,Basic,Sport,Manubri,40,2,80,Cash,Roma,0,DHL,1,12
637,1637,2024-06-30,26.0,M,Basic,Abbigliamento,Jeans,142,2,284,PayPal,Torino,1,Poste,4,3
638,1638,2024-07-04,46.0,M,Gold,Abbigliamento,Giacca,170,3,510,CreditCard,Napoli,1,Poste,6,5
639,1639,2024-03-11,24.0,M,Basic,Sport,Tappetino Yoga,73,2,146,PayPal,Roma,0,BRT,6,5
640,1640,2024-08-27,31.0,F,Silver,Abbigliamento,Jeans,82,2,164,BankTransfer,Roma,1,BRT,4,10
641,1641,2024-03-29,50.0,M,Gold,Abbigliamento,Jeans,108,5,540,PayPal,Torino,0,Poste,6,20
642,1642,2024-08-24,29.0,M,Basic,Abbigliamento,T-shirt,52,1,52,Cash,Milano,0,GLS,3,1
643,1643,2024-08-30,18.0,F,Silver,Elettronica,Cuffie,109,2,218,Cash,Torino,1,BRT,2,5
644,1644,2024-11-07,48.0,M,Basic,Casa,Pentola,113,2,226,CreditCard,Milano,0,BRT,1,6
645,1645,2024-08-02,18.0,F,Basic,Sport,Tappetino Yoga,57,1,57,PayPal,Bologna,0,BRT,4,2
646,1646,2024-03-09,18.0,M,Silver,Abbigliamento,Scarpe,145,1,145,PayPal,Roma,1,GLS,4,0
647,1647,2024-04-28,18.0,M,Silver,Abbigliamento,Jeans,136,2,272,PayPal,Milano,0,DHL,2,7
648,1648,2024-04-15,50.0,M,Silver,Abbigliamento,Maglione,69,2,138,PayPal,Milano,1,GLS,3,5
649,1649,2024-09-09,42.0,F,Basic,Elettronica,Cuffie,609,1,609,PayPal,Torino,0,Poste,6,3
650,1650,2024-03-26,45.0,F,Silver,Sport,Scarpe Running,93,1,93,BankTransfer,Bologna,0,BRT,3,8
651,1651,2024-09-03,51.0,M,Gold,Libri,Romanzo,11,2,22,Cash,Bologna,0,Poste,3,4
652,1652,2024-01-07,37.0,F,Gold,Sport,Pallone,72,1,72,PayPal,Roma,1,DHL,2,3
653,1653,2024-12-28,21.0,M,Silver,Sport,Manubri,173,1,173,PayPal,Torino,0,GLS,3,0
654,1654,2024-07-09,46.0,M,Silver,Casa,Cuscino,115,3,345,BankTransfer,Napoli,0,GLS,3,9
655,1655,2024-05-15,58.0,F,Gold,Libri,Fumetto,41,2,82,PayPal,Bologna,0,DHL,1,1
656,1656,2024-01-11,18.0,M,Basic,Elettronica,Tablet,542,1,542,CreditCard,Roma,0,BRT,3,8
657,1657,2024-05-17,29.0,F,Silver,Elettronica,Tablet,635,1,635,CreditCard,Milano,1,DHL,2,1
658,1658,2024-04-06,,F,Basic,Abbigliamento,Jeans,128,1,128,Cash,Milano,0,DHL,3,5
659,1659,2024-12-06,19.0,F,Silver,Libri,Manuale,22,2,44,CreditCard,Napoli,1,DHL,4,9
660,1660,2024-06-01,48.0,M,Basic,Sport,Scarpe Running,49,2,98,BankTransfer,Bologna,0,DHL,1,4
661,1661,2024-09-28,29.0,M,Basic,Casa,Cuscino,21,2,42,CreditCard,Milano,0,GLS,4,5
662,1662,2024-06-26,57.0,F,Silver,Elettronica,Smartphone,699,1,699,CreditCard,Torino,0,Poste,3,4
663,1663,2024-10-24,39.0,F,Basic,Libri,Guida,46,1,46,BankTransfer,Torino,0,GLS,3,0
664,1664,2024-09-30,49.0,F,Gold,Libri,Enciclopedia,47,2,94,Cash,Roma,0,BRT,2,9
665,1665,2024-11-09,,M,Gold,Libri,Guida,48,5,240,CreditCard,Torino,1,DHL,2,14
666,1666,2024-05-15,42.0,M,Basic,Libri,Manuale,41,2,82,PayPal,Napoli,0,BRT,4,5
667,1667,2024-09-21,54.0,F,Silver,Elettronica,Tablet,336,1,336,BankTransfer,Milano,0,BRT,7,13
668,1668,2024-04-14,,M,Basic,Sport,Pallone,177,1,177,PayPal,Roma,0,DHL,2,4
669,1669,2024-01-10,18.0,M,Basic,Abbigliamento,Jeans,77,2,154,PayPal,Milano,1,DHL,2,9
670,1670,2024-01-05,38.0,F,Basic,Elettronica,Smartphone,535,1,535,PayPal,Torino,0,BRT,1,0
671,1671,2024-07-09,49.0,M,Basic,Abbigliamento,T-shirt,151,5,755,CreditCard,Torino,1,DHL,2,14
672,1672,2024-02-12,45.0,M,Basic,Libri,Fumetto,33,1,33,BankTransfer,Milano,1,Poste,5,6
673,1673,2024-12-19,35.0,M,Basic,Elettronica,Smartphone,208,1,208,PayPal,Napoli,0,Poste,1,4
674,1674,2024-04-06,20.0,M,Silver,Sport,Pallone,38,1,38,CreditCard,Torino,1,GLS,3,5
675,1675,2024-02-07,48.0,F,Silver,Elettronica,Cuffie,746,1,746,BankTransfer,Milano,0,GLS,3,3
676,1676,2024-05-13,24.0,M,Silver,Elettronica,Cuffie,282,2,564,PayPal,Torino,0,BRT,1,12
677,1677,2024-11-13,19.0,F,Basic,Sport,Pallone,52,1,52,PayPal,Milano,0,GLS,4,0
678,1678,2024-06-05,,M,Basic,Sport,Manubri,180,1,180,CreditCard,Milano,0,GLS,3,4
679,1679,2024-01-25,20.0,M,Basic,Sport,Tappetino Yoga,82,1,82,PayPal,Roma,1,BRT,3,5
680,1680,2024-12-06,,F,Basic,Abbigliamento,Giacca,79,1,79,BankTransfer,Bologna,0,BRT,2,5
681,1681,2024-02-19,38.0,M,Silver,Elettronica,Tablet,133,2,266,CreditCard,Bologna,0,BRT,2,9
682,1682,2024-12-11,18.0,F,Basic,Casa,Lampada,57,1,57,Cash,Milano,1,GLS,5,5
683,1683,2024-05-08,56.0,M,Basic,Sport,Tappetino Yoga,155,1,155,PayPal,Roma,0,Poste,4,4
684,1684,2024-01-16,29.0,M,Basic,Casa,Cuscino,81,2,162,CreditCard,Torino,1,GLS,2,2
685,1685,2024-06-27,,F,Basic,Casa,Cuscino,94,1,94,CreditCard,Napoli,1,GLS,3,4
686,1686,2024-04-19,31.0,F,Basic,Casa,Coperta,33,2,66,CreditCard,Milano,1,Poste,5,0
687,1687,2024-05-07,29.0,F,Basic,Libri,Fumetto,46,1,46,BankTransfer,Napoli,1,Poste,8,2
688,1688,2024-10-11,38.0,F,Basic,Elettronica,Laptop,169,1,169,CreditCard,Torino,0,GLS,4,4
689,1689,2024-02-16,,F,Gold,Casa,Lampada,145,2,290,Cash,Roma,0,GLS,4,0
690,1690,2024-01-07,33.0,M,Silver,Libri,Enciclopedia,9,1,9,Cash,Napoli,0,DHL,2,8
691,1691,2024-06-07,25.0,F,Silver,Abbigliamento,T-shirt,157,4,628,CreditCard,Milano,0,BRT,3,7
692,1692,2024-05-24,20.0,M,Basic,Sport,Manubri,80,2,160,CreditCard,Bologna,0,GLS,3,3
693,1693,2024-12-31,47.0,F,Gold,Casa,Lampada,135,1,135,CreditCard,Roma,0,Poste,9,5
694,1694,2024-10-23,26.0,F,Basic,Abbigliamento,Maglione,106,4,424,PayPal,Milano,1,GLS,3,14
695,1695,2024-03-06,18.0,M,Gold,Casa,Pentola,109,1,109,Cash,Roma,0,Poste,7,5
696,1696,2024-05-18,,M,Silver,Casa,Cuscino,119,4,476,BankTransfer,Torino,0,Poste,7,11
697,1697,2024-01-03,26.0,M,Basic,Casa,Pentola,107,2,214,PayPal,Torino,0,Poste,1,1
698,1698,2024-11-30,18.0,M,Silver,Sport,Tappetino Yoga,29,1,29,BankTransfer,Milano,0,GLS,4,4
699,1699,2024-07-19,34.0,F,Gold,Libri,Guida,40,5,200,PayPal,Napoli,1,Poste,3,13
700,1700,2024-09-11,41.0,F,Basic,Libri,Enciclopedia,30,3,90,CreditCard,Roma,0,Poste,1,6
701,1701,2024-06-09,42.0,F,Basic,Elettronica,Cuffie,291,1,291,CreditCard,Milano,0,GLS,3,4
702,1702,2024-11-24,44.0,M,Basic,Abbigliamento,Jeans,51,2,102,CreditCard,Torino,0,BRT,3,8
703,1703,2024-12-07,23.0,F,Basic,Libri,Enciclopedia,21,4,84,CreditCard,Torino,0,DHL,3,16
704,1704,2024-09-17,33.0,M,Basic,Elettronica,Smartwatch,130,2,260,CreditCard,Napoli,1,GLS,4,1
705,1705,2024-05-11,23.0,F,Basic,Libri,Romanzo,27,1,27,Cash,Torino,0,BRT,4,3
706,1706,2024-07-23,28.0,F,Basic,Abbigliamento,Maglione,25,1,25,PayPal,Napoli,1,BRT,3,3
707,1707,2024-03-16,20.0,F,Basic,Libri,Fumetto,47,1,47,Cash,Milano,1,GLS,3,5
708,1708,2024-04-21,21.0,F,Basic,Abbigliamento,T-shirt,113,4,452,CreditCard,Napoli,0,GLS,3,11
709,1709,2024-06-10,47.0,M,Silver,Sport,Pallone,161,2,322,BankTransfer,Roma,1,GLS,3,0
710,1710,2024-08-12,34.0,F,Basic,Elettronica,Smartphone,153,1,153,BankTransfer,Milano,0,GLS,3,0
711,1711,2024-10-13,34.0,M,Silver,Casa,Coperta,107,2,214,CreditCard,Milano,0,BRT,3,4
712,1712,2024-07-03,64.0,F,Silver,Libri,Manuale,36,2,72,PayPal,Bologna,0,DHL,1,3
713,1713,2024-01-14,37.0,M,Silver,Libri,Romanzo,44,2,88,BankTransfer,Roma,0,BRT,2,4
714,1714,2024-08-02,30.0,M,Basic,Libri,Manuale,38,4,152,CreditCard,Torino,1,DHL,1,12
715,1715,2024-05-27,49.0,M,Silver,Sport,Tappetino Yoga,168,1,168,Cash,Milano,0,BRT,5,4
716,1716,2024-07-13,,M,Basic,Sport,Borraccia,150,1,150,Cash,Roma,0,GLS,3,3
717,1717,2024-12-11,,M,Basic,Casa,Cuscino,55,3,165,PayPal,Napoli,0,Poste,7,10
718,1718,2024-05-19,,M,Silver,Sport,Scarpe Running,41,1,41,Cash,Milano,0,Poste,5,3
719,1719,2024-01-19,29.0,M,Silver,Libri,Romanzo,32,1,32,PayPal,Torino,0,Poste,2,2
720,1720,2024-12-11,20.0,F,Silver,Abbigliamento,Scarpe,81,4,324,CreditCard,Bologna,0,BRT,4,6
721,1721,2024-04-11,,M,Basic,Elettronica,Smartwatch,494,1,494,BankTransfer,Roma,0,DHL,1,5
722,1722,2024-10-25,60.0,M,Silver,Libri,Manuale,38,1,38,BankTransfer,Torino,0,GLS,4,4
723,1723,2024-05-24,33.0,M,Basic,Casa,Coperta,107,4,428,BankTransfer,Milano,1,DHL,2,9
724,1724,2024-07-14,,F,Silver,Abbigliamento,Jeans,49,4,196,BankTransfer,Torino,1,DHL,3,11
725,1725,2024-03-03,43.0,M,Gold,Sport,Borraccia,102,1,102,CreditCard,Napoli,0,Poste,8,1
726,1726,2024-10-10,59.0,F,Gold,Elettronica,Laptop,621,2,1242,Cash,Torino,0,Poste,1,4
727,1727,2024-04-30,48.0,M,Basic,Casa,Cuscino,137,3,411,Cash,Torino,0,DHL,1,9
728,1728,2024-04-23,22.0,F,Basic,Elettronica,Cuffie,387,1,387,PayPal,Torino,0,Poste,1,7
729,1729,2024-09-23,28.0,F,Basic,Libri,Romanzo,12,5,60,PayPal,Torino,1,GLS,3,16
730,1730,2024-08-10,27.0,M,Silver,Sport,Pallone,58,5,290,Cash,Torino,1,GLS,3,7
731,1731,2024-01-06,40.0,M,Gold,Abbigliamento,T-shirt,127,2,254,BankTransfer,Milano,0,GLS,3,3
732,1732,2024-03-29,,M,Basic,Casa,Lampada,51,2,102,Cash,Torino,0,GLS,4,7
733,1733,2024-04-12,44.0,F,Silver,Libri,Manuale,10,1,10,PayPal,Roma,1,GLS,3,3
734,1734,2024-11-18,28.0,F,Silver,Abbigliamento,Maglione,187,1,187,CreditCard,Torino,0,BRT,3,1
735,1735,2024-07-19,,F,Gold,Sport,Borraccia,22,1,22,BankTransfer,Milano,0,BRT,1,2
736,1736,2024-02-18,,M,Basic,Abbigliamento,Maglione,136,2,272,BankTransfer,Milano,0,GLS,4,5
737,1737,2024-09-02,37.0,F,Basic,Sport,Manubri,146,4,584,CreditCard,Milano,0,BRT,3,7
738,1738,2024-01-24,28.0,F,Basic,Abbigliamento,Giacca,48,2,96,PayPal,Torino,0,Poste,4,2
739,1739,2024-03-24,,F,Silver,Elettronica,Laptop,341,4,1364,BankTransfer,Roma,0,DHL,3,8
740,1740,2024-06-12,,F,Gold,Abbigliamento,Scarpe,123,2,246,CreditCard,Bologna,0,BRT,3,7
741,1741,2024-08-08,24.0,F,Silver,Elettronica,Laptop,489,3,1467,PayPal,Bologna,1,Poste,7,12
742,1742,2024-11-29,64.0,M,Basic,Elettronica,Tablet,396,1,396,PayPal,Roma,0,GLS,3,5
743,1743,2024-11-11,,M,Basic,Elettronica,Smartphone,442,1,442,PayPal,Roma,0,Poste,8,3
744,1744,2024-11-30,18.0,M,Silver,Libri,Guida,48,2,96,BankTransfer,Torino,0,BRT,1,15
745,1745,2024-04-29,,F,Silver,Abbigliamento,Jeans,55,2,110,CreditCard,Bologna,0,GLS,4,5
746,1746,2024-10-12,,F,Silver,Sport,Tappetino Yoga,140,2,280,CreditCard,Torino,0,GLS,3,1
747,1747,2024-10-11,30.0,M,Basic,Libri,Enciclopedia,48,1,48,CreditCard,Torino,1,Poste,5,0
748,1748,2024-07-12,,M,Basic,Elettronica,Laptop,604,2,1208,Cash,Bologna,0,BRT,2,12
749,1749,2024-09-08,42.0,M,Gold,Libri,Fumetto,10,1,10,BankTransfer,Bologna,0,GLS,3,3
750,1750,2024-04-03,31.0,M,Silver,Casa,Lampada,132,2,264,PayPal,Torino,0,DHL,2,5
751,1751,2024-10-02,18.0,M,Silver,Libri,Romanzo,38,1,38,CreditCard,Milano,0,Poste,6,2
752,1752,2024-10-26,18.0,F,Basic,Libri,Guida,32,1,32,Cash,Torino,0,BRT,5,6
753,1753,2024-03-28,33.0,M,Gold,Elettronica,Tablet,144,3,432,CreditCard,Roma,0,DHL,3,11
754,1754,2024-09-12,41.0,F,Basic,Elettronica,Cuffie,662,1,662,PayPal,Torino,0,BRT,5,3
755,1755,2024-08-23,18.0,F,Basic,Elettronica,Cuffie,65,4,260,CreditCard,Bologna,1,BRT,2,8
756,1756,2024-03-20,42.0,M,Basic,Elettronica,Smartwatch,559,1,559,Cash,Roma,0,BRT,3,6
757,1757,2024-01-31,44.0,F,Basic,Elettronica,Laptop,144,2,288,BankTransfer,Milano,0,Poste,1,0
758,1758,2024-09-07,57.0,M,Silver,Casa,Pentola,109,2,218,BankTransfer,Napoli,1,Poste,4,4
759,1759,2024-10-24,,M,Basic,Sport,Tappetino Yoga,94,2,188,PayPal,Napoli,1,DHL,1,9
760,1760,2024-04-25,,M,Silver,Elettronica,Smartwatch,167,1,167,CreditCard,Torino,0,Poste,5,9
761,1761,2024-11-04,47.0,F,Basic,Casa,Pentola,138,2,276,BankTransfer,Napoli,1,DHL,2,11
762,1762,2024-08-24,38.0,M,Basic,Casa,Coperta,90,2,180,PayPal,Bologna,0,DHL,2,10
763,1763,2024-01-24,37.0,F,Basic,Elettronica,Tablet,132,3,396,CreditCard,Roma,1,GLS,4,13
764,1764,2024-07-14,40.0,F,Silver,Casa,Coperta,98,4,392,CreditCard,Roma,0,GLS,4,7
765,1765,2024-05-03,49.0,M,Basic,Sport,Scarpe Running,157,3,471,PayPal,Roma,1,DHL,2,2
766,1766,2024-06-25,32.0,F,Basic,Elettronica,Smartwatch,704,1,704,PayPal,Bologna,0,GLS,2,0
767,1767,2024-08-19,31.0,F,Basic,Libri,Fumetto,36,4,144,BankTransfer,Torino,1,BRT,3,9
768,1768,2024-08-14,25.0,M,Basic,Elettronica,Tablet,684,3,2052,PayPal,Torino,0,DHL,2,5
769,1769,2024-10-18,24.0,F,Basic,Casa,Tappeto,18,2,36,Cash,Torino,0,BRT,2,6
770,1770,2024-02-28,,F,Gold,Sport,Manubri,29,3,87,BankTransfer,Milano,0,GLS,4,17
771,1771,2024-05-17,61.0,M,Gold,Sport,Scarpe Running,174,1,174,PayPal,Roma,0,DHL,1,2
772,1772,2024-07-30,,M,Basic,Libri,Enciclopedia,40,2,80,PayPal,Milano,1,Poste,6,12
773,1773,2024-08-24,35.0,M,Basic,Libri,Enciclopedia,32,1,32,CreditCard,Torino,0,GLS,4,0
774,1774,2024-12-30,23.0,M,Basic,Casa,Coperta,39,1,39,CreditCard,Torino,0,GLS,2,4
775,1775,2024-12-16,52.0,F,Gold,Abbigliamento,Jeans,126,4,504,BankTransfer,Bologna,1,BRT,4,11
776,1776,2024-07-28,33.0,F,Basic,Casa,Tappeto,30,3,90,CreditCard,Torino,1,GLS,4,5
777,1777,2024-12-23,,M,Basic,Abbigliamento,Giacca,168,4,672,CreditCard,Roma,1,Poste,10,14
778,1778,2024-12-30,43.0,M,Silver,Elettronica,Laptop,316,2,632,CreditCard,Bologna,0,GLS,3,5
779,1779,2024-06-07,22.0,F,Basic,Casa,Lampada,146,2,292,CreditCard,Bologna,0,Poste,5,4
780,1780,2024-05-22,36.0,M,Basic,Sport,Pallone,115,2,230,CreditCard,Torino,1,DHL,1,6
781,1781,2024-01-01,35.0,F,Basic,Elettronica,Tablet,235,1,235,BankTransfer,Milano,0,GLS,3,4
782,1782,2024-10-09,48.0,M,Basic,Sport,Borraccia,147,1,147,CreditCard,Napoli,1,Poste,6,2
783,1783,2024-04-19,20.0,F,Silver,Casa,Coperta,129,1,129,CreditCard,Napoli,0,Poste,5,2
784,1784,2024-10-09,20.0,M,Gold,Libri,Fumetto,42,1,42,PayPal,Milano,0,GLS,1,0
785,1785,2024-03-02,49.0,M,Silver,Casa,Cuscino,90,3,270,Cash,Napoli,1,BRT,1,8
786,1786,2024-07-16,29.0,F,Gold,Libri,Enciclopedia,33,3,99,PayPal,Torino,1,Poste,10,7
787,1787,2024-05-19,28.0,F,Basic,Casa,Pentola,73,2,146,CreditCard,Roma,0,Poste,7,6
788,1788,2024-10-07,,F,Basic,Casa,Cuscino,86,4,344,CreditCard,Bologna,0,DHL,2,17
789,1789,2024-05-21,33.0,F,Basic,Elettronica,Laptop,612,1,612,BankTransfer,Milano,0,BRT,4,4
790,1790,2024-10-17,66.0,M,Gold,Elettronica,Smartphone,647,2,1294,BankTransfer,Bologna,0,GLS,3,9
791,1791,2024-11-15,42.0,F,Silver,Casa,Tappeto,36,2,72,CreditCard,Milano,0,BRT,4,3
792,1792,2024-11-08,40.0,F,Basic,Casa,Cuscino,95,1,95,PayPal,Torino,0,GLS,2,3
793,1793,2024-04-14,52.0,M,Gold,Sport,Tappetino Yoga,171,5,855,PayPal,Torino,0,GLS,3,13
794,1794,2024-01-23,,F,Silver,Casa,Pentola,98,2,196,BankTransfer,Torino,0,BRT,4,0
795,1795,2024-01-07,39.0,F,Basic,Elettronica,Smartphone,575,2,1150,CreditCard,Bologna,1,DHL,2,2
796,1796,2024-03-07,22.0,M,Basic,Sport,Pallone,121,4,484,CreditCard,Roma,1,Poste,8,10
797,1797,2024-04-21,,F,Basic,Sport,Borraccia,93,3,279,CreditCard,Bologna,1,GLS,2,9
798,1798,2024-04-25,20.0,M,Basic,Elettronica,Cuffie,444,2,888,BankTransfer,Roma,1,Poste,3,11
799,1799,2024-09-23,,M,Basic,Abbigliamento,Jeans,38,1,38,PayPal,Torino,0,BRT,1,0
800,1800,2024-04-11,23.0,F,Basic,Elettronica,Laptop,492,2,984,PayPal,Napoli,1,BRT,5,7
801,1801,2024-11-02,48.0,M,Basic,Elettronica,Laptop,209,2,418,CreditCard,Bologna,0,Poste,6,7
802,1802,2024-01-23,49.0,M,Gold,Abbigliamento,T-shirt,24,2,48,PayPal,Torino,0,Poste,8,0
803,1803,2024-05-30,41.0,M,Gold,Casa,Lampada,33,1,33,BankTransfer,Torino,0,Poste,1,7
804,1804,2024-12-20,35.0,M,Basic,Abbigliamento,Jeans,163,1,163,PayPal,Bologna,0,GLS,3,10
805,1805,2024-06-05,18.0,M,Basic,Sport,Manubri,157,3,471,PayPal,Torino,1,BRT,2,7
806,1806,2024-06-20,33.0,M,Silver,Libri,Fumetto,26,1,26,CreditCard,Bologna,0,GLS,3,7
807,1807,2024-10-11,31.0,M,Basic,Elettronica,Smartwatch,652,1,652,CreditCard,Milano,0,Poste,7,0
808,1808,2024-01-30,48.0,M,Silver,Casa,Cuscino,27,2,54,PayPal,Bologna,0,Poste,3,8
809,1809,2024-07-28,58.0,M,Basic,Casa,Cuscino,69,2,138,Cash,Torino,1,DHL,2,1
810,1810,2024-09-06,46.0,F,Silver,Elettronica,Smartwatch,526,1,526,CreditCard,Bologna,0,DHL,3,6
811,1811,2024-05-31,21.0,M,Basic,Libri,Romanzo,10,2,20,PayPal,Torino,1,BRT,5,12
812,1812,2024-11-20,63.0,F,Gold,Sport,Pallone,92,4,368,CreditCard,Milano,0,Poste,1,7
813,1813,2024-01-24,53.0,F,Gold,Sport,Tappetino Yoga,95,4,380,PayPal,Roma,0,DHL,2,7
814,1814,2024-10-13,41.0,F,Basic,Libri,Guida,38,1,38,BankTransfer,Bologna,1,BRT,2,10
815,1815,2024-02-15,18.0,F,Basic,Casa,Cuscino,144,1,144,CreditCard,Milano,1,BRT,3,9
816,1816,2024-02-24,24.0,M,Basic,Libri,Enciclopedia,14,1,14,Cash,Torino,0,BRT,4,11
817,1817,2024-07-23,37.0,F,Silver,Sport,Pallone,64,3,192,CreditCard,Roma,1,Poste,4,10
818,1818,2024-06-26,49.0,M,Gold,Elettronica,Smartphone,165,1,165,PayPal,Milano,0,Poste,7,8
819,1819,2024-10-22,20.0,F,Silver,Sport,Manubri,123,2,246,CreditCard,Napoli,1,BRT,5,3
820,1820,2024-10-26,75.0,M,Gold,Casa,Coperta,95,2,190,CreditCard,Napoli,1,DHL,2,9
821,1821,2024-09-17,,F,Basic,Sport,Scarpe Running,103,2,206,PayPal,Roma,0,BRT,3,11
822,1822,2024-01-27,,M,Silver,Casa,Lampada,57,1,57,CreditCard,Milano,1,Poste,8,9
823,1823,2024-02-29,,F,Basic,Casa,Lampada,106,1,106,Cash,Napoli,0,BRT,1,3
824,1824,2024-02-25,28.0,M,Silver,Casa,Lampada,131,2,262,CreditCard,Napoli,0,Poste,1,7
825,1825,2024-06-23,33.0,M,Basic,Casa,Pentola,80,4,320,Cash,Torino,1,BRT,1,17
826,1826,2024-05-05,49.0,M,Silver,Sport,Borraccia,85,3,255,Cash,Milano,0,GLS,3,14
827,1827,2024-04-24,25.0,F,Silver,Casa,Coperta,131,2,262,PayPal,Torino,0,BRT,1,3
828,1828,2024-08-03,,F,Basic,Abbigliamento,Giacca,134,2,268,PayPal,Roma,1,Poste,2,5
829,1829,2024-03-20,,F,Basic,Casa,Pentola,18,1,18,PayPal,Torino,0,DHL,3,6
830,1830,2024-01-26,38.0,M,Silver,Elettronica,Smartphone,111,3,333,PayPal,Torino,0,BRT,2,8
831,1831,2024-07-19,38.0,F,Basic,Libri,Fumetto,41,4,164,CreditCard,Torino,0,DHL,2,12
832,1832,2024-06-13,48.0,M,Silver,Sport,Tappetino Yoga,23,1,23,CreditCard,Bologna,1,GLS,4,0
833,1833,2024-11-26,38.0,M,Basic,Elettronica,Smartwatch,753,2,1506,BankTransfer,Roma,1,GLS,2,6
834,1834,2024-09-11,50.0,F,Silver,Abbigliamento,Scarpe,49,2,98,PayPal,Roma,1,BRT,2,9
835,1835,2024-09-19,,F,Basic,Libri,Fumetto,48,1,48,CreditCard,Torino,0,BRT,4,6
836,1836,2024-08-28,21.0,M,Silver,Abbigliamento,Jeans,141,1,141,BankTransfer,Roma,0,BRT,2,3
837,1837,2024-12-23,43.0,M,Basic,Casa,Pentola,12,3,36,BankTransfer,Napoli,1,DHL,3,8
838,1838,2024-12-09,33.0,M,Basic,Casa,Lampada,143,3,429,Cash,Milano,0,BRT,1,9
839,1839,2024-08-15,52.0,M,Gold,Libri,Guida,40,1,40,PayPal,Torino,0,GLS,4,8
840,1840,2024-07-11,23.0,F,Silver,Casa,Pentola,66,3,198,CreditCard,Torino,1,GLS,3,5
841,1841,2024-12-25,49.0,M,Basic,Casa,Lampada,144,2,288,PayPal,Napoli,1,GLS,4,2
842,1842,2024-01-24,,M,Silver,Elettronica,Smartwatch,564,2,1128,CreditCard,Bologna,0,GLS,4,4
843,1843,2024-03-13,21.0,M,Basic,Libri,Manuale,41,2,82,Cash,Roma,0,BRT,5,8
844,1844,2024-01-11,33.0,M,Silver,Libri,Guida,19,4,76,Cash,Milano,0,BRT,2,7
845,1845,2024-07-19,39.0,F,Gold,Sport,Borraccia,67,2,134,CreditCard,Milano,0,Poste,5,9
846,1846,2024-02-27,20.0,F,Basic,Sport,Pallone,144,1,144,Cash,Milano,1,DHL,2,0
847,1847,2024-05-24,,M,Basic,Casa,Pentola,79,2,158,CreditCard,Milano,0,GLS,2,2
848,1848,2024-01-31,19.0,F,Basic,Elettronica,Smartphone,580,2,1160,PayPal,Torino,0,GLS,5,4
849,1849,2024-02-27,,M,Basic,Elettronica,Tablet,701,4,2804,CreditCard,Milano,0,Poste,1,14
850,1850,2024-10-12,49.0,F,Basic,Abbigliamento,T-shirt,119,5,595,CreditCard,Torino,0,BRT,3,17
851,1851,2024-11-06,23.0,F,Basic,Casa,Pentola,111,1,111,Cash,Roma,1,GLS,4,0
852,1852,2024-08-15,46.0,M,Silver,Elettronica,Cuffie,799,1,799,CreditCard,Roma,0,DHL,2,15
853,1853,2024-06-16,34.0,F,Basic,Sport,Scarpe Running,89,4,356,BankTransfer,Torino,0,GLS,4,15
854,1854,2024-03-13,,F,Basic,Casa,Lampada,46,2,92,PayPal,Bologna,1,BRT,2,9
855,1855,2024-12-04,44.0,F,Basic,Libri,Romanzo,39,3,117,Cash,Milano,0,GLS,3,13
856,1856,2024-04-28,33.0,M,Basic,Elettronica,Tablet,388,1,388,CreditCard,Roma,0,GLS,3,0
857,1857,2024-11-27,51.0,M,Silver,Abbigliamento,Maglione,157,5,785,PayPal,Napoli,0,DHL,3,14
858,1858,2024-09-22,35.0,M,Silver,Elettronica,Smartwatch,120,2,240,PayPal,Roma,0,Poste,9,8
859,1859,2024-07-04,56.0,F,Silver,Casa,Coperta,15,1,15,CreditCard,Milano,0,BRT,1,1
860,1860,2024-05-15,30.0,M,Silver,Abbigliamento,Giacca,27,2,54,CreditCard,Milano,0,GLS,4,7
861,1861,2024-08-09,41.0,M,Basic,Casa,Cuscino,117,2,234,PayPal,Milano,0,GLS,4,8
862,1862,2024-03-08,44.0,F,Basic,Casa,Cuscino,100,2,200,PayPal,Milano,0,GLS,3,7
863,1863,2024-03-22,42.0,F,Silver,Elettronica,Laptop,161,5,805,PayPal,Napoli,1,BRT,5,11
864,1864,2024-06-05,41.0,M,Silver,Abbigliamento,Giacca,150,2,300,BankTransfer,Napoli,0,GLS,1,2
865,1865,2024-02-28,38.0,M,Gold,Elettronica,Smartwatch,730,1,730,PayPal,Roma,0,Poste,7,0
866,1866,2024-04-07,37.0,M,Basic,Elettronica,Smartphone,448,2,896,BankTransfer,Torino,1,BRT,3,12
867,1867,2024-02-14,,M,Basic,Sport,Tappetino Yoga,84,1,84,PayPal,Roma,0,Poste,4,4
868,1868,2024-09-01,52.0,M,Silver,Casa,Lampada,138,3,414,BankTransfer,Torino,1,BRT,3,13
869,1869,2024-11-18,29.0,F,Basic,Casa,Coperta,90,2,180,Cash,Torino,1,BRT,5,5
870,1870,2024-12-23,59.0,M,Basic,Casa,Tappeto,21,2,42,CreditCard,Torino,1,GLS,3,7
871,1871,2024-05-11,40.0,M,Silver,Libri,Enciclopedia,9,1,9,Cash,Roma,1,Poste,1,4
872,1872,2024-04-08,28.0,M,Basic,Abbigliamento,Scarpe,103,1,103,PayPal,Milano,1,GLS,2,8
873,1873,2024-04-28,,M,Basic,Casa,Lampada,84,2,168,Cash,Roma,0,GLS,3,8
874,1874,2024-03-05,36.0,F,Gold,Abbigliamento,Scarpe,34,1,34,PayPal,Roma,0,BRT,2,4
875,1875,2024-05-23,40.0,F,Silver,Libri,Guida,14,1,14,BankTransfer,Milano,0,GLS,3,1
876,1876,2024-07-17,23.0,F,Basic,Sport,Pallone,26,3,78,PayPal,Bologna,1,GLS,4,7
877,1877,2024-06-05,26.0,M,Silver,Casa,Cuscino,139,1,139,BankTransfer,Napoli,0,BRT,2,5
878,1878,2024-11-02,58.0,M,Gold,Abbigliamento,Maglione,135,1,135,CreditCard,Torino,0,Poste,5,6
879,1879,2024-06-21,52.0,M,Gold,Libri,Romanzo,21,1,21,BankTransfer,Napoli,0,BRT,2,2
880,1880,2024-05-28,25.0,M,Basic,Abbigliamento,Jeans,59,2,118,Cash,Milano,1,GLS,3,10
881,1881,2024-08-20,24.0,F,Basic,Casa,Lampada,54,2,108,PayPal,Napoli,1,GLS,3,3
882,1882,2024-07-24,64.0,M,Gold,Elettronica,Smartwatch,732,1,732,CreditCard,Napoli,0,Poste,5,6
883,1883,2024-01-06,67.0,F,Silver,Casa,Pentola,137,1,137,BankTransfer,Roma,0,DHL,2,7
884,1884,2024-03-13,26.0,M,Silver,Elettronica,Smartphone,306,1,306,PayPal,Roma,0,Poste,7,8
885,1885,2024-09-13,18.0,M,Basic,Elettronica,Tablet,459,2,918,CreditCard,Napoli,0,BRT,2,2
886,1886,2024-01-08,,F,Basic,Libri,Fumetto,18,1,18,CreditCard,Roma,0,BRT,4,8
887,1887,2024-08-11,,M,Basic,Libri,Enciclopedia,43,4,172,CreditCard,Milano,0,GLS,3,12
888,1888,2024-09-06,41.0,M,Gold,Sport,Tappetino Yoga,140,1,140,BankTransfer,Milano,0,GLS,4,5
889,1889,2024-08-13,39.0,F,Basic,Elettronica,Tablet,768,2,1536,Cash,Torino,0,Poste,6,8
890,1890,2024-12-12,,M,Gold,Casa,Pentola,89,1,89,CreditCard,Milano,0,GLS,5,3
891,1891,2024-05-09,35.0,M,Silver,Libri,Romanzo,42,4,168,BankTransfer,Roma,0,GLS,3,14
892,1892,2024-10-01,60.0,M,Gold,Libri,Romanzo,42,5,210,BankTransfer,Torino,0,GLS,4,14
893,1893,2024-08-08,,M,Basic,Sport,Scarpe Running,128,2,256,CreditCard,Milano,1,GLS,3,2
894,1894,2024-07-01,46.0,M,Silver,Casa,Tappeto,100,1,100,CreditCard,Torino,1,DHL,1,5
895,1895,2024-02-10,22.0,F,Basic,Abbigliamento,T-shirt,56,2,112,BankTransfer,Torino,0,Poste,4,9
896,1896,2024-07-13,41.0,M,Gold,Casa,Tappeto,59,1,59,CreditCard,Torino,1,Poste,6,4
897,1897,2024-07-23,56.0,F,Basic,Sport,Scarpe Running,103,2,206,PayPal,Torino,1,DHL,3,5
898,1898,2024-09-02,36.0,F,Silver,Abbigliamento,T-shirt,51,1,51,BankTransfer,Torino,1,Poste,5,9
899,1899,2024-09-28,57.0,M,Silver,Abbigliamento,Scarpe,176,3,528,PayPal,Milano,1,Poste,5,6
900,1900,2024-10-13,75.0,M,Silver,Libri,Enciclopedia,31,2,62,BankTransfer,Napoli,1,Poste,2,5
901,1901,2024-12-07,52.0,F,Gold,Libri,Romanzo,19,4,76,BankTransfer,Milano,0,GLS,5,2
902,1902,2024-09-13,,F,Basic,Libri,Enciclopedia,33,2,66,PayPal,Torino,0,DHL,2,7
903,1903,2024-12-13,39.0,F,Basic,Sport,Manubri,71,1,71,BankTransfer,Torino,1,GLS,3,3
904,1904,2024-03-07,31.0,F,Basic,Abbigliamento,T-shirt,142,1,142,CreditCard,Bologna,0,GLS,4,0
905,1905,2024-03-18,,M,Basic,Casa,Lampada,62,2,124,CreditCard,Roma,1,BRT,2,1
906,1906,2024-12-17,18.0,F,Basic,Elettronica,Smartwatch,269,2,538,Cash,Milano,0,DHL,3,9
907,1907,2024-06-16,39.0,F,Gold,Abbigliamento,Jeans,54,2,108,PayPal,Milano,0,BRT,1,9
908,1908,2024-01-19,40.0,F,Basic,Libri,Enciclopedia,39,2,78,BankTransfer,Roma,1,DHL,2,3
909,1909,2024-05-06,41.0,F,Gold,Casa,Tappeto,15,2,30,PayPal,Milano,0,GLS,4,4
910,1910,2024-02-11,18.0,M,Basic,Libri,Fumetto,35,4,140,CreditCard,Milano,0,DHL,1,7
911,1911,2024-11-29,41.0,F,Gold,Casa,Pentola,127,1,127,PayPal,Milano,0,BRT,1,5
912,1912,2024-05-13,41.0,M,Basic,Libri,Fumetto,35,3,105,BankTransfer,Milano,0,BRT,3,8
913,1913,2024-05-11,57.0,M,Silver,Libri,Fumetto,46,2,92,CreditCard,Roma,0,Poste,1,11
914,1914,2024-10-30,46.0,M,Basic,Abbigliamento,Scarpe,27,4,108,CreditCard,Napoli,0,GLS,3,13
915,1915,2024-05-14,55.0,F,Gold,Elettronica,Tablet,316,5,1580,Cash,Torino,0,GLS,4,14
916,1916,2024-03-16,24.0,M,Silver,Elettronica,Laptop,481,2,962,PayPal,Torino,0,BRT,1,11
917,1917,2024-01-22,36.0,F,Basic,Libri,Guida,16,2,32,PayPal,Roma,0,BRT,5,10
918,1918,2024-08-31,41.0,M,Silver,Libri,Fumetto,18,1,18,CreditCard,Roma,1,DHL,2,1
919,1919,2024-05-12,42.0,F,Basic,Libri,Romanzo,50,1,50,PayPal,Milano,0,GLS,3,12
920,1920,2024-08-19,28.0,M,Basic,Abbigliamento,Maglione,186,1,186,BankTransfer,Milano,0,Poste,1,5
921,1921,2024-09-04,60.0,F,Gold,Abbigliamento,Giacca,130,4,520,PayPal,Milano,0,GLS,4,21
922,1922,2024-03-13,29.0,M,Basic,Elettronica,Laptop,636,3,1908,PayPal,Roma,1,GLS,2,9
923,1923,2024-05-14,18.0,F,Silver,Sport,Tappetino Yoga,41,1,41,CreditCard,Roma,0,DHL,2,4
924,1924,2024-12-13,44.0,M,Basic,Abbigliamento,T-shirt,168,3,504,PayPal,Milano,0,DHL,3,4
925,1925,2024-03-10,48.0,M,Silver,Abbigliamento,T-shirt,177,2,354,BankTransfer,Napoli,1,GLS,2,3
926,1926,2024-03-03,52.0,M,Gold,Casa,Cuscino,77,5,385,PayPal,Milano,0,Poste,3,13
927,1927,2024-09-28,24.0,F,Basic,Libri,Enciclopedia,38,5,190,Cash,Napoli,1,BRT,1,16
928,1928,2024-08-20,34.0,M,Basic,Abbigliamento,Maglione,33,4,132,Cash,Bologna,1,BRT,1,12
929,1929,2024-07-04,18.0,F,Silver,Casa,Lampada,106,4,424,BankTransfer,Milano,1,GLS,3,13
930,1930,2024-12-20,,M,Gold,Abbigliamento,Scarpe,150,2,300,Cash,Torino,0,GLS,4,7
931,1931,2024-03-05,,F,Basic,Libri,Enciclopedia,17,1,17,PayPal,Roma,0,BRT,2,1
932,1932,2024-11-04,52.0,M,Gold,Abbigliamento,T-shirt,53,1,53,PayPal,Roma,0,Poste,3,4
933,1933,2024-03-12,47.0,F,Silver,Abbigliamento,Maglione,63,1,63,BankTransfer,Roma,1,BRT,3,0
934,1934,2024-06-11,29.0,M,Gold,Casa,Tappeto,89,2,178,PayPal,Torino,0,DHL,3,0
935,1935,2024-11-17,,F,Gold,Sport,Tappetino Yoga,32,3,96,CreditCard,Milano,0,BRT,1,12
936,1936,2024-12-05,18.0,M,Silver,Libri,Manuale,11,3,33,PayPal,Milano,0,Poste,7,12
937,1937,2024-01-04,46.0,M,Silver,Sport,Manubri,134,1,134,Cash,Roma,0,GLS,2,2
938,1938,2024-10-26,53.0,M,Silver,Sport,Manubri,104,1,104,PayPal,Milano,0,Poste,3,0
939,1939,2024-05-13,25.0,M,Gold,Libri,Guida,24,1,24,PayPal,Bologna,0,GLS,4,0
940,1940,2024-12-07,,F,Basic,Sport,Borraccia,39,1,39,BankTransfer,Milano,0,GLS,3,3
941,1941,2024-02-09,18.0,M,Gold,Casa,Tappeto,109,2,218,CreditCard,Milano,0,GLS,3,6
942,1942,2024-07-18,21.0,M,Silver,Casa,Cuscino,28,3,84,CreditCard,Roma,0,DHL,1,3
943,1943,2024-06-05,57.0,F,Gold,Elettronica,Laptop,636,2,1272,BankTransfer,Roma,0,Poste,6,0
944,1944,2024-05-07,38.0,M,Silver,Elettronica,Tablet,54,4,216,CreditCard,Milano,0,BRT,5,10
945,1945,2024-01-17,19.0,M,Silver,Elettronica,Smartwatch,370,2,740,PayPal,Napoli,0,BRT,3,3
946,1946,2024-11-05,,F,Gold,Elettronica,Laptop,674,1,674,CreditCard,Torino,1,BRT,5,8
947,1947,2024-12-05,18.0,M,Silver,Libri,Romanzo,37,3,111,Cash,Bologna,0,GLS,3,10
948,1948,2024-01-24,34.0,F,Basic,Elettronica,Smartwatch,125,2,250,PayPal,Roma,0,BRT,1,4
949,1949,2024-08-18,55.0,F,Silver,Elettronica,Smartwatch,731,3,2193,CreditCard,Bologna,0,DHL,2,7
950,1950,2024-04-16,33.0,F,Silver,Elettronica,Smartphone,216,4,864,BankTransfer,Torino,0,BRT,4,15
951,1951,2024-01-08,58.0,F,Gold,Libri,Enciclopedia,18,2,36,CreditCard,Napoli,0,GLS,4,9
952,1952,2024-02-21,65.0,M,Gold,Libri,Guida,23,1,23,PayPal,Milano,0,BRT,3,1
953,1953,2024-09-13,20.0,M,Basic,Abbigliamento,Jeans,107,1,107,CreditCard,Bologna,1,BRT,3,0
954,1954,2024-01-09,21.0,M,Basic,Casa,Cuscino,21,2,42,PayPal,Milano,0,GLS,4,7
955,1955,2024-06-20,24.0,F,Silver,Abbigliamento,Maglione,190,5,950,BankTransfer,Bologna,1,GLS,4,12
956,1956,2024-10-23,46.0,F,Silver,Elettronica,Smartphone,715,1,715,Cash,Milano,0,BRT,1,0
957,1957,2024-04-12,51.0,F,Gold,Elettronica,Laptop,248,4,992,Cash,Bologna,1,Poste,2,13
958,1958,2024-01-08,56.0,M,Silver,Sport,Pallone,87,3,261,BankTransfer,Bologna,1,DHL,3,4
959,1959,2024-10-27,57.0,F,Silver,Libri,Fumetto,34,2,68,Cash,Milano,0,BRT,1,9
960,1960,2024-10-17,54.0,F,Gold,Abbigliamento,T-shirt,147,1,147,PayPal,Milano,0,BRT,2,7
961,1961,2024-11-27,,M,Silver,Abbigliamento,T-shirt,133,3,399,PayPal,Milano,1,Poste,3,16
962,1962,2024-07-19,40.0,M,Silver,Abbigliamento,Giacca,128,1,128,CreditCard,Torino,1,GLS,3,2
963,1963,2024-06-11,,M,Gold,Sport,Tappetino Yoga,67,2,134,PayPal,Roma,1,BRT,6,0
964,1964,2024-10-12,,M,Gold,Casa,Pentola,56,1,56,PayPal,Bologna,0,BRT,3,0
965,1965,2024-03-16,44.0,M,Basic,Abbigliamento,Jeans,50,1,50,PayPal,Torino,0,DHL,2,0
966,1966,2024-02-01,63.0,M,Gold,Casa,Cuscino,107,2,214,PayPal,Torino,1,Poste,1,14
967,1967,2024-02-09,64.0,F,Gold,Elettronica,Cuffie,206,2,412,PayPal,Torino,0,GLS,3,10
968,1968,2024-10-06,18.0,M,Silver,Abbigliamento,Giacca,150,1,150,PayPal,Milano,0,BRT,4,7
969,1969,2024-02-11,25.0,F,Silver,Sport,Pallone,115,2,230,Cash,Milano,1,DHL,2,4
970,1970,2024-06-28,59.0,F,Gold,Elettronica,Tablet,353,1,353,CreditCard,Torino,0,GLS,3,2
971,1971,2024-02-22,22.0,F,Basic,Libri,Romanzo,27,2,54,CreditCard,Bologna,0,BRT,3,5
972,1972,2024-08-18,18.0,M,Basic,Elettronica,Tablet,532,4,2128,CreditCard,Napoli,1,Poste,1,5
973,1973,2024-02-06,47.0,F,Basic,Sport,Manubri,141,1,141,Cash,Torino,0,Poste,5,5
974,1974,2024-02-22,,M,Basic,Libri,Manuale,38,3,114,CreditCard,Milano,1,BRT,4,5
975,1975,2024-10-26,67.0,F,Basic,Abbigliamento,T-shirt,53,5,265,PayPal,Milano,1,GLS,4,12
976,1976,2024-06-03,46.0,F,Gold,Elettronica,Tablet,249,2,498,CreditCard,Roma,0,GLS,3,9
977,1977,2024-10-08,49.0,M,Gold,Casa,Lampada,134,1,134,BankTransfer,Torino,0,DHL,2,6
978,1978,2024-09-16,46.0,F,Basic,Sport,Borraccia,55,1,55,PayPal,Bologna,0,BRT,4,7
979,1979,2024-03-21,38.0,F,Silver,Libri,Guida,11,1,11,PayPal,Bologna,0,BRT,4,1
980,1980,2024-12-24,18.0,F,Silver,Elettronica,Tablet,398,3,1194,CreditCard,Napoli,0,Poste,4,5
981,1981,2024-04-29,,F,Basic,Libri,Guida,12,2,24,CreditCard,Milano,0,DHL,3,9
982,1982,2024-08-13,32.0,M,Basic,Elettronica,Tablet,518,2,1036,CreditCard,Torino,0,GLS,3,3
983,1983,2024-06-27,53.0,M,Gold,Elettronica,Cuffie,170,3,510,CreditCard,Roma,0,GLS,3,3
984,1984,2024-03-15,29.0,F,Basic,Sport,Manubri,95,5,475,BankTransfer,Torino,0,BRT,2,11
985,1985,2024-08-17,18.0,F,Basic,Sport,Manubri,161,1,161,PayPal,Napoli,0,BRT,3,4
986,1986,2024-02-18,57.0,M,Gold,Casa,Lampada,69,2,138,PayPal,Napoli,0,Poste,1,2
987,1987,2024-11-19,41.0,M,Silver,Abbigliamento,T-shirt,175,1,175,CreditCard,Napoli,0,BRT,1,8
988,1988,2024-01-30,75.0,M,Gold,Libri,Enciclopedia,29,3,87,CreditCard,Milano,0,DHL,2,10
989,1989,2024-12-09,52.0,F,Gold,Casa,Tappeto,19,2,38,CreditCard,Bologna,0,DHL,2,6
990,1990,2024-09-12,54.0,M,Silver,Casa,Tappeto,35,1,35,PayPal,Torino,0,GLS,1,0
991,1991,2024-06-25,49.0,F,Gold,Abbigliamento,Giacca,140,1,140,Cash,Napoli,0,BRT,2,6
992,1992,2024-11-01,29.0,F,Silver,Libri,Guida,47,1,47,BankTransfer,Roma,0,DHL,2,11
993,1993,2024-03-17,,F,Silver,Elettronica,Cuffie,497,1,497,Cash,Napoli,0,Poste,6,10
994,1994,2024-09-04,54.0,F,Silver,Abbigliamento,Giacca,50,1,50,CreditCard,Bologna,0,Poste,4,0
995,1995,2024-07-11,54.0,M,Silver,Casa,Cuscino,53,4,212,PayPal,Torino,1,BRT,3,19
996,1996,2024-11-01,47.0,M,Silver,Abbigliamento,T-shirt,61,1,61,CreditCard,Roma,0,GLS,3,0
997,1997,2024-11-21,23.0,M,Silver,Elettronica,Cuffie,500,2,1000,CreditCard,Milano,0,Poste,5,6
998,1998,2024-04-22,63.0,M,Silver,Elettronica,Smartwatch,780,5,3900,PayPal,Bologna,0,BRT,3,20
999,1999,2024-05-11,18.0,M,Basic,Sport,Tappetino Yoga,148,4,592,PayPal,Bologna,1,BRT,1,17
1000,2000,2024-10-04,32.0,F,Basic,Casa,Tappeto,37,1,37,PayPal,Napoli,1,GLS,3,7
1001,2001,2024-11-22,73.0,F,Silver,Abbigliamento,Scarpe,110,3,330,BankTransfer,Torino,0,Poste,3,9
1002,2002,2024-12-29,46.0,M,Silver,Casa,Tappeto,15,3,45,CreditCard,Milano,1,BRT,1,14
1003,2003,2024-11-09,53.0,F,Basic,Elettronica,Laptop,479,3,1437,CreditCard,Roma,0,Poste,5,8
1004,2004,2024-05-27,,M,Silver,Sport,Borraccia,113,2,226,BankTransfer,Milano,1,GLS,3,2
1005,2005,2024-10-01,23.0,M,Basic,Abbigliamento,Maglione,46,2,92,CreditCard,Bologna,1,Poste,2,4
1006,2006,2024-06-08,29.0,M,Silver,Sport,Manubri,111,1,111,BankTransfer,Bologna,0,BRT,4,0
1007,2007,2024-11-21,40.0,M,Silver,Casa,Coperta,143,1,143,BankTransfer,Milano,0,DHL,2,0
1008,2008,2024-03-13,18.0,F,Gold,Libri,Romanzo,15,2,30,CreditCard,Torino,0,BRT,4,5
1009,2009,2024-08-18,25.0,F,Silver,Casa,Coperta,73,2,146,PayPal,Roma,0,Poste,4,10
1010,2010,2024-10-13,50.0,M,Gold,Elettronica,Smartwatch,88,2,176,PayPal,Milano,0,BRT,5,8
1011,2011,2024-01-29,34.0,M,Basic,Sport,Scarpe Running,27,1,27,PayPal,Milano,0,Poste,2,15
1012,2012,2024-11-07,34.0,M,Basic,Sport,Borraccia,52,3,156,Cash,Milano,1,BRT,4,9
1013,2013,2024-12-30,51.0,F,Gold,Sport,Scarpe Running,42,1,42,CreditCard,Napoli,0,GLS,4,10
1014,2014,2024-07-09,30.0,M,Basic,Sport,Scarpe Running,101,1,101,BankTransfer,Bologna,1,DHL,2,0
1015,2015,2024-11-25,47.0,M,Basic,Elettronica,Cuffie,260,1,260,BankTransfer,Torino,0,GLS,3,9
1016,2016,2024-09-11,18.0,M,Basic,Sport,Pallone,86,2,172,CreditCard,Napoli,0,GLS,3,1
1017,2017,2024-07-07,20.0,F,Silver,Abbigliamento,Jeans,134,4,536,CreditCard,Milano,1,GLS,3,15
1018,2018,2024-12-04,18.0,M,Basic,Casa,Lampada,70,1,70,Cash,Torino,0,BRT,1,4
1019,2019,2024-11-08,39.0,F,Basic,Sport,Scarpe Running,97,3,291,CreditCard,Torino,1,Poste,7,14
1020,2020,2024-02-06,35.0,M,Basic,Libri,Romanzo,42,4,168,CreditCard,Milano,1,DHL,2,11
1021,2021,2024-06-19,,M,Gold,Sport,Pallone,147,3,441,PayPal,Roma,0,GLS,3,12
1022,2022,2024-01-31,,M,Gold,Libri,Enciclopedia,36,1,36,PayPal,Bologna,0,Poste,6,0
1023,2023,2024-04-08,58.0,M,Gold,Elettronica,Cuffie,674,4,2696,PayPal,Napoli,0,BRT,4,15
1024,2024,2024-03-21,67.0,F,Basic,Sport,Borraccia,67,2,134,PayPal,Bologna,0,GLS,4,11
1025,2025,2024-01-13,31.0,M,Silver,Abbigliamento,Scarpe,165,2,330,PayPal,Roma,0,BRT,5,11
1026,2026,2024-11-05,,F,Basic,Libri,Enciclopedia,16,1,16,CreditCard,Milano,0,BRT,1,3
1027,2027,2024-04-16,25.0,F,Basic,Sport,Tappetino Yoga,37,3,111,CreditCard,Milano,1,GLS,2,6
1028,2028,2024-03-30,,M,Gold,Casa,Lampada,70,1,70,BankTransfer,Torino,0,BRT,4,0
1029,2029,2024-06-27,22.0,M,Basic,Casa,Lampada,53,4,212,BankTransfer,Torino,0,DHL,2,17
1030,2030,2024-01-26,23.0,M,Basic,Abbigliamento,Giacca,110,2,220,CreditCard,Milano,0,Poste,4,9
1031,2031,2024-03-12,,M,Basic,Elettronica,Smartwatch,613,1,613,Cash,Roma,1,BRT,2,0
1032,2032,2024-09-16,39.0,M,Silver,Libri,Romanzo,30,3,90,PayPal,Napoli,0,GLS,3,11
1033,2033,2024-04-04,42.0,M,Silver,Abbigliamento,Jeans,58,1,58,CreditCard,Napoli,0,BRT,5,1
1034,2034,2024-06-17,39.0,F,Gold,Libri,Manuale,43,1,43,CreditCard,Torino,1,Poste,5,1
1035,2035,2024-10-26,30.0,M,Silver,Abbigliamento,T-shirt,99,4,396,Cash,Bologna,0,Poste,9,11
1036,2036,2024-03-09,36.0,M,Basic,Abbigliamento,Maglione,111,1,111,Cash,Milano,0,Poste,3,4
1037,2037,2024-02-02,62.0,M,Basic,Libri,Fumetto,37,2,74,CreditCard,Torino,1,BRT,3,6
1038,2038,2024-08-05,,M,Basic,Casa,Cuscino,117,2,234,PayPal,Roma,0,BRT,4,10
1039,2039,2024-02-17,,M,Basic,Sport,Manubri,161,2,322,CreditCard,Napoli,0,Poste,5,0
1040,2040,2024-11-14,25.0,M,Silver,Sport,Manubri,48,1,48,CreditCard,Milano,0,BRT,2,8
1041,2041,2024-05-27,21.0,M,Basic,Casa,Cuscino,146,2,292,PayPal,Milano,0,DHL,1,3
1042,2042,2024-04-23,24.0,F,Basic,Abbigliamento,Giacca,191,4,764,BankTransfer,Roma,1,GLS,4,7
1043,2043,2024-07-21,19.0,M,Basic,Sport,Manubri,160,3,480,BankTransfer,Roma,1,GLS,3,15
1044,2044,2024-12-07,18.0,F,Silver,Libri,Guida,22,2,44,CreditCard,Torino,0,Poste,3,7
1045,2045,2024-10-09,48.0,F,Silver,Libri,Enciclopedia,45,1,45,PayPal,Torino,0,DHL,2,5
1046,2046,2024-02-05,48.0,F,Basic,Elettronica,Cuffie,685,1,685,Cash,Napoli,1,GLS,3,7
1047,2047,2024-08-14,,M,Basic,Abbigliamento,Scarpe,139,1,139,BankTransfer,Milano,0,GLS,4,9
1048,2048,2024-04-27,27.0,M,Basic,Abbigliamento,Scarpe,115,2,230,CreditCard,Bologna,0,BRT,2,10
1049,2049,2024-09-22,26.0,M,Basic,Casa,Lampada,11,2,22,CreditCard,Bologna,0,DHL,2,2
1050,2050,2024-08-30,44.0,F,Basic,Sport,Scarpe Running,23,2,46,BankTransfer,Torino,0,DHL,2,6
1051,2051,2024-01-30,41.0,M,Gold,Libri,Guida,18,2,36,BankTransfer,Bologna,0,BRT,4,3
1052,2052,2024-01-01,44.0,M,Silver,Sport,Manubri,56,5,280,CreditCard,Napoli,0,GLS,5,15
1053,2053,2024-05-16,38.0,M,Basic,Sport,Manubri,66,2,132,CreditCard,Bologna,0,DHL,2,8
1054,2054,2024-04-15,,M,Basic,Libri,Fumetto,48,3,144,CreditCard,Milano,0,GLS,2,6
1055,2055,2024-05-04,44.0,F,Silver,Sport,Borraccia,133,2,266,CreditCard,Roma,0,BRT,4,4
1056,2056,2024-03-02,46.0,F,Silver,Sport,Scarpe Running,110,3,330,BankTransfer,Roma,0,GLS,3,9
1057,2057,2024-05-27,45.0,F,Basic,Elettronica,Tablet,587,3,1761,CreditCard,Roma,0,Poste,3,12
1058,2058,2024-04-01,63.0,M,Basic,Abbigliamento,Scarpe,129,4,516,CreditCard,Napoli,1,Poste,2,11
1059,2059,2024-07-02,22.0,M,Basic,Casa,Lampada,33,2,66,PayPal,Bologna,1,BRT,4,5
1060,2060,2024-08-14,61.0,F,Basic,Casa,Cuscino,27,1,27,CreditCard,Roma,1,GLS,4,1
1061,2061,2024-05-21,,M,Basic,Casa,Cuscino,82,1,82,Cash,Roma,0,Poste,7,0
1062,2062,2024-10-28,37.0,F,Silver,Casa,Pentola,94,1,94,CreditCard,Roma,0,Poste,5,4
1063,2063,2024-07-10,39.0,F,Basic,Elettronica,Cuffie,71,1,71,BankTransfer,Roma,1,Poste,9,4
1064,2064,2024-07-15,,F,Basic,Elettronica,Tablet,419,1,419,PayPal,Roma,0,Poste,4,8
1065,2065,2024-06-08,18.0,M,Silver,Abbigliamento,Giacca,98,1,98,Cash,Napoli,0,Poste,8,0
1066,2066,2024-12-01,33.0,M,Basic,Elettronica,Smartphone,739,1,739,CreditCard,Torino,0,Poste,1,0
1067,2067,2024-12-20,39.0,M,Basic,Elettronica,Smartphone,726,2,1452,Cash,Torino,0,GLS,3,10
1068,2068,2024-02-14,18.0,F,Basic,Abbigliamento,Jeans,155,2,310,PayPal,Torino,1,BRT,2,4
1069,2069,2024-01-18,46.0,M,Basic,Sport,Borraccia,163,1,163,Cash,Torino,0,BRT,1,1
1070,2070,2024-02-26,29.0,F,Basic,Sport,Scarpe Running,96,2,192,BankTransfer,Torino,1,GLS,5,6
1071,2071,2024-07-23,60.0,F,Gold,Elettronica,Smartwatch,105,2,210,Cash,Milano,0,BRT,4,0
1072,2072,2024-02-15,42.0,M,Basic,Libri,Guida,27,1,27,CreditCard,Milano,0,Poste,5,0
1073,2073,2024-03-31,26.0,M,Basic,Casa,Pentola,12,2,24,PayPal,Milano,0,BRT,3,6
1074,2074,2024-03-10,41.0,F,Gold,Sport,Manubri,34,3,102,PayPal,Milano,0,Poste,5,8
1075,2075,2024-03-29,,M,Basic,Abbigliamento,Scarpe,195,3,585,CreditCard,Napoli,1,GLS,5,12
1076,2076,2024-12-04,52.0,M,Basic,Sport,Pallone,122,1,122,PayPal,Roma,1,BRT,5,0
1077,2077,2024-12-02,36.0,M,Silver,Libri,Enciclopedia,30,1,30,PayPal,Napoli,0,GLS,3,5
1078,2078,2024-02-05,18.0,M,Basic,Libri,Enciclopedia,27,2,54,Cash,Torino,0,BRT,3,0
1079,2079,2024-03-26,19.0,F,Gold,Elettronica,Cuffie,773,3,2319,PayPal,Roma,0,BRT,3,1
1080,2080,2024-05-30,25.0,M,Basic,Libri,Enciclopedia,49,3,147,PayPal,Milano,0,BRT,4,13
1081,2081,2024-06-15,44.0,F,Basic,Sport,Tappetino Yoga,132,3,396,CreditCard,Milano,0,DHL,2,15
1082,2082,2024-01-12,34.0,F,Basic,Libri,Enciclopedia,45,1,45,CreditCard,Milano,0,GLS,4,4
1083,2083,2024-09-16,29.0,F,Basic,Libri,Guida,11,1,11,Cash,Roma,1,GLS,4,0
1084,2084,2024-08-20,,F,Basic,Libri,Fumetto,20,4,80,CreditCard,Milano,0,BRT,5,7
1085,2085,2024-03-31,40.0,F,Silver,Sport,Borraccia,39,1,39,PayPal,Torino,0,BRT,4,2
1086,2086,2024-12-27,,M,Gold,Casa,Pentola,58,1,58,CreditCard,Milano,0,GLS,3,5
1087,2087,2024-08-04,,F,Silver,Abbigliamento,Jeans,101,3,303,BankTransfer,Torino,0,BRT,3,10
1088,2088,2024-04-28,24.0,F,Basic,Casa,Pentola,53,1,53,CreditCard,Roma,0,BRT,3,7
1089,2089,2024-08-31,18.0,M,Silver,Casa,Lampada,71,4,284,Cash,Roma,0,BRT,4,12
1090,2090,2024-03-26,,F,Basic,Sport,Scarpe Running,85,4,340,CreditCard,Bologna,0,Poste,5,16
1091,2091,2024-11-16,,M,Basic,Libri,Manuale,39,5,195,Cash,Roma,0,DHL,3,21
1092,2092,2024-11-04,39.0,M,Silver,Abbigliamento,Maglione,197,1,197,PayPal,Milano,1,GLS,3,1
1093,2093,2024-04-03,29.0,F,Basic,Elettronica,Smartwatch,620,2,1240,CreditCard,Milano,0,GLS,3,10
1094,2094,2024-03-12,22.0,F,Silver,Abbigliamento,Giacca,108,2,216,CreditCard,Bologna,1,BRT,4,1
1095,2095,2024-06-10,42.0,M,Basic,Sport,Scarpe Running,110,4,440,CreditCard,Roma,1,BRT,1,14
1096,2096,2024-09-11,,F,Basic,Abbigliamento,Giacca,88,4,352,CreditCard,Milano,1,BRT,4,7
1097,2097,2024-12-05,57.0,F,Gold,Elettronica,Smartphone,303,5,1515,BankTransfer,Napoli,1,Poste,4,16
1098,2098,2024-01-04,43.0,M,Silver,Abbigliamento,T-shirt,85,2,170,CreditCard,Milano,0,BRT,2,1
1099,2099,2024-03-28,36.0,M,Silver,Elettronica,Tablet,113,2,226,BankTransfer,Torino,0,Poste,3,4
1100,2100,2024-10-04,75.0,F,Gold,Abbigliamento,Scarpe,162,2,324,CreditCard,Bologna,0,BRT,1,8
1101,2101,2024-06-19,28.0,M,Basic,Casa,Pentola,51,1,51,BankTransfer,Napoli,0,GLS,2,1
1102,2102,2024-06-18,23.0,F,Basic,Elettronica,Smartphone,88,2,176,BankTransfer,Bologna,0,Poste,4,11
1103,2103,2024-02-17,30.0,M,Basic,Elettronica,Cuffie,437,4,1748,Cash,Torino,1,BRT,4,16
1104,2104,2024-07-23,36.0,M,Silver,Libri,Romanzo,29,1,29,CreditCard,Napoli,0,DHL,2,3
1105,2105,2024-04-08,47.0,M,Basic,Sport,Tappetino Yoga,26,2,52,CreditCard,Napoli,1,Poste,7,5
1106,2106,2024-01-19,44.0,M,Basic,Elettronica,Tablet,769,1,769,PayPal,Milano,0,GLS,3,5
1107,2107,2024-03-30,36.0,M,Silver,Casa,Pentola,16,4,64,CreditCard,Bologna,1,GLS,4,12
1108,2108,2024-04-16,25.0,M,Silver,Sport,Tappetino Yoga,126,1,126,CreditCard,Roma,0,BRT,3,1
1109,2109,2024-04-24,55.0,F,Silver,Sport,Manubri,88,2,176,CreditCard,Roma,1,GLS,3,4
1110,2110,2024-03-05,52.0,M,Basic,Elettronica,Cuffie,597,1,597,BankTransfer,Napoli,0,BRT,1,0
1111,2111,2024-04-16,27.0,F,Basic,Abbigliamento,T-shirt,22,2,44,PayPal,Bologna,0,DHL,3,5
1112,2112,2024-04-12,48.0,M,Basic,Sport,Borraccia,48,2,96,Cash,Napoli,1,DHL,2,10
1113,2113,2024-09-02,45.0,F,Gold,Sport,Scarpe Running,153,4,612,PayPal,Bologna,1,GLS,2,16
1114,2114,2024-07-12,54.0,F,Basic,Casa,Coperta,11,1,11,Cash,Milano,0,Poste,3,4
1115,2115,2024-07-28,,F,Silver,Casa,Lampada,14,4,56,CreditCard,Torino,1,Poste,2,14
1116,2116,2024-07-22,21.0,F,Silver,Casa,Tappeto,88,1,88,PayPal,Bologna,1,BRT,2,0
1117,2117,2024-01-27,50.0,F,Silver,Elettronica,Tablet,399,1,399,CreditCard,Roma,0,BRT,5,0
1118,2118,2024-03-10,27.0,M,Basic,Libri,Guida,49,2,98,BankTransfer,Milano,1,GLS,4,3
1119,2119,2024-03-31,46.0,F,Silver,Elettronica,Tablet,128,1,128,Cash,Roma,0,GLS,4,0
1120,2120,2024-12-09,63.0,F,Silver,Libri,Fumetto,48,2,96,CreditCard,Napoli,0,Poste,4,2
1121,2121,2024-12-27,18.0,M,Gold,Sport,Scarpe Running,159,1,159,CreditCard,Torino,0,Poste,6,6
1122,2122,2024-11-22,61.0,F,Silver,Elettronica,Smartwatch,199,4,796,Cash,Roma,1,BRT,4,20
1123,2123,2024-06-27,58.0,M,Silver,Abbigliamento,T-shirt,167,4,668,PayPal,Milano,1,DHL,3,6
1124,2124,2024-07-05,,F,Basic,Libri,Fumetto,42,1,42,CreditCard,Napoli,1,BRT,1,9
1125,2125,2024-07-18,,M,Basic,Sport,Scarpe Running,50,5,250,CreditCard,Torino,1,BRT,4,15
1126,2126,2024-08-15,28.0,M,Silver,Casa,Tappeto,132,4,528,PayPal,Torino,0,BRT,5,12
1127,2127,2024-03-25,29.0,M,Basic,Abbigliamento,Scarpe,137,4,548,PayPal,Torino,1,GLS,2,7
1128,2128,2024-08-07,47.0,M,Basic,Sport,Pallone,148,2,296,Cash,Napoli,1,DHL,2,3
1129,2129,2024-04-23,25.0,M,Basic,Abbigliamento,Scarpe,28,1,28,CreditCard,Roma,0,Poste,3,0
1130,2130,2024-04-21,35.0,F,Basic,Elettronica,Tablet,618,3,1854,PayPal,Bologna,0,GLS,3,10
1131,2131,2024-02-23,36.0,M,Basic,Casa,Pentola,55,4,220,CreditCard,Roma,0,DHL,2,18
1132,2132,2024-07-02,37.0,F,Basic,Casa,Pentola,133,4,532,CreditCard,Napoli,1,DHL,2,9
1133,2133,2024-08-28,41.0,F,Basic,Abbigliamento,T-shirt,126,3,378,Cash,Napoli,1,GLS,3,9
1134,2134,2024-01-01,62.0,M,Gold,Sport,Pallone,58,3,174,BankTransfer,Napoli,0,Poste,4,12
1135,2135,2024-08-26,31.0,M,Basic,Casa,Lampada,22,1,22,BankTransfer,Torino,0,DHL,2,4
1136,2136,2024-05-15,26.0,M,Basic,Abbigliamento,Scarpe,138,1,138,Cash,Milano,0,BRT,2,7
1137,2137,2024-07-17,50.0,F,Silver,Abbigliamento,T-shirt,196,2,392,PayPal,Bologna,0,GLS,3,2
1138,2138,2024-03-26,44.0,M,Basic,Abbigliamento,T-shirt,121,4,484,BankTransfer,Bologna,0,Poste,1,8
1139,2139,2024-06-17,,M,Gold,Abbigliamento,T-shirt,62,1,62,CreditCard,Torino,0,GLS,4,0
1140,2140,2024-11-28,47.0,M,Basic,Elettronica,Laptop,790,4,3160,PayPal,Milano,1,BRT,3,11
1141,2141,2024-07-22,,M,Basic,Sport,Scarpe Running,108,3,324,CreditCard,Napoli,1,BRT,2,14
1142,2142,2024-08-20,54.0,F,Gold,Casa,Pentola,113,2,226,PayPal,Roma,1,DHL,1,9
1143,2143,2024-07-27,45.0,F,Basic,Abbigliamento,Giacca,156,5,780,CreditCard,Napoli,1,DHL,3,26
1144,2144,2024-06-14,52.0,F,Gold,Abbigliamento,Jeans,24,3,72,Cash,Roma,0,BRT,1,12
1145,2145,2024-04-25,29.0,M,Basic,Casa,Tappeto,89,1,89,CreditCard,Bologna,0,Poste,7,0
1146,2146,2024-10-28,18.0,F,Basic,Elettronica,Tablet,616,1,616,PayPal,Napoli,0,Poste,2,0
1147,2147,2024-08-14,31.0,F,Silver,Abbigliamento,T-shirt,75,1,75,BankTransfer,Bologna,1,GLS,2,2
1148,2148,2024-10-27,24.0,F,Silver,Casa,Pentola,113,1,113,Cash,Torino,1,GLS,4,0
1149,2149,2024-01-26,71.0,M,Gold,Casa,Lampada,72,1,72,BankTransfer,Milano,0,BRT,3,5
1150,2150,2024-06-06,32.0,M,Basic,Abbigliamento,T-shirt,135,4,540,BankTransfer,Milano,0,Poste,1,15
1151,2151,2024-08-06,35.0,M,Basic,Libri,Enciclopedia,38,4,152,PayPal,Torino,1,GLS,5,11
1152,2152,2024-09-17,54.0,M,Gold,Abbigliamento,T-shirt,93,1,93,Cash,Bologna,0,Poste,2,8
1153,2153,2024-04-15,47.0,F,Silver,Casa,Lampada,108,1,108,BankTransfer,Torino,1,Poste,1,0
1154,2154,2024-02-24,48.0,M,Basic,Elettronica,Smartwatch,790,2,1580,CreditCard,Roma,0,DHL,3,3
1155,2155,2024-02-01,75.0,F,Silver,Abbigliamento,T-shirt,87,2,174,PayPal,Torino,0,Poste,2,8
1156,2156,2024-08-30,40.0,F,Basic,Sport,Pallone,44,1,44,CreditCard,Milano,1,BRT,1,5
1157,2157,2024-01-18,67.0,M,Basic,Elettronica,Cuffie,524,1,524,PayPal,Napoli,0,BRT,3,9
1158,2158,2024-07-19,,M,Basic,Libri,Romanzo,48,2,96,Cash,Torino,0,GLS,3,13
1159,2159,2024-09-16,,F,Silver,Elettronica,Cuffie,635,3,1905,BankTransfer,Roma,0,BRT,2,14
1160,2160,2024-09-24,,F,Basic,Sport,Borraccia,99,1,99,CreditCard,Napoli,0,GLS,4,3
1161,2161,2024-11-29,48.0,F,Basic,Libri,Enciclopedia,29,1,29,PayPal,Torino,1,BRT,3,1
1162,2162,2024-08-21,,F,Basic,Elettronica,Cuffie,643,2,1286,PayPal,Torino,0,BRT,6,2
1163,2163,2024-02-28,,F,Silver,Libri,Enciclopedia,19,4,76,Cash,Bologna,1,BRT,3,11
1164,2164,2024-01-29,65.0,M,Gold,Libri,Guida,25,1,25,CreditCard,Torino,0,BRT,2,2
1165,2165,2024-08-19,43.0,M,Gold,Casa,Tappeto,104,3,312,CreditCard,Milano,0,BRT,4,12
1166,2166,2024-04-30,34.0,F,Basic,Sport,Tappetino Yoga,164,1,164,BankTransfer,Milano,0,DHL,2,8
1167,2167,2024-02-07,18.0,F,Gold,Sport,Manubri,163,5,815,PayPal,Roma,0,BRT,3,12
1168,2168,2024-09-07,,M,Silver,Abbigliamento,Giacca,111,2,222,Cash,Roma,0,DHL,2,9
1169,2169,2024-04-17,29.0,F,Silver,Elettronica,Cuffie,153,1,153,Cash,Milano,1,BRT,5,2
1170,2170,2024-09-04,48.0,M,Silver,Libri,Manuale,12,3,36,PayPal,Napoli,0,GLS,4,12
1171,2171,2024-09-18,45.0,F,Gold,Libri,Guida,32,1,32,PayPal,Torino,0,GLS,3,0
1172,2172,2024-11-23,38.0,F,Silver,Sport,Manubri,77,1,77,BankTransfer,Torino,0,GLS,3,3
1173,2173,2024-05-23,41.0,F,Silver,Sport,Scarpe Running,58,1,58,PayPal,Torino,0,Poste,2,11
1174,2174,2024-06-28,34.0,F,Basic,Libri,Romanzo,47,1,47,PayPal,Milano,0,GLS,2,0
1175,2175,2024-10-13,38.0,F,Basic,Abbigliamento,T-shirt,193,2,386,CreditCard,Torino,0,Poste,2,2
1176,2176,2024-07-27,42.0,F,Gold,Libri,Manuale,9,1,9,Cash,Roma,0,BRT,3,4
1177,2177,2024-01-27,,M,Basic,Casa,Coperta,12,3,36,PayPal,Torino,1,Poste,3,8
1178,2178,2024-06-10,65.0,F,Gold,Libri,Guida,13,1,13,PayPal,Milano,0,GLS,3,6
1179,2179,2024-06-28,21.0,M,Basic,Abbigliamento,Scarpe,190,1,190,CreditCard,Torino,1,BRT,5,5
1180,2180,2024-05-12,60.0,M,Gold,Casa,Pentola,16,4,64,Cash,Napoli,0,BRT,1,13
1181,2181,2024-03-24,,F,Basic,Casa,Pentola,19,2,38,BankTransfer,Napoli,1,BRT,1,0
1182,2182,2024-08-02,18.0,F,Silver,Libri,Manuale,25,1,25,PayPal,Milano,0,Poste,3,3
1183,2183,2024-10-26,,F,Basic,Elettronica,Laptop,331,1,331,Cash,Napoli,1,GLS,3,9
1184,2184,2024-03-26,29.0,F,Gold,Casa,Cuscino,100,2,200,CreditCard,Napoli,0,GLS,4,10
1185,2185,2024-03-11,24.0,F,Silver,Sport,Manubri,38,2,76,CreditCard,Bologna,0,GLS,4,6
1186,2186,2024-11-30,18.0,F,Basic,Abbigliamento,Scarpe,135,1,135,PayPal,Torino,1,GLS,4,12
1187,2187,2024-09-29,31.0,M,Basic,Abbigliamento,Giacca,35,3,105,PayPal,Bologna,0,DHL,2,7
1188,2188,2024-12-28,,F,Gold,Elettronica,Tablet,276,1,276,BankTransfer,Milano,0,Poste,9,0
1189,2189,2024-01-08,33.0,F,Basic,Casa,Coperta,73,1,73,PayPal,Milano,0,GLS,2,0
1190,2190,2024-10-16,18.0,F,Basic,Elettronica,Cuffie,63,1,63,PayPal,Bologna,0,BRT,1,0
1191,2191,2024-10-23,,F,Basic,Sport,Manubri,83,3,249,Cash,Roma,1,GLS,4,13
1192,2192,2024-08-27,49.0,M,Silver,Abbigliamento,Giacca,60,1,60,Cash,Milano,1,GLS,3,8
1193,2193,2024-11-17,50.0,F,Silver,Libri,Guida,23,2,46,PayPal,Milano,1,Poste,2,2
1194,2194,2024-06-04,50.0,M,Basic,Sport,Borraccia,122,5,610,Cash,Milano,1,BRT,3,16
1195,2195,2024-04-08,41.0,M,Basic,Elettronica,Smartphone,151,5,755,PayPal,Bologna,0,BRT,3,18
1196,2196,2024-01-28,60.0,F,Silver,Abbigliamento,T-shirt,75,2,150,CreditCard,Milano,0,Poste,2,2
1197,2197,2024-09-08,25.0,M,Silver,Sport,Pallone,27,2,54,PayPal,Napoli,1,GLS,3,1
1198,2198,2024-04-30,20.0,M,Basic,Casa,Pentola,56,3,168,PayPal,Torino,0,BRT,4,8
1199,2199,2024-08-19,43.0,M,Basic,Elettronica,Tablet,316,1,316,Cash,Roma,0,BRT,2,2
1200,2200,2024-01-11,45.0,F,Silver,Sport,Manubri,120,2,240,CreditCard,Milano,0,BRT,6,9
1201,2201,2024-01-28,27.0,F,Silver,Elettronica,Tablet,573,4,2292,PayPal,Roma,0,GLS,2,10
1202,2202,2024-10-21,39.0,M,Basic,Casa,Pentola,150,1,150,CreditCard,Roma,1,GLS,3,6
1203,2203,2024-06-23,43.0,F,Basic,Sport,Tappetino Yoga,134,2,268,PayPal,Roma,1,DHL,3,1
1204,2204,2024-10-22,,F,Basic,Elettronica,Laptop,625,1,625,CreditCard,Torino,0,Poste,6,2
1205,2205,2024-04-19,51.0,F,Basic,Sport,Pallone,103,2,206,PayPal,Milano,0,BRT,2,8
1206,2206,2024-08-06,,F,Silver,Elettronica,Cuffie,259,2,518,PayPal,Torino,1,Poste,7,1
1207,2207,2024-06-18,18.0,M,Silver,Abbigliamento,Giacca,121,3,363,CreditCard,Roma,0,BRT,2,1
1208,2208,2024-05-01,64.0,M,Silver,Abbigliamento,Maglione,110,1,110,PayPal,Torino,1,Poste,6,0
1209,2209,2024-11-27,45.0,F,Silver,Casa,Lampada,78,1,78,Cash,Bologna,0,BRT,2,4
1210,2210,2024-08-15,29.0,F,Silver,Abbigliamento,Maglione,57,3,171,Cash,Roma,1,Poste,2,10
1211,2211,2024-02-22,21.0,F,Silver,Libri,Guida,37,1,37,CreditCard,Milano,0,DHL,1,3
1212,2212,2024-03-23,52.0,M,Silver,Casa,Coperta,124,1,124,BankTransfer,Napoli,0,DHL,2,9
1213,2213,2024-09-14,,F,Basic,Abbigliamento,Scarpe,24,1,24,CreditCard,Roma,1,GLS,3,9
1214,2214,2024-10-16,54.0,F,Gold,Libri,Romanzo,16,3,48,BankTransfer,Torino,0,BRT,7,9
1215,2215,2024-01-07,37.0,M,Gold,Casa,Coperta,21,3,63,CreditCard,Roma,1,BRT,4,9
1216,2216,2024-03-02,34.0,M,Basic,Sport,Manubri,27,2,54,BankTransfer,Torino,0,BRT,2,0
1217,2217,2024-04-25,72.0,M,Gold,Casa,Coperta,48,3,144,CreditCard,Milano,1,BRT,2,8
1218,2218,2024-03-08,18.0,M,Basic,Elettronica,Laptop,511,2,1022,CreditCard,Roma,0,BRT,6,8
1219,2219,2024-09-01,,M,Gold,Sport,Manubri,165,2,330,Cash,Roma,1,DHL,3,10
1220,2220,2024-04-24,44.0,M,Gold,Abbigliamento,Giacca,188,5,940,BankTransfer,Torino,0,BRT,4,10
1221,2221,2024-10-12,45.0,F,Basic,Libri,Romanzo,37,2,74,CreditCard,Roma,1,BRT,1,13
1222,2222,2024-03-24,46.0,M,Basic,Abbigliamento,Scarpe,133,2,266,Cash,Napoli,0,Poste,6,12
1223,2223,2024-09-06,34.0,M,Basic,Libri,Manuale,14,2,28,CreditCard,Torino,0,Poste,1,8
1224,2224,2024-02-16,55.0,F,Silver,Elettronica,Cuffie,174,3,522,PayPal,Milano,1,BRT,2,9
1225,2225,2024-03-08,18.0,F,Basic,Libri,Guida,44,2,88,Cash,Torino,0,GLS,4,4
1226,2226,2024-01-22,26.0,M,Basic,Libri,Enciclopedia,30,3,90,CreditCard,Torino,0,GLS,3,13
1227,2227,2024-02-22,36.0,M,Silver,Libri,Guida,38,2,76,CreditCard,Roma,0,Poste,1,9
1228,2228,2024-10-17,40.0,M,Basic,Libri,Romanzo,30,2,60,CreditCard,Torino,0,BRT,1,6
1229,2229,2024-10-13,44.0,F,Silver,Abbigliamento,T-shirt,194,1,194,PayPal,Torino,1,Poste,1,1
1230,2230,2024-12-17,48.0,M,Basic,Elettronica,Smartphone,397,1,397,Cash,Torino,1,BRT,3,2
1231,2231,2024-05-19,18.0,F,Basic,Elettronica,Cuffie,530,1,530,BankTransfer,Milano,0,GLS,3,9
1232,2232,2024-03-15,38.0,M,Basic,Abbigliamento,Maglione,121,4,484,PayPal,Milano,0,DHL,3,15
1233,2233,2024-10-31,46.0,M,Silver,Sport,Tappetino Yoga,29,1,29,PayPal,Milano,1,BRT,5,6
1234,2234,2024-05-30,58.0,F,Basic,Elettronica,Smartwatch,294,4,1176,PayPal,Milano,0,Poste,1,10
1235,2235,2024-11-08,36.0,F,Silver,Casa,Tappeto,16,2,32,PayPal,Roma,0,GLS,4,5
1236,2236,2024-04-16,62.0,M,Gold,Abbigliamento,Giacca,190,1,190,PayPal,Milano,0,BRT,7,5
1237,2237,2024-11-27,34.0,M,Silver,Sport,Tappetino Yoga,120,2,240,BankTransfer,Napoli,0,GLS,3,5
1238,2238,2024-12-08,,M,Gold,Libri,Romanzo,49,1,49,Cash,Bologna,0,BRT,4,2
1239,2239,2024-06-10,40.0,F,Basic,Libri,Manuale,41,2,82,CreditCard,Torino,0,GLS,4,0
1240,2240,2024-04-04,30.0,M,Basic,Elettronica,Cuffie,87,3,261,PayPal,Milano,1,GLS,3,3
1241,2241,2024-04-27,49.0,F,Gold,Libri,Guida,14,1,14,CreditCard,Roma,0,Poste,1,6
1242,2242,2024-11-28,,F,Gold,Casa,Tappeto,134,1,134,CreditCard,Torino,0,Poste,4,4
1243,2243,2024-02-19,38.0,F,Basic,Elettronica,Laptop,182,1,182,PayPal,Bologna,0,DHL,1,10
1244,2244,2024-01-27,30.0,M,Silver,Casa,Tappeto,81,1,81,CreditCard,Milano,1,GLS,4,0
1245,2245,2024-03-06,30.0,F,Basic,Abbigliamento,T-shirt,133,1,133,PayPal,Torino,0,DHL,2,0
1246,2246,2024-05-29,55.0,F,Silver,Elettronica,Cuffie,132,2,264,PayPal,Milano,0,DHL,2,4
1247,2247,2024-03-11,54.0,M,Silver,Sport,Scarpe Running,131,1,131,CreditCard,Torino,0,GLS,3,2
1248,2248,2024-06-11,,F,Silver,Elettronica,Smartphone,286,4,1144,PayPal,Napoli,0,BRT,3,14
1249,2249,2024-07-01,34.0,M,Silver,Abbigliamento,Jeans,193,2,386,CreditCard,Napoli,1,GLS,3,7
1250,2250,2024-12-24,38.0,F,Gold,Casa,Cuscino,143,2,286,BankTransfer,Milano,0,Poste,2,0
1251,2251,2024-07-28,18.0,F,Gold,Elettronica,Cuffie,371,2,742,Cash,Bologna,1,GLS,3,7
1252,2252,2024-05-05,,M,Silver,Sport,Manubri,22,1,22,BankTransfer,Torino,0,BRT,1,6
1253,2253,2024-02-23,,M,Gold,Sport,Pallone,62,2,124,CreditCard,Milano,0,DHL,2,6
1254,2254,2024-05-09,,M,Basic,Libri,Fumetto,25,1,25,PayPal,Napoli,1,GLS,4,5
1255,2255,2024-11-29,21.0,F,Silver,Sport,Scarpe Running,27,1,27,CreditCard,Milano,1,BRT,5,6
1256,2256,2024-04-17,39.0,F,Basic,Elettronica,Cuffie,690,2,1380,BankTransfer,Roma,0,Poste,2,5
1257,2257,2024-09-26,57.0,M,Silver,Elettronica,Tablet,321,1,321,Cash,Napoli,1,GLS,3,5
1258,2258,2024-12-24,18.0,F,Silver,Elettronica,Laptop,204,1,204,Cash,Bologna,0,GLS,4,3
1259,2259,2024-11-10,34.0,F,Basic,Casa,Cuscino,42,1,42,BankTransfer,Napoli,0,GLS,3,3
1260,2260,2024-07-17,45.0,M,Basic,Sport,Tappetino Yoga,143,1,143,BankTransfer,Roma,0,GLS,4,10
1261,2261,2024-05-20,68.0,F,Silver,Abbigliamento,Jeans,81,3,243,CreditCard,Torino,1,DHL,3,10
1262,2262,2024-12-22,29.0,M,Basic,Elettronica,Smartphone,668,4,2672,BankTransfer,Roma,0,Poste,5,8
1263,2263,2024-05-03,61.0,F,Gold,Casa,Coperta,46,4,184,PayPal,Bologna,0,BRT,2,9
1264,2264,2024-11-23,32.0,F,Basic,Abbigliamento,T-shirt,137,1,137,BankTransfer,Milano,1,GLS,4,1
1265,2265,2024-01-10,23.0,F,Silver,Casa,Cuscino,121,5,605,PayPal,Torino,1,BRT,2,16
1266,2266,2024-07-19,,M,Basic,Elettronica,Smartwatch,619,5,3095,CreditCard,Milano,0,GLS,3,14
1267,2267,2024-11-19,35.0,F,Silver,Casa,Lampada,22,1,22,CreditCard,Bologna,1,Poste,5,7
1268,2268,2024-03-29,38.0,F,Silver,Sport,Scarpe Running,110,1,110,BankTransfer,Napoli,1,GLS,3,9
1269,2269,2024-10-17,33.0,F,Silver,Libri,Enciclopedia,15,2,30,BankTransfer,Milano,0,Poste,3,13
1270,2270,2024-10-23,,M,Basic,Elettronica,Smartwatch,298,1,298,CreditCard,Milano,0,BRT,5,0
1271,2271,2024-07-31,41.0,M,Gold,Elettronica,Smartphone,787,3,2361,CreditCard,Roma,1,GLS,2,10
1272,2272,2024-01-31,36.0,M,Basic,Sport,Scarpe Running,141,2,282,CreditCard,Torino,1,BRT,4,11
1273,2273,2024-03-10,29.0,M,Basic,Libri,Enciclopedia,43,2,86,CreditCard,Napoli,1,BRT,4,9
1274,2274,2024-01-31,,M,Basic,Abbigliamento,Jeans,139,1,139,PayPal,Roma,0,GLS,4,4
1275,2275,2024-07-21,18.0,M,Basic,Abbigliamento,Jeans,188,1,188,PayPal,Napoli,1,DHL,3,0
1276,2276,2024-05-10,41.0,F,Silver,Sport,Tappetino Yoga,85,1,85,CreditCard,Milano,0,Poste,4,3
1277,2277,2024-04-11,,M,Basic,Sport,Manubri,63,1,63,Cash,Bologna,1,BRT,2,12
1278,2278,2024-05-21,58.0,F,Gold,Libri,Romanzo,18,3,54,Cash,Milano,0,BRT,7,12
1279,2279,2024-05-15,,F,Basic,Abbigliamento,Maglione,125,2,250,BankTransfer,Napoli,1,BRT,6,7
1280,2280,2024-07-10,,F,Gold,Libri,Manuale,18,2,36,BankTransfer,Milano,0,GLS,3,4
1281,2281,2024-10-12,39.0,F,Basic,Elettronica,Cuffie,148,2,296,BankTransfer,Torino,1,DHL,2,6
1282,2282,2024-09-12,26.0,M,Basic,Abbigliamento,Giacca,125,1,125,BankTransfer,Bologna,0,GLS,3,1
1283,2283,2024-01-26,42.0,M,Gold,Abbigliamento,Jeans,47,2,94,BankTransfer,Roma,0,Poste,5,14
1284,2284,2024-12-26,43.0,M,Silver,Abbigliamento,Maglione,35,1,35,CreditCard,Roma,0,GLS,5,1
1285,2285,2024-10-22,26.0,F,Basic,Casa,Cuscino,143,5,715,BankTransfer,Bologna,1,Poste,6,7
1286,2286,2024-12-19,38.0,F,Silver,Casa,Cuscino,130,1,130,PayPal,Bologna,0,GLS,3,0
1287,2287,2024-01-27,68.0,M,Gold,Casa,Tappeto,104,2,208,CreditCard,Roma,0,Poste,3,0
1288,2288,2024-08-04,21.0,M,Silver,Libri,Enciclopedia,31,2,62,Cash,Torino,1,BRT,3,0
1289,2289,2024-12-09,60.0,F,Silver,Abbigliamento,Jeans,28,1,28,CreditCard,Bologna,0,Poste,2,0
1290,2290,2024-02-25,35.0,F,Basic,Libri,Guida,32,2,64,PayPal,Bologna,0,BRT,2,4
1291,2291,2024-08-25,60.0,M,Gold,Elettronica,Smartwatch,724,4,2896,BankTransfer,Milano,0,BRT,3,11
1292,2292,2024-05-26,25.0,M,Silver,Abbigliamento,Maglione,131,1,131,BankTransfer,Milano,1,BRT,2,2
1293,2293,2024-09-03,,M,Basic,Sport,Scarpe Running,110,1,110,PayPal,Torino,0,GLS,2,3
1294,2294,2024-05-14,43.0,M,Silver,Abbigliamento,Giacca,156,3,468,Cash,Torino,0,BRT,5,13
1295,2295,2024-09-06,,M,Silver,Abbigliamento,T-shirt,177,3,531,PayPal,Torino,1,GLS,3,14
1296,2296,2024-05-08,48.0,F,Silver,Sport,Manubri,59,3,177,BankTransfer,Bologna,1,GLS,4,11
1297,2297,2024-01-23,35.0,F,Basic,Libri,Enciclopedia,18,3,54,PayPal,Napoli,1,BRT,1,8
1298,2298,2024-07-15,56.0,F,Basic,Abbigliamento,Jeans,79,5,395,PayPal,Bologna,1,Poste,6,20
1299,2299,2024-03-26,41.0,M,Silver,Elettronica,Smartphone,172,2,344,Cash,Milano,0,Poste,4,5
1300,2300,2024-11-20,48.0,F,Gold,Elettronica,Laptop,103,2,206,Cash,Torino,0,DHL,2,13
1301,2301,2024-05-15,20.0,M,Silver,Sport,Scarpe Running,110,1,110,PayPal,Napoli,0,DHL,2,7
1302,2302,2024-01-24,28.0,F,Gold,Casa,Pentola,18,1,18,Cash,Milano,0,DHL,2,5
1303,2303,2024-03-30,54.0,M,Gold,Elettronica,Cuffie,632,3,1896,CreditCard,Bologna,0,DHL,3,2
1304,2304,2024-09-25,46.0,M,Basic,Sport,Pallone,41,2,82,CreditCard,Napoli,1,DHL,3,3
1305,2305,2024-07-28,36.0,F,Silver,Elettronica,Laptop,239,3,717,PayPal,Torino,1,DHL,2,5
1306,2306,2024-04-28,36.0,M,Basic,Abbigliamento,T-shirt,174,3,522,CreditCard,Bologna,1,DHL,2,3
1307,2307,2024-03-09,49.0,F,Basic,Casa,Tappeto,30,2,60,PayPal,Milano,1,GLS,4,4
1308,2308,2024-02-19,35.0,F,Basic,Elettronica,Smartphone,389,3,1167,Cash,Bologna,0,BRT,5,9
1309,2309,2024-10-03,39.0,M,Basic,Sport,Tappetino Yoga,37,2,74,BankTransfer,Milano,1,DHL,2,6
1310,2310,2024-04-29,18.0,F,Silver,Sport,Pallone,89,1,89,BankTransfer,Napoli,1,BRT,4,5
1311,2311,2024-09-17,65.0,M,Silver,Abbigliamento,Jeans,184,2,368,CreditCard,Roma,0,DHL,3,5
1312,2312,2024-11-30,49.0,M,Gold,Sport,Scarpe Running,92,2,184,CreditCard,Roma,0,DHL,2,3
1313,2313,2024-12-06,50.0,M,Basic,Casa,Tappeto,26,2,52,CreditCard,Bologna,0,GLS,2,7
1314,2314,2024-02-14,18.0,M,Silver,Sport,Manubri,171,4,684,PayPal,Milano,1,BRT,4,9
1315,2315,2024-04-05,38.0,M,Basic,Elettronica,Smartwatch,476,4,1904,BankTransfer,Milano,0,Poste,8,12
1316,2316,2024-05-19,32.0,M,Silver,Libri,Manuale,19,1,19,PayPal,Roma,1,Poste,2,0
1317,2317,2024-01-12,18.0,M,Silver,Libri,Romanzo,39,2,78,CreditCard,Napoli,1,BRT,5,11
1318,2318,2024-07-27,49.0,F,Silver,Abbigliamento,Jeans,47,4,188,BankTransfer,Roma,1,DHL,2,16
1319,2319,2024-11-26,,F,Basic,Libri,Manuale,15,4,60,CreditCard,Napoli,0,Poste,6,9
1320,2320,2024-04-04,30.0,M,Basic,Casa,Coperta,109,4,436,CreditCard,Milano,0,DHL,3,10
1321,2321,2024-09-08,35.0,M,Gold,Casa,Pentola,125,1,125,CreditCard,Bologna,0,BRT,2,6
1322,2322,2024-12-31,64.0,F,Gold,Abbigliamento,T-shirt,72,3,216,Cash,Torino,1,DHL,1,12
1323,2323,2024-03-21,18.0,M,Silver,Libri,Guida,33,1,33,PayPal,Bologna,0,BRT,2,0
1324,2324,2024-01-09,49.0,F,Gold,Sport,Tappetino Yoga,68,2,136,PayPal,Torino,0,Poste,3,6
1325,2325,2024-12-14,33.0,F,Basic,Abbigliamento,Giacca,47,2,94,BankTransfer,Roma,0,DHL,3,13
1326,2326,2024-12-31,36.0,M,Silver,Sport,Scarpe Running,107,4,428,BankTransfer,Napoli,0,GLS,3,12
1327,2327,2024-02-25,29.0,F,Basic,Libri,Enciclopedia,24,3,72,BankTransfer,Torino,1,BRT,1,6
1328,2328,2024-07-03,54.0,F,Gold,Abbigliamento,Maglione,76,3,228,Cash,Torino,0,DHL,2,7
1329,2329,2024-11-17,21.0,M,Silver,Libri,Manuale,34,3,102,CreditCard,Roma,0,GLS,4,12
1330,2330,2024-10-23,52.0,M,Silver,Libri,Manuale,17,3,51,PayPal,Roma,1,BRT,1,9
1331,2331,2024-04-02,59.0,M,Silver,Abbigliamento,T-shirt,167,2,334,CreditCard,Milano,0,DHL,2,1
1332,2332,2024-03-29,18.0,M,Silver,Casa,Lampada,63,1,63,BankTransfer,Roma,1,Poste,1,8
1333,2333,2024-03-16,21.0,M,Basic,Casa,Pentola,146,2,292,PayPal,Milano,0,DHL,4,7
1334,2334,2024-07-11,47.0,F,Silver,Elettronica,Laptop,464,1,464,CreditCard,Milano,0,GLS,2,0
1335,2335,2024-10-26,24.0,M,Silver,Casa,Cuscino,96,2,192,PayPal,Bologna,1,BRT,4,1
1336,2336,2024-10-26,28.0,F,Basic,Libri,Fumetto,41,1,41,PayPal,Roma,1,GLS,4,0
1337,2337,2024-03-15,31.0,M,Basic,Libri,Enciclopedia,40,2,80,Cash,Torino,1,GLS,3,12
1338,2338,2024-03-24,33.0,F,Basic,Casa,Coperta,55,1,55,PayPal,Roma,1,GLS,3,0
1339,2339,2024-08-11,49.0,M,Silver,Sport,Pallone,115,2,230,Cash,Bologna,0,BRT,3,10
1340,2340,2024-06-24,29.0,M,Basic,Abbigliamento,Scarpe,66,2,132,CreditCard,Milano,1,BRT,3,8
1341,2341,2024-02-16,39.0,F,Basic,Abbigliamento,Scarpe,144,1,144,CreditCard,Milano,0,BRT,2,2
1342,2342,2024-11-08,49.0,M,Basic,Sport,Tappetino Yoga,154,2,308,PayPal,Milano,1,BRT,3,5
1343,2343,2024-05-12,18.0,M,Basic,Casa,Cuscino,121,1,121,CreditCard,Torino,0,GLS,2,4
1344,2344,2024-07-29,,M,Silver,Sport,Scarpe Running,142,4,568,BankTransfer,Napoli,1,GLS,4,12
1345,2345,2024-06-30,51.0,F,Silver,Sport,Tappetino Yoga,62,1,62,BankTransfer,Torino,0,Poste,5,0
1346,2346,2024-02-28,32.0,M,Silver,Casa,Tappeto,58,1,58,CreditCard,Roma,0,GLS,4,0
1347,2347,2024-02-24,18.0,M,Silver,Elettronica,Cuffie,483,2,966,BankTransfer,Bologna,0,GLS,3,9
1348,2348,2024-01-19,25.0,F,Gold,Sport,Scarpe Running,115,2,230,PayPal,Milano,0,BRT,2,2
1349,2349,2024-01-12,50.0,F,Basic,Casa,Tappeto,14,4,56,PayPal,Bologna,1,BRT,3,16
1350,2350,2024-04-23,32.0,M,Silver,Libri,Romanzo,35,3,105,PayPal,Roma,1,BRT,3,7
1351,2351,2024-04-22,32.0,F,Basic,Sport,Tappetino Yoga,34,1,34,CreditCard,Roma,0,BRT,4,3
1352,2352,2024-03-06,36.0,M,Basic,Libri,Enciclopedia,33,2,66,CreditCard,Bologna,0,BRT,4,8
1353,2353,2024-03-30,49.0,M,Basic,Casa,Coperta,80,2,160,PayPal,Torino,1,GLS,3,11
1354,2354,2024-06-19,31.0,F,Basic,Elettronica,Smartphone,733,3,2199,PayPal,Torino,0,BRT,3,13
1355,2355,2024-03-01,,M,Silver,Abbigliamento,T-shirt,44,2,88,BankTransfer,Torino,0,BRT,3,3
1356,2356,2024-09-20,,F,Gold,Libri,Romanzo,11,1,11,PayPal,Bologna,0,Poste,8,7
1357,2357,2024-03-24,23.0,F,Basic,Libri,Romanzo,42,2,84,CreditCard,Torino,0,GLS,3,7
1358,2358,2024-04-13,37.0,M,Basic,Sport,Manubri,132,2,264,PayPal,Milano,0,GLS,3,3
1359,2359,2024-03-04,30.0,M,Basic,Libri,Romanzo,41,1,41,CreditCard,Bologna,0,Poste,4,9
1360,2360,2024-02-28,44.0,M,Silver,Casa,Tappeto,109,1,109,CreditCard,Torino,0,Poste,4,5
1361,2361,2024-05-19,18.0,M,Basic,Sport,Pallone,144,2,288,CreditCard,Roma,0,Poste,8,11
1362,2362,2024-07-28,61.0,M,Silver,Abbigliamento,Scarpe,85,2,170,CreditCard,Torino,0,GLS,4,6
1363,2363,2024-01-18,58.0,F,Silver,Elettronica,Cuffie,558,2,1116,PayPal,Napoli,0,BRT,2,4
1364,2364,2024-06-03,25.0,F,Basic,Sport,Manubri,66,2,132,PayPal,Napoli,1,DHL,1,1
1365,2365,2024-09-30,28.0,M,Silver,Casa,Pentola,125,1,125,BankTransfer,Bologna,0,GLS,5,4
1366,2366,2024-03-16,24.0,F,Basic,Abbigliamento,Maglione,164,5,820,BankTransfer,Milano,1,DHL,2,9
1367,2367,2024-02-08,36.0,M,Basic,Casa,Pentola,30,1,30,BankTransfer,Milano,1,BRT,3,4
1368,2368,2024-07-14,30.0,F,Silver,Casa,Coperta,133,1,133,PayPal,Bologna,1,BRT,3,0
1369,2369,2024-08-15,40.0,M,Silver,Libri,Manuale,39,2,78,BankTransfer,Milano,0,DHL,3,7
1370,2370,2024-11-09,18.0,F,Gold,Libri,Manuale,49,1,49,Cash,Roma,0,BRT,4,3
1371,2371,2024-08-07,40.0,F,Gold,Casa,Tappeto,92,1,92,CreditCard,Bologna,0,DHL,2,0
1372,2372,2024-08-29,38.0,M,Silver,Elettronica,Laptop,746,2,1492,PayPal,Bologna,0,Poste,8,3
1373,2373,2024-05-11,18.0,M,Silver,Abbigliamento,Jeans,45,4,180,BankTransfer,Roma,1,BRT,2,13
1374,2374,2024-07-11,,F,Basic,Elettronica,Smartwatch,799,3,2397,CreditCard,Napoli,0,GLS,5,10
1375,2375,2024-12-07,39.0,F,Basic,Sport,Scarpe Running,56,1,56,CreditCard,Milano,0,BRT,4,7
1376,2376,2024-11-06,35.0,M,Silver,Casa,Cuscino,117,3,351,CreditCard,Milano,1,Poste,8,9
1377,2377,2024-01-28,38.0,F,Basic,Abbigliamento,Maglione,186,2,372,BankTransfer,Milano,0,GLS,5,4
1378,2378,2024-07-19,44.0,M,Silver,Casa,Lampada,66,4,264,CreditCard,Torino,1,Poste,5,15
1379,2379,2024-03-04,,M,Gold,Casa,Pentola,12,3,36,CreditCard,Roma,0,BRT,5,12
1380,2380,2024-09-21,32.0,F,Silver,Elettronica,Cuffie,665,1,665,CreditCard,Milano,1,BRT,2,8
1381,2381,2024-06-27,55.0,F,Gold,Abbigliamento,Maglione,21,1,21,CreditCard,Torino,0,GLS,4,4
1382,2382,2024-09-27,,M,Gold,Libri,Manuale,13,3,39,PayPal,Roma,0,Poste,4,8
1383,2383,2024-11-13,36.0,M,Basic,Abbigliamento,Maglione,117,2,234,BankTransfer,Milano,0,DHL,3,5
1384,2384,2024-01-06,52.0,M,Gold,Casa,Coperta,137,2,274,PayPal,Torino,1,BRT,5,1
1385,2385,2024-12-30,53.0,F,Silver,Libri,Guida,45,2,90,PayPal,Milano,0,GLS,4,11
1386,2386,2024-02-06,27.0,M,Basic,Elettronica,Smartwatch,380,4,1520,CreditCard,Napoli,1,DHL,3,9
1387,2387,2024-11-27,23.0,F,Basic,Elettronica,Laptop,779,2,1558,BankTransfer,Bologna,0,BRT,4,16
1388,2388,2024-03-06,27.0,M,Basic,Abbigliamento,Scarpe,188,3,564,CreditCard,Roma,0,Poste,1,8
1389,2389,2024-09-01,20.0,F,Basic,Elettronica,Smartwatch,706,3,2118,PayPal,Roma,0,DHL,1,9
1390,2390,2024-06-06,18.0,F,Basic,Libri,Manuale,48,3,144,BankTransfer,Torino,0,GLS,3,14
1391,2391,2024-01-12,43.0,F,Basic,Casa,Tappeto,149,4,596,PayPal,Napoli,1,BRT,1,20
1392,2392,2024-04-16,36.0,F,Basic,Casa,Coperta,106,2,212,CreditCard,Milano,0,Poste,1,8
1393,2393,2024-07-22,48.0,M,Basic,Abbigliamento,Maglione,88,3,264,CreditCard,Milano,0,BRT,3,11
1394,2394,2024-03-08,38.0,F,Silver,Abbigliamento,Maglione,106,2,212,CreditCard,Roma,1,BRT,3,7
1395,2395,2024-07-07,44.0,M,Gold,Casa,Pentola,68,4,272,CreditCard,Napoli,0,DHL,2,15
1396,2396,2024-05-04,,F,Basic,Sport,Borraccia,37,1,37,PayPal,Bologna,1,Poste,7,0
1397,2397,2024-10-23,24.0,M,Basic,Sport,Scarpe Running,24,2,48,PayPal,Roma,1,BRT,3,1
1398,2398,2024-07-20,,M,Basic,Elettronica,Smartphone,105,1,105,CreditCard,Napoli,0,Poste,4,1
1399,2399,2024-07-11,49.0,M,Basic,Libri,Guida,19,3,57,CreditCard,Bologna,0,GLS,3,10
1400,2400,2024-03-11,18.0,M,Basic,Elettronica,Smartwatch,206,1,206,CreditCard,Torino,0,Poste,4,0
1401,2401,2024-02-03,51.0,M,Basic,Libri,Romanzo,33,4,132,PayPal,Napoli,0,Poste,4,11
1402,2402,2024-11-08,18.0,F,Basic,Abbigliamento,T-shirt,116,2,232,PayPal,Roma,0,Poste,4,10
1403,2403,2024-06-22,37.0,M,Silver,Casa,Coperta,135,1,135,CreditCard,Torino,0,Poste,3,2
1404,2404,2024-04-18,32.0,M,Silver,Elettronica,Tablet,358,1,358,CreditCard,Bologna,0,BRT,1,2
1405,2405,2024-09-02,36.0,F,Gold,Libri,Manuale,21,1,21,CreditCard,Milano,0,GLS,4,2
1406,2406,2024-06-13,54.0,F,Silver,Casa,Lampada,37,2,74,CreditCard,Bologna,1,BRT,2,6
1407,2407,2024-06-24,19.0,F,Basic,Sport,Scarpe Running,153,2,306,PayPal,Roma,1,BRT,2,1
1408,2408,2024-09-25,,M,Silver,Casa,Tappeto,48,3,144,Cash,Roma,0,BRT,2,8
1409,2409,2024-05-16,75.0,M,Gold,Sport,Tappetino Yoga,99,3,297,BankTransfer,Milano,0,GLS,2,6
1410,2410,2024-06-06,18.0,M,Silver,Elettronica,Tablet,121,4,484,PayPal,Roma,1,BRT,2,9
1411,2411,2024-11-13,29.0,M,Basic,Casa,Lampada,43,4,172,CreditCard,Milano,1,BRT,4,5
1412,2412,2024-03-20,37.0,F,Gold,Elettronica,Cuffie,73,3,219,BankTransfer,Torino,1,DHL,2,11
1413,2413,2024-07-22,41.0,F,Basic,Sport,Scarpe Running,66,2,132,PayPal,Roma,1,BRT,4,2
1414,2414,2024-07-17,30.0,F,Basic,Libri,Guida,31,1,31,PayPal,Roma,0,GLS,5,2
1415,2415,2024-08-20,34.0,F,Basic,Abbigliamento,Jeans,93,2,186,BankTransfer,Roma,0,GLS,2,12
1416,2416,2024-02-20,54.0,M,Gold,Elettronica,Smartphone,480,2,960,PayPal,Roma,0,BRT,2,6
1417,2417,2024-10-16,35.0,M,Silver,Casa,Tappeto,92,2,184,PayPal,Bologna,0,GLS,3,10
1418,2418,2024-09-04,42.0,F,Basic,Sport,Tappetino Yoga,169,2,338,Cash,Napoli,0,BRT,4,4
1419,2419,2024-05-27,,M,Basic,Elettronica,Smartwatch,455,1,455,CreditCard,Torino,0,DHL,2,3
1420,2420,2024-08-11,44.0,F,Basic,Casa,Pentola,59,1,59,CreditCard,Milano,0,BRT,4,4
1421,2421,2024-04-18,45.0,M,Basic,Sport,Scarpe Running,73,1,73,BankTransfer,Milano,0,BRT,2,4
1422,2422,2024-12-13,39.0,M,Basic,Elettronica,Cuffie,569,5,2845,PayPal,Roma,1,GLS,3,16
1423,2423,2024-02-27,,M,Basic,Libri,Fumetto,15,4,60,BankTransfer,Torino,0,Poste,8,12
1424,2424,2024-04-16,37.0,M,Silver,Casa,Tappeto,125,3,375,Cash,Milano,0,DHL,3,7
1425,2425,2024-04-01,24.0,F,Gold,Elettronica,Smartphone,192,2,384,PayPal,Milano,0,GLS,4,1
1426,2426,2024-08-30,39.0,F,Silver,Elettronica,Smartwatch,790,3,2370,PayPal,Milano,0,DHL,3,9
1427,2427,2024-11-14,33.0,F,Silver,Casa,Cuscino,73,3,219,Cash,Bologna,0,Poste,3,12
1428,2428,2024-04-08,36.0,M,Silver,Casa,Lampada,59,2,118,Cash,Napoli,1,DHL,3,0
1429,2429,2024-09-27,,F,Basic,Sport,Tappetino Yoga,168,1,168,PayPal,Napoli,0,DHL,2,0
1430,2430,2024-07-20,,F,Basic,Abbigliamento,Maglione,58,5,290,PayPal,Roma,1,DHL,2,12
1431,2431,2024-08-19,,M,Silver,Libri,Manuale,23,2,46,PayPal,Bologna,0,BRT,8,3
1432,2432,2024-09-24,32.0,F,Basic,Sport,Borraccia,154,2,308,BankTransfer,Torino,0,DHL,1,6
1433,2433,2024-08-14,46.0,M,Silver,Sport,Pallone,79,1,79,PayPal,Milano,0,Poste,5,7
1434,2434,2024-10-15,42.0,M,Basic,Sport,Pallone,85,1,85,CreditCard,Bologna,0,BRT,4,0
1435,2435,2024-11-12,,F,Basic,Abbigliamento,Giacca,112,1,112,Cash,Torino,1,BRT,5,6
1436,2436,2024-10-30,45.0,F,Silver,Abbigliamento,Jeans,127,1,127,CreditCard,Napoli,1,BRT,5,1
1437,2437,2024-10-15,40.0,F,Silver,Libri,Manuale,24,2,48,Cash,Torino,0,GLS,3,3
1438,2438,2024-01-28,53.0,M,Silver,Sport,Pallone,84,3,252,Cash,Roma,1,BRT,4,10
1439,2439,2024-06-21,56.0,M,Silver,Libri,Fumetto,8,1,8,PayPal,Roma,0,GLS,4,3
1440,2440,2024-07-23,,M,Silver,Libri,Romanzo,12,1,12,CreditCard,Torino,0,BRT,6,2
1441,2441,2024-05-08,51.0,M,Silver,Casa,Pentola,15,1,15,PayPal,Napoli,0,BRT,4,0
1442,2442,2024-07-05,50.0,M,Basic,Abbigliamento,T-shirt,110,1,110,CreditCard,Napoli,1,BRT,4,8
1443,2443,2024-08-02,,F,Basic,Abbigliamento,Maglione,152,5,760,PayPal,Napoli,1,BRT,3,17
1444,2444,2024-07-29,24.0,F,Silver,Sport,Pallone,67,1,67,Cash,Torino,0,DHL,3,8
1445,2445,2024-11-17,74.0,M,Silver,Elettronica,Laptop,431,1,431,BankTransfer,Bologna,0,Poste,3,1
1446,2446,2024-12-17,18.0,F,Silver,Elettronica,Cuffie,678,3,2034,Cash,Milano,0,GLS,4,16
1447,2447,2024-07-10,38.0,F,Basic,Casa,Pentola,57,2,114,BankTransfer,Napoli,0,DHL,3,6
1448,2448,2024-09-01,40.0,F,Silver,Elettronica,Smartphone,84,2,168,CreditCard,Napoli,0,GLS,3,7
1449,2449,2024-11-07,36.0,M,Gold,Sport,Tappetino Yoga,117,2,234,CreditCard,Milano,0,DHL,2,0
1450,2450,2024-05-10,49.0,M,Basic,Sport,Tappetino Yoga,38,4,152,PayPal,Bologna,0,Poste,3,17
1451,2451,2024-11-01,,F,Basic,Casa,Coperta,113,5,565,PayPal,Roma,1,GLS,4,14
1452,2452,2024-01-22,26.0,F,Silver,Libri,Romanzo,15,3,45,CreditCard,Torino,1,Poste,3,12
1453,2453,2024-07-22,,M,Silver,Libri,Guida,38,1,38,CreditCard,Milano,1,GLS,4,0
1454,2454,2024-04-13,34.0,F,Silver,Casa,Cuscino,28,4,112,CreditCard,Torino,0,BRT,4,11
1455,2455,2024-02-10,47.0,F,Silver,Libri,Guida,13,1,13,CreditCard,Milano,1,BRT,3,2
1456,2456,2024-08-23,28.0,F,Basic,Libri,Guida,31,2,62,Cash,Bologna,1,DHL,2,9
1457,2457,2024-07-27,22.0,F,Basic,Abbigliamento,Jeans,107,5,535,BankTransfer,Torino,1,GLS,3,20
1458,2458,2024-05-25,29.0,F,Basic,Casa,Lampada,114,1,114,Cash,Napoli,0,Poste,5,3
1459,2459,2024-06-24,22.0,M,Silver,Casa,Cuscino,59,1,59,CreditCard,Milano,1,GLS,3,6
1460,2460,2024-01-08,46.0,M,Silver,Libri,Guida,25,5,125,PayPal,Bologna,0,BRT,3,18
1461,2461,2024-03-28,18.0,M,Silver,Elettronica,Laptop,288,1,288,CreditCard,Roma,0,GLS,3,7
1462,2462,2024-01-14,23.0,F,Silver,Libri,Enciclopedia,29,1,29,CreditCard,Bologna,0,BRT,1,11
1463,2463,2024-04-02,38.0,F,Basic,Libri,Romanzo,48,1,48,CreditCard,Bologna,0,Poste,2,9
1464,2464,2024-11-27,18.0,F,Gold,Elettronica,Smartwatch,628,1,628,PayPal,Roma,0,GLS,6,2
1465,2465,2024-06-01,30.0,M,Basic,Elettronica,Tablet,225,2,450,CreditCard,Milano,0,Poste,8,8
1466,2466,2024-08-11,33.0,F,Basic,Sport,Borraccia,180,1,180,BankTransfer,Torino,0,BRT,4,0
1467,2467,2024-10-02,,M,Basic,Abbigliamento,Jeans,66,1,66,CreditCard,Torino,1,BRT,2,0
1468,2468,2024-10-25,34.0,F,Basic,Sport,Pallone,150,1,150,Cash,Bologna,0,BRT,4,5
1469,2469,2024-01-11,30.0,M,Basic,Casa,Coperta,35,1,35,BankTransfer,Bologna,0,DHL,3,8
1470,2470,2024-04-22,28.0,M,Basic,Abbigliamento,Scarpe,16,3,48,BankTransfer,Roma,1,BRT,3,11
1471,2471,2024-09-08,,M,Basic,Casa,Lampada,59,1,59,CreditCard,Bologna,0,GLS,3,0
1472,2472,2024-10-02,33.0,M,Basic,Abbigliamento,Scarpe,64,1,64,CreditCard,Roma,0,GLS,3,4
1473,2473,2024-05-14,30.0,M,Basic,Libri,Guida,44,1,44,BankTransfer,Torino,0,BRT,4,0
1474,2474,2024-08-09,34.0,M,Basic,Casa,Lampada,34,3,102,BankTransfer,Roma,0,BRT,2,4
1475,2475,2024-04-20,54.0,M,Gold,Elettronica,Cuffie,183,3,549,CreditCard,Bologna,0,GLS,4,6
1476,2476,2024-09-07,,M,Basic,Elettronica,Smartwatch,187,1,187,BankTransfer,Torino,1,GLS,2,6
1477,2477,2024-09-08,28.0,F,Basic,Libri,Guida,10,1,10,CreditCard,Milano,0,DHL,1,3
1478,2478,2024-09-22,38.0,M,Gold,Elettronica,Smartphone,799,1,799,CreditCard,Milano,0,Poste,6,0
1479,2479,2024-03-01,33.0,M,Basic,Abbigliamento,Jeans,157,3,471,BankTransfer,Napoli,1,Poste,3,17
1480,2480,2024-04-27,66.0,F,Gold,Libri,Fumetto,45,1,45,CreditCard,Roma,0,BRT,2,0
1481,2481,2024-08-05,47.0,M,Basic,Sport,Tappetino Yoga,125,4,500,CreditCard,Napoli,1,GLS,2,15
1482,2482,2024-09-26,18.0,F,Basic,Sport,Manubri,37,4,148,PayPal,Milano,0,BRT,4,15
1483,2483,2024-08-10,31.0,M,Basic,Abbigliamento,Scarpe,168,4,672,PayPal,Napoli,1,Poste,6,9
1484,2484,2024-03-08,18.0,F,Basic,Elettronica,Cuffie,274,1,274,CreditCard,Roma,0,BRT,6,0
1485,2485,2024-04-23,,F,Basic,Abbigliamento,Jeans,97,1,97,PayPal,Torino,1,GLS,2,1
1486,2486,2024-06-23,49.0,M,Silver,Elettronica,Smartwatch,251,2,502,PayPal,Roma,0,BRT,2,7
1487,2487,2024-01-30,25.0,M,Basic,Abbigliamento,Maglione,100,3,300,BankTransfer,Torino,0,BRT,6,7
1488,2488,2024-03-18,19.0,M,Basic,Sport,Tappetino Yoga,178,4,712,BankTransfer,Bologna,0,DHL,2,14
1489,2489,2024-03-08,57.0,F,Gold,Libri,Enciclopedia,16,2,32,CreditCard,Bologna,0,GLS,4,8
1490,2490,2024-03-28,24.0,M,Silver,Sport,Scarpe Running,176,3,528,PayPal,Napoli,0,GLS,4,17
1491,2491,2024-01-22,52.0,F,Gold,Casa,Tappeto,88,1,88,BankTransfer,Torino,1,Poste,4,1
1492,2492,2024-09-27,41.0,M,Basic,Sport,Scarpe Running,27,1,27,CreditCard,Torino,0,GLS,3,2
1493,2493,2024-06-11,51.0,M,Gold,Casa,Tappeto,30,2,60,BankTransfer,Roma,1,Poste,4,7
1494,2494,2024-11-20,53.0,F,Gold,Abbigliamento,Giacca,25,2,50,Cash,Roma,0,Poste,8,5
1495,2495,2024-01-08,55.0,F,Silver,Abbigliamento,Scarpe,183,2,366,CreditCard,Bologna,1,BRT,3,2
1496,2496,2024-12-09,57.0,M,Silver,Sport,Pallone,177,2,354,PayPal,Roma,0,GLS,4,7
1497,2497,2024-10-05,42.0,F,Basic,Abbigliamento,Scarpe,21,2,42,CreditCard,Napoli,1,BRT,3,4
1498,2498,2024-05-28,,F,Silver,Abbigliamento,T-shirt,167,1,167,BankTransfer,Bologna,0,GLS,3,3
1499,2499,2024-07-16,,M,Gold,Abbigliamento,Giacca,119,1,119,BankTransfer,Bologna,0,GLS,3,4
1500,2500,2024-02-16,20.0,M,Silver,Abbigliamento,Maglione,37,4,148,BankTransfer,Roma,1,Poste,5,11
1501,2501,2024-07-14,29.0,M,Silver,Abbigliamento,Scarpe,142,3,426,BankTransfer,Milano,1,BRT,3,9
1502,2502,2024-01-01,36.0,F,Gold,Abbigliamento,Maglione,120,3,360,CreditCard,Milano,1,GLS,4,7
1503,2503,2024-08-05,23.0,M,Basic,Casa,Lampada,140,2,280,PayPal,Roma,1,GLS,4,5
1504,2504,2024-07-03,,F,Basic,Libri,Guida,20,1,20,CreditCard,Torino,0,Poste,4,4
1505,2505,2024-05-11,,M,Basic,Casa,Lampada,11,3,33,CreditCard,Milano,0,Poste,6,13
1506,2506,2024-08-06,43.0,F,Silver,Casa,Lampada,65,2,130,PayPal,Roma,0,BRT,3,7
1507,2507,2024-01-28,51.0,F,Gold,Sport,Pallone,166,1,166,Cash,Milano,0,Poste,3,3
1508,2508,2024-12-27,,M,Basic,Abbigliamento,Maglione,25,5,125,PayPal,Bologna,0,BRT,6,12
1509,2509,2024-09-07,53.0,M,Basic,Abbigliamento,T-shirt,60,1,60,BankTransfer,Roma,0,Poste,7,0
1510,2510,2024-05-03,18.0,M,Basic,Libri,Enciclopedia,26,2,52,PayPal,Bologna,0,BRT,2,4
1511,2511,2024-10-04,41.0,M,Silver,Elettronica,Smartphone,718,5,3590,PayPal,Napoli,0,BRT,3,11
1512,2512,2024-01-26,,F,Basic,Elettronica,Cuffie,571,2,1142,CreditCard,Bologna,1,DHL,1,3
1513,2513,2024-10-22,,F,Silver,Libri,Romanzo,18,2,36,CreditCard,Roma,0,DHL,2,3
1514,2514,2024-01-23,52.0,M,Silver,Sport,Scarpe Running,99,4,396,CreditCard,Milano,1,GLS,3,9
1515,2515,2024-10-17,30.0,M,Basic,Abbigliamento,Jeans,33,5,165,Cash,Napoli,0,BRT,4,16
1516,2516,2024-01-07,42.0,M,Silver,Libri,Guida,44,3,132,CreditCard,Torino,0,BRT,1,8
1517,2517,2024-05-15,55.0,M,Silver,Sport,Pallone,88,2,176,BankTransfer,Torino,0,BRT,1,8
1518,2518,2024-08-11,18.0,M,Silver,Sport,Tappetino Yoga,77,3,231,PayPal,Napoli,0,GLS,3,12
1519,2519,2024-08-30,53.0,M,Gold,Sport,Manubri,57,2,114,CreditCard,Bologna,0,BRT,1,3
1520,2520,2024-07-13,,M,Basic,Abbigliamento,Jeans,143,3,429,PayPal,Torino,1,BRT,2,14
1521,2521,2024-11-06,,M,Basic,Abbigliamento,Scarpe,100,1,100,BankTransfer,Roma,1,BRT,4,3
1522,2522,2024-05-31,75.0,F,Gold,Abbigliamento,Giacca,162,4,648,Cash,Torino,0,BRT,4,16
1523,2523,2024-04-07,46.0,F,Basic,Casa,Pentola,142,1,142,BankTransfer,Roma,0,DHL,2,5
1524,2524,2024-10-08,37.0,M,Basic,Casa,Pentola,88,3,264,PayPal,Napoli,1,Poste,5,9
1525,2525,2024-07-24,,M,Basic,Elettronica,Smartphone,477,3,1431,Cash,Napoli,1,Poste,5,9
1526,2526,2024-12-20,34.0,F,Silver,Libri,Enciclopedia,13,3,39,PayPal,Milano,0,Poste,2,13
1527,2527,2024-02-26,47.0,F,Basic,Libri,Romanzo,35,5,175,Cash,Roma,1,BRT,5,21
1528,2528,2024-05-06,33.0,F,Basic,Casa,Coperta,145,1,145,BankTransfer,Roma,1,Poste,1,2
1529,2529,2024-11-09,,F,Basic,Libri,Manuale,20,2,40,CreditCard,Roma,0,DHL,3,4
1530,2530,2024-05-15,,F,Basic,Abbigliamento,Jeans,67,1,67,CreditCard,Milano,1,DHL,1,3
1531,2531,2024-08-27,30.0,M,Basic,Sport,Scarpe Running,99,2,198,CreditCard,Torino,0,GLS,4,0
1532,2532,2024-04-21,29.0,M,Basic,Elettronica,Smartwatch,790,2,1580,PayPal,Bologna,0,DHL,2,5
1533,2533,2024-04-24,38.0,M,Silver,Elettronica,Tablet,491,1,491,BankTransfer,Roma,0,Poste,4,9
1534,2534,2024-07-09,58.0,M,Silver,Casa,Tappeto,71,1,71,CreditCard,Milano,0,BRT,3,4
1535,2535,2024-11-18,42.0,M,Gold,Casa,Cuscino,17,3,51,CreditCard,Roma,1,GLS,3,8
1536,2536,2024-11-07,51.0,M,Silver,Casa,Lampada,67,4,268,PayPal,Bologna,0,BRT,4,11
1537,2537,2024-12-23,47.0,F,Basic,Casa,Lampada,125,1,125,Cash,Roma,0,BRT,4,2
1538,2538,2024-06-23,40.0,M,Silver,Abbigliamento,Jeans,28,1,28,BankTransfer,Torino,0,GLS,5,3
1539,2539,2024-08-08,48.0,F,Silver,Sport,Tappetino Yoga,59,1,59,PayPal,Napoli,0,GLS,3,8
1540,2540,2024-12-06,36.0,F,Gold,Casa,Cuscino,114,1,114,PayPal,Milano,0,BRT,1,4
1541,2541,2024-12-25,19.0,M,Basic,Abbigliamento,Giacca,28,4,112,PayPal,Milano,0,BRT,5,14
1542,2542,2024-09-26,43.0,M,Silver,Elettronica,Cuffie,274,1,274,BankTransfer,Bologna,0,GLS,3,0
1543,2543,2024-08-14,18.0,M,Silver,Libri,Romanzo,45,2,90,PayPal,Napoli,0,BRT,3,1
1544,2544,2024-10-22,,M,Basic,Casa,Lampada,90,1,90,Cash,Milano,0,Poste,7,1
1545,2545,2024-04-13,37.0,M,Silver,Libri,Manuale,10,1,10,PayPal,Milano,0,BRT,3,7
1546,2546,2024-07-19,36.0,F,Basic,Abbigliamento,Jeans,141,3,423,Cash,Napoli,1,GLS,3,10
1547,2547,2024-11-20,32.0,F,Basic,Elettronica,Smartwatch,140,1,140,CreditCard,Milano,1,Poste,6,5
1548,2548,2024-10-27,53.0,M,Silver,Libri,Fumetto,45,5,225,PayPal,Milano,1,DHL,3,14
1549,2549,2024-01-21,22.0,F,Basic,Abbigliamento,Maglione,188,3,564,BankTransfer,Napoli,1,BRT,1,12
1550,2550,2024-04-01,18.0,F,Basic,Abbigliamento,Maglione,118,3,354,PayPal,Milano,0,BRT,3,10
1551,2551,2024-08-26,50.0,M,Basic,Libri,Romanzo,33,1,33,PayPal,Napoli,1,BRT,1,10
1552,2552,2024-12-12,39.0,F,Gold,Casa,Cuscino,16,5,80,BankTransfer,Milano,1,BRT,5,19
1553,2553,2024-05-02,36.0,M,Silver,Elettronica,Cuffie,413,2,826,CreditCard,Bologna,0,BRT,6,5
1554,2554,2024-08-23,32.0,F,Basic,Abbigliamento,Scarpe,164,1,164,BankTransfer,Torino,0,Poste,7,4
1555,2555,2024-08-05,,M,Silver,Casa,Coperta,32,3,96,CreditCard,Napoli,1,GLS,4,12
1556,2556,2024-03-10,24.0,M,Basic,Abbigliamento,Jeans,23,1,23,CreditCard,Roma,1,BRT,4,6
1557,2557,2024-01-21,46.0,F,Gold,Abbigliamento,Scarpe,163,1,163,PayPal,Bologna,0,BRT,1,2
1558,2558,2024-12-30,38.0,F,Gold,Casa,Lampada,115,2,230,CreditCard,Milano,0,BRT,4,8
1559,2559,2024-03-26,18.0,M,Silver,Elettronica,Laptop,55,1,55,Cash,Roma,0,Poste,7,7
1560,2560,2024-07-07,47.0,F,Basic,Casa,Pentola,117,2,234,Cash,Roma,1,BRT,4,9
1561,2561,2024-04-16,50.0,F,Basic,Elettronica,Smartphone,434,4,1736,BankTransfer,Roma,0,BRT,4,9
1562,2562,2024-01-01,36.0,F,Basic,Sport,Manubri,65,2,130,PayPal,Roma,1,GLS,3,3
1563,2563,2024-06-10,38.0,F,Basic,Casa,Coperta,46,3,138,CreditCard,Roma,0,BRT,1,9
1564,2564,2024-03-09,59.0,M,Gold,Elettronica,Laptop,435,3,1305,PayPal,Napoli,0,Poste,5,5
1565,2565,2024-04-07,44.0,F,Basic,Sport,Manubri,103,3,309,Cash,Milano,0,BRT,8,12
1566,2566,2024-02-02,56.0,F,Silver,Elettronica,Tablet,135,2,270,PayPal,Milano,0,GLS,3,8
1567,2567,2024-07-08,37.0,M,Silver,Sport,Tappetino Yoga,30,3,90,PayPal,Milano,0,BRT,2,17
1568,2568,2024-04-20,60.0,M,Gold,Abbigliamento,Scarpe,110,2,220,PayPal,Torino,1,BRT,1,3
1569,2569,2024-11-14,37.0,F,Basic,Casa,Coperta,33,2,66,Cash,Torino,0,Poste,4,6
1570,2570,2024-10-21,52.0,M,Silver,Libri,Guida,38,2,76,Cash,Roma,0,BRT,5,8
1571,2571,2024-01-18,33.0,M,Basic,Elettronica,Tablet,634,3,1902,CreditCard,Milano,0,Poste,5,0
1572,2572,2024-05-30,22.0,F,Basic,Elettronica,Tablet,800,2,1600,PayPal,Bologna,0,DHL,3,4
1573,2573,2024-06-14,53.0,F,Gold,Elettronica,Tablet,310,5,1550,PayPal,Milano,0,BRT,3,12
1574,2574,2024-01-21,72.0,F,Basic,Sport,Pallone,41,4,164,CreditCard,Napoli,1,GLS,3,18
1575,2575,2024-04-23,33.0,M,Basic,Casa,Cuscino,96,4,384,CreditCard,Milano,0,Poste,9,12
1576,2576,2024-05-30,60.0,M,Silver,Sport,Borraccia,31,3,93,BankTransfer,Milano,1,BRT,5,7
1577,2577,2024-09-04,34.0,F,Basic,Abbigliamento,Scarpe,39,5,195,Cash,Bologna,0,GLS,3,10
1578,2578,2024-03-20,52.0,M,Gold,Libri,Romanzo,10,2,20,BankTransfer,Bologna,0,BRT,5,12
1579,2579,2024-07-08,23.0,M,Basic,Elettronica,Smartwatch,343,1,343,PayPal,Napoli,0,BRT,2,0
1580,2580,2024-08-29,42.0,M,Basic,Elettronica,Smartwatch,770,1,770,CreditCard,Napoli,1,BRT,1,0
1581,2581,2024-04-30,27.0,M,Basic,Sport,Scarpe Running,93,4,372,CreditCard,Napoli,0,Poste,6,12
1582,2582,2024-09-27,18.0,F,Basic,Abbigliamento,Scarpe,115,1,115,PayPal,Roma,1,GLS,2,2
1583,2583,2024-02-12,48.0,F,Basic,Abbigliamento,T-shirt,129,1,129,BankTransfer,Roma,0,Poste,6,4
1584,2584,2024-02-06,62.0,M,Gold,Abbigliamento,Giacca,64,1,64,CreditCard,Torino,1,DHL,3,3
1585,2585,2024-01-07,26.0,F,Basic,Sport,Manubri,49,2,98,CreditCard,Napoli,0,DHL,2,7
1586,2586,2024-04-23,,M,Basic,Casa,Coperta,17,2,34,BankTransfer,Milano,0,BRT,5,9
1587,2587,2024-08-22,22.0,M,Basic,Libri,Manuale,13,1,13,BankTransfer,Roma,0,GLS,3,9
1588,2588,2024-05-08,31.0,M,Basic,Casa,Lampada,134,3,402,Cash,Roma,0,BRT,4,8
1589,2589,2024-09-05,,F,Silver,Casa,Pentola,11,1,11,PayPal,Milano,0,BRT,4,0
1590,2590,2024-05-01,49.0,F,Silver,Sport,Tappetino Yoga,160,1,160,CreditCard,Roma,1,Poste,5,1
1591,2591,2024-09-23,,M,Basic,Elettronica,Smartphone,291,1,291,BankTransfer,Milano,0,GLS,3,7
1592,2592,2024-05-05,49.0,F,Gold,Elettronica,Smartphone,373,3,1119,CreditCard,Torino,0,GLS,4,8
1593,2593,2024-08-01,31.0,M,Basic,Casa,Lampada,90,1,90,CreditCard,Torino,1,BRT,4,3
1594,2594,2024-12-24,,M,Gold,Sport,Manubri,88,1,88,CreditCard,Roma,0,Poste,3,4
1595,2595,2024-03-03,48.0,F,Silver,Libri,Enciclopedia,27,4,108,CreditCard,Milano,0,DHL,3,17
1596,2596,2024-11-24,34.0,M,Silver,Casa,Lampada,129,1,129,CreditCard,Milano,0,Poste,8,2
1597,2597,2024-09-16,24.0,F,Basic,Casa,Coperta,45,2,90,CreditCard,Napoli,1,Poste,2,6
1598,2598,2024-11-29,18.0,M,Basic,Abbigliamento,Giacca,15,1,15,BankTransfer,Torino,0,BRT,1,3
1599,2599,2024-08-08,,F,Basic,Casa,Tappeto,131,2,262,Cash,Milano,0,BRT,4,9
1600,2600,2024-06-30,18.0,F,Basic,Sport,Scarpe Running,164,3,492,BankTransfer,Milano,0,GLS,4,14
1601,2601,2024-08-07,38.0,F,Silver,Sport,Borraccia,78,4,312,PayPal,Napoli,1,Poste,2,20
1602,2602,2024-12-05,,M,Gold,Casa,Tappeto,18,3,54,CreditCard,Milano,0,BRT,6,10
1603,2603,2024-05-21,51.0,F,Basic,Sport,Pallone,83,2,166,CreditCard,Roma,1,BRT,2,3
1604,2604,2024-10-06,35.0,M,Basic,Libri,Fumetto,18,2,36,BankTransfer,Napoli,0,DHL,3,8
1605,2605,2024-11-10,46.0,M,Basic,Elettronica,Tablet,544,1,544,PayPal,Milano,0,BRT,5,0
1606,2606,2024-04-09,65.0,M,Basic,Libri,Manuale,10,1,10,PayPal,Napoli,0,Poste,8,0
1607,2607,2024-03-05,41.0,M,Silver,Elettronica,Laptop,767,2,1534,CreditCard,Napoli,0,GLS,3,2
1608,2608,2024-07-17,29.0,M,Basic,Casa,Coperta,94,2,188,PayPal,Torino,0,DHL,3,6
1609,2609,2024-12-19,60.0,M,Gold,Abbigliamento,Jeans,106,1,106,CreditCard,Napoli,0,BRT,2,0
1610,2610,2024-09-18,66.0,M,Silver,Abbigliamento,Scarpe,160,2,320,CreditCard,Napoli,1,Poste,7,11
1611,2611,2024-01-27,,F,Gold,Libri,Fumetto,14,4,56,CreditCard,Bologna,1,DHL,3,19
1612,2612,2024-04-24,49.0,F,Gold,Elettronica,Smartphone,160,1,160,Cash,Napoli,0,Poste,5,6
1613,2613,2024-08-30,40.0,M,Basic,Casa,Coperta,146,2,292,BankTransfer,Torino,0,GLS,4,5
1614,2614,2024-02-01,49.0,F,Basic,Abbigliamento,Scarpe,75,3,225,PayPal,Napoli,1,DHL,2,7
1615,2615,2024-11-29,46.0,F,Basic,Abbigliamento,Maglione,132,3,396,PayPal,Bologna,1,Poste,8,10
1616,2616,2024-01-09,,M,Basic,Elettronica,Smartphone,129,5,645,BankTransfer,Roma,0,Poste,2,22
1617,2617,2024-08-08,,M,Basic,Libri,Enciclopedia,48,4,192,PayPal,Napoli,1,BRT,4,7
1618,2618,2024-03-29,20.0,F,Basic,Sport,Tappetino Yoga,40,2,80,PayPal,Roma,1,Poste,1,4
1619,2619,2024-12-05,18.0,F,Silver,Libri,Manuale,36,2,72,BankTransfer,Napoli,1,DHL,3,7
1620,2620,2024-06-03,49.0,F,Silver,Casa,Coperta,116,3,348,CreditCard,Napoli,1,GLS,3,10
1621,2621,2024-06-24,39.0,M,Silver,Abbigliamento,Scarpe,92,2,184,Cash,Bologna,0,GLS,4,3
1622,2622,2024-05-26,36.0,M,Gold,Elettronica,Cuffie,596,1,596,CreditCard,Milano,0,DHL,2,3
1623,2623,2024-04-27,18.0,M,Gold,Libri,Guida,42,1,42,Cash,Bologna,0,BRT,3,4
1624,2624,2024-09-23,,F,Basic,Elettronica,Cuffie,562,3,1686,Cash,Roma,0,BRT,3,7
1625,2625,2024-04-11,41.0,F,Basic,Libri,Enciclopedia,30,4,120,BankTransfer,Milano,0,DHL,3,15
1626,2626,2024-02-21,31.0,F,Basic,Libri,Romanzo,18,1,18,Cash,Roma,0,GLS,4,3
1627,2627,2024-01-02,39.0,M,Silver,Abbigliamento,Giacca,45,1,45,BankTransfer,Milano,1,BRT,2,8
1628,2628,2024-01-10,44.0,F,Basic,Sport,Manubri,125,2,250,PayPal,Torino,1,GLS,2,6
1629,2629,2024-04-29,36.0,M,Silver,Sport,Tappetino Yoga,162,1,162,PayPal,Bologna,0,DHL,3,8
1630,2630,2024-04-20,44.0,F,Silver,Abbigliamento,Giacca,117,1,117,PayPal,Milano,0,DHL,2,2
1631,2631,2024-01-18,34.0,F,Basic,Elettronica,Smartphone,52,2,104,PayPal,Bologna,0,BRT,2,8
1632,2632,2024-05-23,33.0,M,Basic,Sport,Borraccia,62,3,186,PayPal,Bologna,1,BRT,4,1
1633,2633,2024-10-04,,M,Basic,Sport,Manubri,47,3,141,BankTransfer,Bologna,0,BRT,1,8
1634,2634,2024-11-23,48.0,M,Basic,Libri,Guida,20,2,40,PayPal,Milano,0,BRT,2,2
1635,2635,2024-06-13,50.0,M,Silver,Sport,Manubri,21,4,84,CreditCard,Milano,0,BRT,4,17
1636,2636,2024-01-27,73.0,M,Silver,Casa,Lampada,62,1,62,CreditCard,Bologna,0,BRT,2,5
1637,2637,2024-10-14,23.0,M,Basic,Casa,Cuscino,142,2,284,Cash,Milano,0,Poste,1,8
1638,2638,2024-08-13,27.0,M,Basic,Sport,Manubri,150,2,300,Cash,Bologna,1,GLS,3,1
1639,2639,2024-11-13,48.0,M,Basic,Casa,Lampada,61,3,183,Cash,Roma,0,BRT,3,11
1640,2640,2024-05-09,,M,Basic,Libri,Romanzo,10,1,10,PayPal,Roma,0,Poste,4,3
1641,2641,2024-07-07,56.0,F,Silver,Abbigliamento,Scarpe,21,1,21,CreditCard,Milano,0,GLS,4,0
1642,2642,2024-02-05,31.0,F,Silver,Sport,Scarpe Running,174,1,174,PayPal,Bologna,0,BRT,4,5
1643,2643,2024-01-21,,M,Silver,Sport,Borraccia,68,5,340,CreditCard,Roma,0,GLS,3,20
1644,2644,2024-01-28,63.0,F,Basic,Casa,Coperta,74,1,74,Cash,Roma,0,BRT,4,2
1645,2645,2024-01-26,61.0,F,Gold,Elettronica,Laptop,175,1,175,BankTransfer,Napoli,0,BRT,4,7
1646,2646,2024-03-08,41.0,M,Basic,Casa,Lampada,64,1,64,PayPal,Torino,0,Poste,8,5
1647,2647,2024-01-24,,M,Basic,Libri,Manuale,49,1,49,CreditCard,Milano,0,BRT,4,4
1648,2648,2024-05-17,38.0,M,Basic,Sport,Pallone,114,1,114,CreditCard,Torino,1,GLS,5,1
1649,2649,2024-01-23,26.0,F,Silver,Casa,Cuscino,114,3,342,CreditCard,Milano,1,GLS,4,13
1650,2650,2024-07-12,37.0,F,Basic,Elettronica,Smartphone,330,3,990,PayPal,Napoli,1,DHL,2,4
1651,2651,2024-07-10,,M,Basic,Elettronica,Smartwatch,350,2,700,CreditCard,Torino,0,BRT,3,9
1652,2652,2024-04-08,,M,Basic,Sport,Manubri,24,2,48,Cash,Napoli,1,DHL,1,5
1653,2653,2024-10-14,,M,Basic,Abbigliamento,T-shirt,95,3,285,BankTransfer,Roma,1,Poste,2,7
1654,2654,2024-06-26,32.0,F,Silver,Elettronica,Laptop,513,1,513,CreditCard,Napoli,0,DHL,2,3
1655,2655,2024-03-31,45.0,M,Silver,Abbigliamento,Jeans,82,1,82,PayPal,Bologna,0,BRT,5,0
1656,2656,2024-03-15,,F,Basic,Elettronica,Smartwatch,482,2,964,PayPal,Bologna,0,BRT,2,13
1657,2657,2024-03-24,45.0,M,Basic,Elettronica,Smartwatch,173,4,692,PayPal,Torino,0,BRT,2,9
1658,2658,2024-09-27,46.0,M,Silver,Elettronica,Cuffie,75,2,150,PayPal,Roma,0,DHL,3,15
1659,2659,2024-11-16,34.0,M,Basic,Libri,Romanzo,29,3,87,PayPal,Milano,1,BRT,2,9
1660,2660,2024-05-26,37.0,F,Silver,Abbigliamento,Maglione,162,1,162,CreditCard,Roma,0,BRT,6,0
1661,2661,2024-08-16,74.0,M,Silver,Casa,Cuscino,17,3,51,Cash,Roma,0,GLS,5,6
1662,2662,2024-04-18,61.0,M,Basic,Elettronica,Smartwatch,301,4,1204,PayPal,Milano,0,DHL,2,11
1663,2663,2024-02-06,61.0,F,Silver,Libri,Manuale,8,1,8,PayPal,Napoli,1,GLS,3,1
1664,2664,2024-12-01,39.0,M,Basic,Casa,Pentola,34,2,68,CreditCard,Bologna,0,BRT,3,0
1665,2665,2024-04-07,25.0,M,Basic,Abbigliamento,T-shirt,125,5,625,BankTransfer,Milano,0,BRT,4,14
1666,2666,2024-12-31,47.0,F,Gold,Elettronica,Smartphone,686,2,1372,CreditCard,Bologna,0,GLS,3,14
1667,2667,2024-10-08,39.0,F,Basic,Abbigliamento,Giacca,198,4,792,CreditCard,Milano,0,GLS,3,5
1668,2668,2024-10-11,75.0,M,Gold,Abbigliamento,Scarpe,30,1,30,PayPal,Napoli,1,BRT,1,3
1669,2669,2024-11-12,,M,Gold,Abbigliamento,T-shirt,98,1,98,PayPal,Torino,0,BRT,5,5
1670,2670,2024-11-16,35.0,F,Silver,Casa,Pentola,26,1,26,CreditCard,Roma,0,GLS,3,3
1671,2671,2024-11-11,60.0,F,Silver,Elettronica,Cuffie,219,1,219,CreditCard,Milano,0,BRT,3,6
1672,2672,2024-04-18,18.0,M,Basic,Libri,Enciclopedia,28,3,84,PayPal,Torino,1,GLS,5,6
1673,2673,2024-07-13,34.0,F,Basic,Casa,Tappeto,41,2,82,PayPal,Roma,1,DHL,2,8
1674,2674,2024-09-26,43.0,F,Silver,Elettronica,Cuffie,393,2,786,CreditCard,Napoli,0,BRT,2,7
1675,2675,2024-03-06,35.0,M,Gold,Sport,Manubri,67,1,67,PayPal,Bologna,0,Poste,6,3
1676,2676,2024-08-12,24.0,M,Basic,Libri,Guida,9,1,9,CreditCard,Milano,0,GLS,3,0
1677,2677,2024-09-20,36.0,M,Gold,Abbigliamento,Giacca,58,1,58,CreditCard,Milano,0,BRT,3,4
1678,2678,2024-09-12,,F,Basic,Elettronica,Laptop,626,2,1252,CreditCard,Napoli,1,GLS,4,14
1679,2679,2024-09-14,,M,Basic,Casa,Tappeto,62,1,62,CreditCard,Roma,0,BRT,2,4
1680,2680,2024-08-31,59.0,M,Gold,Sport,Scarpe Running,173,1,173,CreditCard,Roma,0,BRT,3,0
1681,2681,2024-05-03,52.0,F,Silver,Libri,Romanzo,30,1,30,CreditCard,Milano,0,Poste,4,11
1682,2682,2024-10-23,19.0,M,Basic,Casa,Lampada,44,4,176,BankTransfer,Torino,0,GLS,3,13
1683,2683,2024-07-24,18.0,F,Basic,Libri,Enciclopedia,36,2,72,Cash,Roma,1,DHL,2,8
1684,2684,2024-06-15,39.0,F,Basic,Abbigliamento,Scarpe,168,4,672,Cash,Roma,1,BRT,3,12
1685,2685,2024-03-27,42.0,M,Silver,Abbigliamento,T-shirt,144,1,144,CreditCard,Roma,1,BRT,2,0
1686,2686,2024-08-31,56.0,F,Silver,Casa,Coperta,98,5,490,PayPal,Roma,1,GLS,6,16
1687,2687,2024-07-11,37.0,F,Basic,Casa,Tappeto,31,1,31,BankTransfer,Milano,0,Poste,11,5
1688,2688,2024-11-12,44.0,F,Basic,Casa,Pentola,14,2,28,CreditCard,Torino,0,Poste,5,14
1689,2689,2024-10-19,,M,Silver,Abbigliamento,Giacca,130,2,260,CreditCard,Roma,0,BRT,4,11
1690,2690,2024-06-28,56.0,M,Silver,Elettronica,Cuffie,229,1,229,PayPal,Bologna,0,BRT,3,7
1691,2691,2024-01-20,50.0,M,Basic,Libri,Fumetto,32,3,96,PayPal,Roma,0,BRT,1,6
1692,2692,2024-12-12,43.0,M,Basic,Libri,Fumetto,37,2,74,CreditCard,Milano,0,GLS,3,6
1693,2693,2024-06-18,44.0,F,Basic,Elettronica,Tablet,769,1,769,PayPal,Roma,0,BRT,8,0
1694,2694,2024-05-25,56.0,F,Silver,Abbigliamento,Jeans,161,5,805,PayPal,Milano,0,BRT,3,13
1695,2695,2024-11-15,55.0,M,Gold,Elettronica,Tablet,574,2,1148,Cash,Torino,1,Poste,1,9
1696,2696,2024-10-08,37.0,M,Silver,Elettronica,Tablet,680,5,3400,PayPal,Torino,1,BRT,3,19
1697,2697,2024-03-30,43.0,F,Basic,Casa,Pentola,123,2,246,CreditCard,Roma,1,DHL,2,6
1698,2698,2024-07-14,63.0,F,Gold,Abbigliamento,Scarpe,197,1,197,CreditCard,Roma,1,GLS,5,0
1699,2699,2024-06-02,60.0,M,Gold,Casa,Lampada,140,4,560,PayPal,Milano,0,BRT,3,13
1700,2700,2024-02-01,23.0,F,Basic,Casa,Tappeto,17,1,17,Cash,Roma,1,Poste,3,7
1701,2701,2024-02-15,60.0,M,Silver,Libri,Guida,32,2,64,CreditCard,Milano,0,BRT,1,7
1702,2702,2024-02-17,,F,Basic,Elettronica,Tablet,107,1,107,PayPal,Napoli,0,GLS,2,3
1703,2703,2024-02-02,18.0,F,Gold,Sport,Tappetino Yoga,36,1,36,Cash,Napoli,0,GLS,4,5
1704,2704,2024-04-23,57.0,M,Silver,Sport,Scarpe Running,125,4,500,BankTransfer,Torino,1,BRT,1,14
1705,2705,2024-09-21,39.0,F,Gold,Elettronica,Cuffie,612,1,612,CreditCard,Torino,0,DHL,2,7
1706,2706,2024-04-21,,M,Basic,Elettronica,Smartphone,539,1,539,PayPal,Milano,1,BRT,3,3
1707,2707,2024-02-01,67.0,M,Silver,Casa,Lampada,66,2,132,PayPal,Bologna,0,GLS,4,11
1708,2708,2024-12-14,54.0,F,Silver,Elettronica,Laptop,306,2,612,CreditCard,Milano,1,BRT,3,13
1709,2709,2024-03-29,33.0,M,Basic,Elettronica,Cuffie,760,1,760,Cash,Torino,1,GLS,3,1
1710,2710,2024-10-14,,F,Silver,Casa,Cuscino,118,2,236,BankTransfer,Torino,0,DHL,2,7
1711,2711,2024-07-12,23.0,F,Basic,Sport,Borraccia,70,3,210,Cash,Roma,1,BRT,5,9
1712,2712,2024-12-13,26.0,F,Basic,Abbigliamento,Scarpe,80,1,80,PayPal,Napoli,0,GLS,4,8
1713,2713,2024-07-26,45.0,M,Silver,Elettronica,Smartwatch,165,2,330,CreditCard,Milano,0,GLS,4,4
1714,2714,2024-02-09,34.0,F,Basic,Libri,Manuale,32,1,32,BankTransfer,Bologna,0,BRT,5,2
1715,2715,2024-11-24,48.0,F,Basic,Elettronica,Smartphone,122,2,244,PayPal,Milano,1,GLS,3,2
1716,2716,2024-08-13,50.0,M,Silver,Sport,Scarpe Running,162,1,162,PayPal,Bologna,0,DHL,2,4
1717,2717,2024-03-10,43.0,F,Basic,Abbigliamento,Maglione,147,3,441,PayPal,Napoli,0,Poste,5,10
1718,2718,2024-03-22,32.0,M,Basic,Sport,Borraccia,156,4,624,BankTransfer,Bologna,0,GLS,4,13
1719,2719,2024-12-26,18.0,F,Basic,Sport,Pallone,38,1,38,Cash,Napoli,1,BRT,3,3
1720,2720,2024-03-17,40.0,M,Silver,Casa,Tappeto,94,5,470,PayPal,Torino,1,BRT,1,14
1721,2721,2024-05-06,22.0,M,Basic,Elettronica,Cuffie,107,1,107,CreditCard,Napoli,0,DHL,2,8
1722,2722,2024-05-16,48.0,F,Gold,Abbigliamento,Jeans,16,1,16,CreditCard,Milano,0,Poste,4,1
1723,2723,2024-05-17,50.0,M,Silver,Elettronica,Cuffie,707,1,707,BankTransfer,Milano,0,Poste,5,1
1724,2724,2024-04-24,,M,Basic,Casa,Cuscino,36,1,36,CreditCard,Milano,0,GLS,4,0
1725,2725,2024-08-02,22.0,F,Basic,Libri,Guida,34,1,34,Cash,Roma,0,BRT,5,4
1726,2726,2024-01-14,27.0,F,Basic,Elettronica,Smartphone,760,4,3040,PayPal,Milano,0,GLS,3,7
1727,2727,2024-09-07,31.0,M,Silver,Abbigliamento,T-shirt,180,1,180,PayPal,Milano,1,GLS,2,2
1728,2728,2024-09-14,40.0,F,Gold,Libri,Manuale,28,3,84,CreditCard,Roma,0,BRT,4,6
1729,2729,2024-08-05,,M,Silver,Casa,Coperta,31,2,62,Cash,Milano,1,GLS,4,4
1730,2730,2024-10-12,24.0,M,Basic,Elettronica,Laptop,782,3,2346,PayPal,Milano,0,GLS,3,15
1731,2731,2024-03-28,18.0,M,Basic,Libri,Enciclopedia,29,4,116,CreditCard,Torino,0,BRT,1,13
1732,2732,2024-08-17,36.0,F,Basic,Libri,Fumetto,11,1,11,PayPal,Milano,1,BRT,2,5
1733,2733,2024-06-14,25.0,F,Basic,Abbigliamento,T-shirt,46,1,46,PayPal,Roma,0,BRT,5,0
1734,2734,2024-05-11,18.0,F,Gold,Casa,Tappeto,137,2,274,PayPal,Roma,0,Poste,4,5
1735,2735,2024-10-20,25.0,M,Silver,Libri,Manuale,46,5,230,CreditCard,Milano,0,GLS,3,14
1736,2736,2024-03-02,32.0,M,Silver,Casa,Cuscino,93,3,279,CreditCard,Milano,0,GLS,2,1
1737,2737,2024-06-28,,F,Gold,Elettronica,Tablet,217,3,651,CreditCard,Milano,0,GLS,3,7
1738,2738,2024-09-08,49.0,M,Gold,Libri,Fumetto,13,2,26,PayPal,Milano,0,GLS,4,2
1739,2739,2024-08-14,52.0,F,Gold,Abbigliamento,Maglione,196,3,588,PayPal,Milano,0,BRT,5,16
1740,2740,2024-08-22,33.0,F,Gold,Libri,Enciclopedia,46,1,46,CreditCard,Roma,0,GLS,4,2
1741,2741,2024-01-10,18.0,M,Silver,Libri,Enciclopedia,39,1,39,CreditCard,Bologna,0,DHL,2,8
1742,2742,2024-04-03,47.0,F,Silver,Casa,Tappeto,33,1,33,BankTransfer,Milano,0,Poste,1,8
1743,2743,2024-03-08,25.0,F,Silver,Libri,Enciclopedia,38,2,76,CreditCard,Roma,0,Poste,4,5
1744,2744,2024-05-10,,F,Gold,Casa,Coperta,68,4,272,BankTransfer,Milano,0,Poste,7,11
1745,2745,2024-10-22,40.0,M,Silver,Sport,Borraccia,35,1,35,Cash,Roma,0,BRT,1,0
1746,2746,2024-04-01,23.0,M,Silver,Casa,Pentola,12,1,12,CreditCard,Bologna,0,Poste,5,4
1747,2747,2024-06-21,,M,Basic,Elettronica,Cuffie,259,1,259,PayPal,Roma,0,Poste,2,8
1748,2748,2024-03-12,26.0,F,Gold,Elettronica,Tablet,517,3,1551,Cash,Roma,0,Poste,10,9
1749,2749,2024-04-24,44.0,F,Basic,Sport,Scarpe Running,75,5,375,CreditCard,Bologna,1,DHL,2,12
1750,2750,2024-01-04,25.0,F,Basic,Sport,Manubri,74,1,74,BankTransfer,Roma,0,BRT,1,10
1751,2751,2024-08-30,,F,Basic,Libri,Romanzo,30,1,30,CreditCard,Torino,1,BRT,3,0
1752,2752,2024-03-06,24.0,M,Silver,Abbigliamento,T-shirt,36,2,72,Cash,Napoli,1,DHL,1,11
1753,2753,2024-08-08,38.0,M,Silver,Libri,Guida,14,1,14,PayPal,Torino,1,GLS,2,10
1754,2754,2024-01-15,56.0,M,Gold,Elettronica,Tablet,401,1,401,BankTransfer,Milano,0,DHL,2,3
1755,2755,2024-11-09,25.0,F,Basic,Elettronica,Laptop,246,4,984,CreditCard,Torino,0,GLS,4,6
1756,2756,2024-08-02,41.0,M,Silver,Sport,Borraccia,169,4,676,PayPal,Napoli,0,GLS,3,11
1757,2757,2024-11-21,28.0,M,Silver,Abbigliamento,Scarpe,161,3,483,BankTransfer,Napoli,1,Poste,3,14
1758,2758,2024-06-16,22.0,F,Silver,Elettronica,Laptop,450,2,900,CreditCard,Roma,0,GLS,2,13
1759,2759,2024-09-14,54.0,F,Gold,Casa,Coperta,77,2,154,Cash,Milano,0,BRT,4,10
1760,2760,2024-11-27,29.0,M,Basic,Sport,Manubri,23,1,23,PayPal,Milano,0,GLS,3,5
1761,2761,2024-12-09,62.0,M,Silver,Libri,Romanzo,25,1,25,CreditCard,Bologna,0,BRT,2,1
1762,2762,2024-12-24,28.0,F,Basic,Sport,Borraccia,177,2,354,CreditCard,Bologna,0,DHL,3,4
1763,2763,2024-11-05,48.0,M,Silver,Abbigliamento,T-shirt,43,2,86,BankTransfer,Milano,0,DHL,1,9
1764,2764,2024-05-13,55.0,F,Basic,Libri,Guida,18,1,18,Cash,Roma,0,BRT,5,9
1765,2765,2024-10-10,70.0,M,Basic,Sport,Borraccia,49,1,49,CreditCard,Roma,0,BRT,2,0
1766,2766,2024-04-07,26.0,M,Basic,Elettronica,Tablet,246,1,246,PayPal,Torino,0,Poste,7,2
1767,2767,2024-03-09,39.0,F,Basic,Abbigliamento,T-shirt,140,2,280,PayPal,Bologna,1,BRT,2,9
1768,2768,2024-01-15,52.0,F,Gold,Sport,Pallone,89,1,89,Cash,Roma,0,BRT,1,2
1769,2769,2024-12-04,30.0,F,Silver,Casa,Tappeto,104,2,208,CreditCard,Milano,0,BRT,4,12
1770,2770,2024-06-19,,F,Silver,Libri,Manuale,50,1,50,Cash,Bologna,1,DHL,2,7
1771,2771,2024-06-22,32.0,M,Basic,Abbigliamento,Scarpe,21,1,21,CreditCard,Roma,1,GLS,4,0
1772,2772,2024-11-14,21.0,F,Silver,Sport,Tappetino Yoga,32,5,160,CreditCard,Napoli,0,BRT,2,17
1773,2773,2024-07-19,18.0,F,Basic,Abbigliamento,Maglione,195,2,390,PayPal,Torino,0,BRT,3,11
1774,2774,2024-12-04,46.0,F,Silver,Elettronica,Smartwatch,632,2,1264,CreditCard,Napoli,0,BRT,4,11
1775,2775,2024-08-02,33.0,M,Basic,Casa,Pentola,27,1,27,BankTransfer,Milano,1,GLS,2,6
1776,2776,2024-12-13,64.0,M,Gold,Libri,Manuale,42,2,84,PayPal,Bologna,0,BRT,2,1
1777,2777,2024-06-05,,F,Basic,Casa,Pentola,71,2,142,Cash,Bologna,1,GLS,3,0
1778,2778,2024-04-15,31.0,M,Basic,Casa,Cuscino,54,2,108,CreditCard,Milano,0,DHL,2,10
1779,2779,2024-08-26,,M,Basic,Casa,Tappeto,143,2,286,Cash,Milano,0,GLS,3,14
1780,2780,2024-10-26,34.0,F,Basic,Abbigliamento,Scarpe,112,1,112,CreditCard,Milano,1,BRT,2,5
1781,2781,2024-11-15,45.0,F,Basic,Abbigliamento,T-shirt,58,3,174,Cash,Roma,0,BRT,3,6
1782,2782,2024-07-31,58.0,M,Silver,Sport,Borraccia,64,2,128,PayPal,Torino,0,BRT,1,6
1783,2783,2024-12-02,71.0,F,Basic,Sport,Borraccia,64,4,256,CreditCard,Torino,0,GLS,3,7
1784,2784,2024-07-24,39.0,M,Basic,Elettronica,Cuffie,517,2,1034,CreditCard,Roma,0,BRT,2,2
1785,2785,2024-06-14,25.0,F,Basic,Elettronica,Tablet,499,2,998,PayPal,Bologna,0,BRT,3,11
1786,2786,2024-04-05,22.0,M,Silver,Elettronica,Tablet,740,1,740,BankTransfer,Roma,1,Poste,3,0
1787,2787,2024-08-17,30.0,F,Silver,Elettronica,Smartphone,711,2,1422,Cash,Torino,0,GLS,3,7
1788,2788,2024-08-18,32.0,F,Basic,Libri,Romanzo,43,2,86,PayPal,Roma,0,Poste,1,12
1789,2789,2024-02-24,20.0,M,Basic,Abbigliamento,Maglione,175,1,175,CreditCard,Bologna,0,GLS,3,0
1790,2790,2024-10-27,47.0,F,Silver,Abbigliamento,Giacca,78,3,234,CreditCard,Roma,1,BRT,1,15
1791,2791,2024-02-23,59.0,M,Basic,Libri,Guida,39,1,39,CreditCard,Roma,0,GLS,4,0
1792,2792,2024-07-28,31.0,M,Basic,Sport,Tappetino Yoga,176,2,352,CreditCard,Napoli,1,GLS,4,0
1793,2793,2024-05-17,22.0,F,Silver,Libri,Guida,9,2,18,PayPal,Roma,1,BRT,1,14
1794,2794,2024-09-29,19.0,F,Gold,Libri,Manuale,16,1,16,PayPal,Bologna,0,DHL,2,0
1795,2795,2024-01-21,50.0,M,Gold,Libri,Romanzo,19,1,19,Cash,Milano,0,DHL,3,4
1796,2796,2024-07-30,38.0,M,Silver,Libri,Guida,35,3,105,PayPal,Torino,1,Poste,4,9
1797,2797,2024-06-04,18.0,F,Basic,Casa,Coperta,34,1,34,PayPal,Milano,0,DHL,3,1
1798,2798,2024-05-01,36.0,M,Silver,Casa,Coperta,130,2,260,PayPal,Torino,0,GLS,3,10
1799,2799,2024-01-23,38.0,M,Silver,Casa,Coperta,131,4,524,PayPal,Bologna,1,BRT,4,13
1800,2800,2024-05-13,25.0,M,Basic,Sport,Borraccia,175,1,175,PayPal,Torino,0,Poste,1,13
1801,2801,2024-07-11,20.0,M,Basic,Casa,Coperta,18,3,54,CreditCard,Roma,0,Poste,6,5
1802,2802,2024-02-16,31.0,M,Silver,Elettronica,Tablet,213,3,639,PayPal,Roma,0,BRT,1,7
1803,2803,2024-08-09,27.0,M,Gold,Abbigliamento,T-shirt,58,2,116,BankTransfer,Roma,1,DHL,2,2
1804,2804,2024-03-21,28.0,F,Silver,Casa,Lampada,131,1,131,PayPal,Roma,0,DHL,2,1
1805,2805,2024-01-24,18.0,F,Basic,Elettronica,Smartwatch,452,3,1356,BankTransfer,Bologna,1,GLS,4,5
1806,2806,2024-08-27,36.0,M,Silver,Sport,Pallone,94,1,94,CreditCard,Torino,1,GLS,3,4
1807,2807,2024-05-16,,F,Silver,Sport,Borraccia,171,2,342,CreditCard,Milano,0,GLS,4,5
1808,2808,2024-10-23,55.0,M,Gold,Elettronica,Smartwatch,744,1,744,Cash,Roma,0,GLS,3,5
1809,2809,2024-12-01,69.0,M,Gold,Sport,Pallone,112,2,224,CreditCard,Torino,0,BRT,6,7
1810,2810,2024-08-02,42.0,M,Silver,Casa,Cuscino,71,1,71,Cash,Napoli,1,BRT,1,0
1811,2811,2024-04-09,22.0,F,Basic,Elettronica,Smartphone,510,2,1020,Cash,Torino,0,DHL,4,5
1812,2812,2024-03-30,46.0,M,Basic,Elettronica,Smartwatch,227,2,454,BankTransfer,Torino,0,Poste,4,1
1813,2813,2024-11-22,54.0,F,Basic,Abbigliamento,Maglione,97,1,97,CreditCard,Torino,1,DHL,2,0
1814,2814,2024-12-18,66.0,M,Gold,Abbigliamento,Scarpe,183,1,183,CreditCard,Roma,0,Poste,5,0
1815,2815,2024-11-18,50.0,F,Basic,Sport,Manubri,179,1,179,CreditCard,Roma,0,BRT,2,0
1816,2816,2024-08-30,59.0,F,Gold,Sport,Tappetino Yoga,25,2,50,BankTransfer,Milano,0,Poste,4,6
1817,2817,2024-04-03,45.0,F,Silver,Sport,Manubri,171,2,342,PayPal,Milano,0,BRT,2,4
1818,2818,2024-12-12,19.0,M,Gold,Abbigliamento,Maglione,98,5,490,Cash,Roma,0,DHL,3,13
1819,2819,2024-02-01,,M,Basic,Casa,Coperta,43,1,43,BankTransfer,Milano,1,GLS,4,4
1820,2820,2024-08-21,66.0,M,Silver,Elettronica,Smartwatch,790,2,1580,PayPal,Torino,0,GLS,3,7
1821,2821,2024-11-29,49.0,M,Silver,Libri,Manuale,16,1,16,PayPal,Milano,0,Poste,6,5
1822,2822,2024-05-23,28.0,F,Silver,Casa,Pentola,131,2,262,PayPal,Napoli,0,BRT,4,3
1823,2823,2024-10-03,27.0,F,Silver,Sport,Manubri,121,1,121,CreditCard,Torino,0,GLS,3,0
1824,2824,2024-05-30,24.0,M,Basic,Elettronica,Laptop,595,5,2975,BankTransfer,Roma,0,BRT,5,8
1825,2825,2024-03-15,40.0,M,Basic,Sport,Pallone,135,2,270,PayPal,Roma,0,BRT,3,6
1826,2826,2024-10-12,34.0,F,Basic,Elettronica,Smartphone,164,2,328,PayPal,Bologna,0,GLS,3,1
1827,2827,2024-06-16,24.0,M,Basic,Libri,Romanzo,35,1,35,PayPal,Roma,0,GLS,4,3
1828,2828,2024-03-23,56.0,M,Basic,Libri,Guida,48,2,96,Cash,Milano,0,BRT,1,11
1829,2829,2024-06-14,38.0,M,Basic,Libri,Manuale,49,4,196,Cash,Torino,1,GLS,3,12
1830,2830,2024-07-12,49.0,M,Basic,Libri,Enciclopedia,14,2,28,CreditCard,Torino,1,BRT,6,1
1831,2831,2024-01-29,32.0,F,Basic,Sport,Manubri,64,3,192,Cash,Roma,0,BRT,3,6
1832,2832,2024-01-13,41.0,M,Silver,Casa,Lampada,10,2,20,BankTransfer,Roma,0,Poste,5,4
1833,2833,2024-05-31,54.0,M,Basic,Libri,Guida,10,2,20,CreditCard,Milano,1,GLS,3,5
1834,2834,2024-06-06,48.0,F,Silver,Sport,Pallone,180,2,360,CreditCard,Napoli,0,BRT,2,0
1835,2835,2024-10-23,52.0,M,Basic,Libri,Fumetto,22,1,22,CreditCard,Milano,1,BRT,2,4
1836,2836,2024-12-01,18.0,F,Basic,Elettronica,Cuffie,504,3,1512,CreditCard,Milano,1,GLS,5,3
1837,2837,2024-09-10,41.0,M,Basic,Libri,Guida,45,1,45,Cash,Roma,0,GLS,3,2
1838,2838,2024-01-22,35.0,M,Silver,Libri,Manuale,45,3,135,BankTransfer,Napoli,1,GLS,3,8
1839,2839,2024-05-28,,M,Silver,Elettronica,Cuffie,639,2,1278,BankTransfer,Milano,0,GLS,3,5
1840,2840,2024-01-08,30.0,F,Basic,Sport,Manubri,137,5,685,CreditCard,Bologna,1,BRT,2,23
1841,2841,2024-07-02,63.0,F,Gold,Libri,Enciclopedia,38,2,76,BankTransfer,Napoli,0,GLS,3,3
1842,2842,2024-11-28,44.0,M,Silver,Sport,Manubri,53,1,53,CreditCard,Roma,1,BRT,4,4
1843,2843,2024-01-07,36.0,F,Basic,Elettronica,Smartphone,545,3,1635,CreditCard,Milano,0,GLS,2,9
1844,2844,2024-02-27,52.0,M,Gold,Casa,Coperta,112,1,112,BankTransfer,Roma,0,BRT,2,8
1845,2845,2024-03-02,30.0,M,Silver,Libri,Guida,13,2,26,CreditCard,Torino,0,Poste,7,2
1846,2846,2024-06-13,40.0,F,Basic,Casa,Lampada,66,2,132,BankTransfer,Napoli,0,Poste,2,9
1847,2847,2024-05-31,60.0,M,Silver,Sport,Tappetino Yoga,120,2,240,CreditCard,Roma,1,GLS,4,3
1848,2848,2024-05-16,33.0,M,Basic,Sport,Pallone,95,2,190,CreditCard,Roma,0,BRT,2,0
1849,2849,2024-11-22,,F,Basic,Abbigliamento,Maglione,44,1,44,BankTransfer,Roma,1,Poste,1,0
1850,2850,2024-04-11,30.0,M,Basic,Elettronica,Tablet,684,1,684,Cash,Roma,0,GLS,4,5
1851,2851,2024-09-02,22.0,M,Silver,Sport,Scarpe Running,108,1,108,BankTransfer,Milano,0,Poste,1,0
1852,2852,2024-05-31,42.0,F,Silver,Elettronica,Cuffie,235,2,470,PayPal,Torino,0,BRT,3,8
1853,2853,2024-01-21,43.0,F,Silver,Casa,Pentola,126,4,504,CreditCard,Milano,0,GLS,4,16
1854,2854,2024-10-18,51.0,F,Basic,Elettronica,Tablet,631,2,1262,CreditCard,Napoli,1,GLS,4,9
1855,2855,2024-06-10,65.0,M,Silver,Libri,Enciclopedia,35,1,35,PayPal,Roma,1,BRT,2,13
1856,2856,2024-01-20,59.0,F,Gold,Libri,Fumetto,17,1,17,BankTransfer,Roma,0,GLS,4,1
1857,2857,2024-05-13,19.0,F,Basic,Abbigliamento,Scarpe,50,4,200,CreditCard,Roma,1,GLS,3,19
1858,2858,2024-06-17,68.0,F,Gold,Casa,Coperta,134,1,134,CreditCard,Napoli,0,Poste,7,4
1859,2859,2024-12-19,40.0,M,Basic,Casa,Pentola,41,5,205,CreditCard,Milano,0,GLS,3,12
1860,2860,2024-01-03,32.0,F,Basic,Libri,Enciclopedia,17,2,34,BankTransfer,Bologna,1,GLS,3,4
1861,2861,2024-07-25,66.0,F,Basic,Casa,Lampada,48,1,48,BankTransfer,Milano,0,BRT,2,1
1862,2862,2024-04-17,44.0,F,Silver,Libri,Romanzo,49,1,49,BankTransfer,Bologna,0,GLS,2,0
1863,2863,2024-07-02,64.0,F,Silver,Libri,Guida,20,3,60,PayPal,Bologna,0,GLS,3,10
1864,2864,2024-06-14,37.0,M,Basic,Sport,Pallone,111,1,111,PayPal,Milano,0,BRT,1,3
1865,2865,2024-08-03,27.0,F,Basic,Casa,Cuscino,121,2,242,PayPal,Torino,1,DHL,2,0
1866,2866,2024-09-06,18.0,M,Basic,Abbigliamento,T-shirt,52,1,52,Cash,Napoli,0,Poste,1,1
1867,2867,2024-04-11,,M,Gold,Elettronica,Cuffie,61,2,122,CreditCard,Milano,0,Poste,5,1
1868,2868,2024-12-17,25.0,F,Basic,Libri,Fumetto,18,2,36,Cash,Milano,0,GLS,5,7
1869,2869,2024-08-07,51.0,F,Basic,Casa,Cuscino,133,1,133,CreditCard,Bologna,0,GLS,3,5
1870,2870,2024-05-13,40.0,M,Gold,Abbigliamento,Jeans,109,1,109,BankTransfer,Torino,0,Poste,7,8
1871,2871,2024-11-28,45.0,M,Basic,Elettronica,Tablet,615,2,1230,BankTransfer,Bologna,0,DHL,2,8
1872,2872,2024-09-06,57.0,M,Gold,Casa,Coperta,117,1,117,CreditCard,Bologna,1,Poste,4,8
1873,2873,2024-03-03,31.0,F,Basic,Elettronica,Cuffie,792,1,792,Cash,Milano,0,BRT,2,2
1874,2874,2024-10-20,31.0,M,Basic,Sport,Borraccia,23,1,23,PayPal,Milano,0,Poste,5,0
1875,2875,2024-06-30,35.0,F,Basic,Casa,Cuscino,102,1,102,Cash,Milano,0,GLS,5,6
1876,2876,2024-02-06,54.0,F,Gold,Elettronica,Smartphone,600,2,1200,CreditCard,Milano,0,BRT,2,9
1877,2877,2024-07-12,31.0,M,Silver,Libri,Manuale,31,1,31,Cash,Bologna,0,BRT,2,3
1878,2878,2024-06-30,,F,Basic,Sport,Pallone,108,1,108,PayPal,Roma,0,DHL,3,11
1879,2879,2024-04-02,50.0,F,Basic,Sport,Pallone,137,3,411,PayPal,Roma,1,GLS,5,5
1880,2880,2024-06-19,50.0,M,Basic,Libri,Enciclopedia,31,2,62,CreditCard,Torino,0,Poste,5,7
1881,2881,2024-07-19,,M,Gold,Sport,Borraccia,112,3,336,PayPal,Milano,1,GLS,4,6
1882,2882,2024-07-28,39.0,F,Silver,Casa,Coperta,109,2,218,Cash,Roma,0,BRT,4,1
1883,2883,2024-08-05,49.0,M,Gold,Elettronica,Laptop,743,4,2972,BankTransfer,Milano,0,GLS,4,12
1884,2884,2024-10-29,42.0,F,Silver,Libri,Guida,43,3,129,BankTransfer,Napoli,1,BRT,1,6
1885,2885,2024-03-11,29.0,M,Basic,Abbigliamento,Maglione,68,1,68,Cash,Milano,0,BRT,6,10
1886,2886,2024-05-28,65.0,F,Silver,Libri,Romanzo,18,2,36,CreditCard,Milano,0,Poste,10,3
1887,2887,2024-10-03,18.0,F,Basic,Libri,Romanzo,19,3,57,BankTransfer,Roma,1,GLS,3,10
1888,2888,2024-08-18,51.0,F,Gold,Casa,Cuscino,66,1,66,CreditCard,Roma,0,BRT,2,6
1889,2889,2024-03-01,43.0,F,Basic,Sport,Scarpe Running,59,2,118,BankTransfer,Bologna,1,BRT,3,6
1890,2890,2024-10-13,38.0,M,Basic,Abbigliamento,Jeans,169,2,338,CreditCard,Torino,0,Poste,4,12
1891,2891,2024-05-03,29.0,F,Basic,Casa,Tappeto,51,2,102,Cash,Bologna,1,Poste,5,7
1892,2892,2024-04-23,34.0,M,Basic,Abbigliamento,Maglione,152,2,304,PayPal,Roma,1,BRT,4,1
1893,2893,2024-01-10,65.0,M,Silver,Abbigliamento,T-shirt,146,1,146,BankTransfer,Milano,1,Poste,4,6
1894,2894,2024-04-11,,M,Gold,Elettronica,Tablet,666,1,666,PayPal,Torino,0,GLS,4,0
1895,2895,2024-09-26,32.0,F,Gold,Elettronica,Cuffie,524,3,1572,PayPal,Roma,0,Poste,2,5
1896,2896,2024-12-31,25.0,M,Basic,Sport,Tappetino Yoga,79,5,395,CreditCard,Roma,0,DHL,3,15
1897,2897,2024-05-15,31.0,M,Basic,Sport,Borraccia,47,1,47,BankTransfer,Milano,0,BRT,4,0
1898,2898,2024-02-27,37.0,M,Basic,Libri,Fumetto,14,2,28,CreditCard,Milano,1,GLS,4,5
1899,2899,2024-06-02,18.0,F,Silver,Abbigliamento,Scarpe,90,3,270,CreditCard,Roma,1,Poste,6,2
1900,2900,2024-12-26,55.0,M,Silver,Sport,Tappetino Yoga,134,1,134,CreditCard,Bologna,0,DHL,2,10
1901,2901,2024-05-26,39.0,M,Gold,Abbigliamento,T-shirt,197,1,197,PayPal,Roma,0,Poste,3,4
1902,2902,2024-05-24,60.0,F,Gold,Casa,Lampada,84,2,168,CreditCard,Roma,1,Poste,4,6
1903,2903,2024-06-23,,F,Basic,Sport,Borraccia,83,1,83,PayPal,Roma,0,DHL,1,5
1904,2904,2024-05-31,59.0,M,Basic,Abbigliamento,Jeans,25,1,25,Cash,Napoli,1,BRT,6,9
1905,2905,2024-12-02,18.0,F,Silver,Sport,Manubri,172,1,172,BankTransfer,Torino,0,GLS,2,0
1906,2906,2024-08-01,47.0,F,Gold,Abbigliamento,Maglione,69,1,69,CreditCard,Milano,1,Poste,6,4
1907,2907,2024-04-19,33.0,M,Basic,Abbigliamento,Maglione,148,2,296,CreditCard,Torino,1,GLS,3,13
1908,2908,2024-09-24,,M,Basic,Sport,Scarpe Running,174,5,870,PayPal,Roma,0,GLS,4,4
1909,2909,2024-10-02,29.0,F,Basic,Abbigliamento,T-shirt,41,4,164,PayPal,Milano,1,GLS,3,15
1910,2910,2024-05-13,,M,Basic,Libri,Guida,14,2,28,CreditCard,Napoli,1,BRT,7,5
1911,2911,2024-11-13,39.0,F,Basic,Libri,Romanzo,32,2,64,CreditCard,Milano,0,GLS,4,5
1912,2912,2024-09-03,18.0,F,Basic,Casa,Coperta,148,2,296,CreditCard,Torino,1,BRT,4,0
1913,2913,2024-09-04,51.0,F,Gold,Casa,Pentola,101,2,202,CreditCard,Napoli,0,Poste,4,8
1914,2914,2024-04-06,,F,Silver,Sport,Borraccia,88,2,176,Cash,Napoli,0,DHL,2,8
1915,2915,2024-05-31,23.0,M,Silver,Sport,Scarpe Running,128,2,256,BankTransfer,Torino,1,BRT,1,11
1916,2916,2024-01-31,21.0,M,Basic,Abbigliamento,Jeans,137,1,137,PayPal,Napoli,1,DHL,3,6
1917,2917,2024-09-17,28.0,M,Basic,Sport,Pallone,140,5,700,CreditCard,Roma,0,BRT,1,14
1918,2918,2024-09-21,18.0,F,Silver,Elettronica,Cuffie,114,1,114,CreditCard,Napoli,0,BRT,4,1
1919,2919,2024-04-11,,F,Gold,Libri,Enciclopedia,21,1,21,CreditCard,Torino,0,BRT,2,4
1920,2920,2024-05-05,,F,Silver,Abbigliamento,Jeans,46,3,138,PayPal,Milano,0,GLS,4,3
1921,2921,2024-06-08,41.0,M,Basic,Libri,Manuale,13,4,52,PayPal,Milano,0,Poste,2,5
1922,2922,2024-10-14,46.0,F,Silver,Abbigliamento,Jeans,110,2,220,BankTransfer,Napoli,1,GLS,3,9
1923,2923,2024-11-06,18.0,M,Basic,Elettronica,Tablet,728,1,728,Cash,Napoli,1,BRT,1,0
1924,2924,2024-04-28,18.0,F,Basic,Elettronica,Cuffie,63,2,126,PayPal,Bologna,1,BRT,3,1
1925,2925,2024-10-19,25.0,M,Silver,Casa,Pentola,23,4,92,BankTransfer,Roma,1,Poste,3,14
1926,2926,2024-01-04,49.0,M,Gold,Casa,Pentola,133,2,266,CreditCard,Roma,0,GLS,3,2
1927,2927,2024-12-24,,M,Basic,Libri,Guida,41,1,41,BankTransfer,Bologna,1,GLS,3,4
1928,2928,2024-07-30,46.0,F,Silver,Elettronica,Cuffie,279,5,1395,BankTransfer,Roma,0,BRT,4,12
1929,2929,2024-02-09,35.0,M,Silver,Casa,Pentola,86,2,172,BankTransfer,Milano,0,GLS,2,3
1930,2930,2024-01-15,44.0,F,Silver,Elettronica,Smartwatch,217,1,217,BankTransfer,Milano,0,BRT,2,1
1931,2931,2024-01-09,22.0,M,Basic,Casa,Tappeto,38,3,114,CreditCard,Napoli,1,BRT,1,5
1932,2932,2024-10-05,24.0,M,Basic,Libri,Enciclopedia,44,2,88,BankTransfer,Bologna,0,GLS,5,1
1933,2933,2024-01-10,36.0,M,Gold,Libri,Enciclopedia,45,5,225,CreditCard,Roma,0,GLS,4,17
1934,2934,2024-07-20,35.0,M,Basic,Elettronica,Smartphone,117,2,234,PayPal,Milano,1,GLS,4,11
1935,2935,2024-09-11,18.0,F,Basic,Elettronica,Cuffie,387,5,1935,PayPal,Napoli,0,BRT,4,13
1936,2936,2024-06-30,46.0,F,Gold,Sport,Manubri,94,1,94,PayPal,Milano,0,GLS,3,1
1937,2937,2024-11-19,18.0,F,Basic,Abbigliamento,Scarpe,137,3,411,CreditCard,Roma,0,BRT,5,7
1938,2938,2024-10-29,,F,Basic,Elettronica,Cuffie,143,1,143,BankTransfer,Torino,1,GLS,3,0
1939,2939,2024-07-06,39.0,F,Silver,Casa,Tappeto,38,2,76,CreditCard,Roma,0,Poste,3,13
1940,2940,2024-09-07,27.0,M,Basic,Abbigliamento,Maglione,55,3,165,PayPal,Torino,1,GLS,3,6
1941,2941,2024-10-14,18.0,M,Silver,Elettronica,Cuffie,629,3,1887,CreditCard,Milano,1,GLS,4,1
1942,2942,2024-07-27,32.0,M,Basic,Casa,Lampada,74,5,370,CreditCard,Roma,1,BRT,3,11
1943,2943,2024-06-10,36.0,F,Basic,Elettronica,Cuffie,666,1,666,CreditCard,Roma,1,BRT,4,3
1944,2944,2024-09-29,24.0,M,Basic,Libri,Manuale,23,5,115,PayPal,Roma,0,Poste,6,10
1945,2945,2024-07-02,18.0,M,Basic,Abbigliamento,Jeans,158,2,316,Cash,Roma,0,BRT,6,10
1946,2946,2024-06-23,,F,Basic,Libri,Guida,43,4,172,CreditCard,Torino,1,Poste,1,7
1947,2947,2024-12-29,30.0,F,Basic,Sport,Manubri,95,1,95,Cash,Roma,0,BRT,2,12
1948,2948,2024-02-27,31.0,F,Silver,Abbigliamento,Scarpe,56,1,56,CreditCard,Torino,1,BRT,2,3
1949,2949,2024-10-29,59.0,M,Silver,Libri,Fumetto,15,1,15,Cash,Roma,0,Poste,6,2
1950,2950,2024-09-26,19.0,F,Basic,Libri,Romanzo,46,1,46,Cash,Napoli,0,Poste,5,5
1951,2951,2024-07-23,44.0,F,Basic,Sport,Borraccia,47,1,47,PayPal,Napoli,0,BRT,3,2
1952,2952,2024-10-07,32.0,M,Silver,Libri,Manuale,14,1,14,PayPal,Napoli,0,DHL,2,4
1953,2953,2024-02-05,39.0,F,Silver,Libri,Enciclopedia,24,2,48,CreditCard,Roma,0,DHL,2,3
1954,2954,2024-11-10,28.0,M,Basic,Abbigliamento,Jeans,36,4,144,Cash,Roma,0,GLS,4,15
1955,2955,2024-03-18,50.0,M,Basic,Abbigliamento,T-shirt,67,4,268,PayPal,Milano,0,GLS,4,14
1956,2956,2024-08-03,,M,Basic,Sport,Tappetino Yoga,148,2,296,PayPal,Bologna,1,BRT,6,8
1957,2957,2024-08-11,40.0,F,Basic,Casa,Pentola,78,1,78,PayPal,Bologna,0,BRT,4,0
1958,2958,2024-02-17,38.0,F,Silver,Abbigliamento,Scarpe,108,3,324,Cash,Bologna,0,Poste,6,8
1959,2959,2024-10-30,,M,Silver,Abbigliamento,Jeans,173,2,346,PayPal,Napoli,0,BRT,2,0
1960,2960,2024-03-18,35.0,F,Silver,Casa,Tappeto,17,1,17,BankTransfer,Napoli,0,Poste,5,4
1961,2961,2024-03-25,45.0,M,Basic,Libri,Enciclopedia,44,1,44,CreditCard,Bologna,0,DHL,2,0
1962,2962,2024-01-01,44.0,F,Basic,Abbigliamento,Scarpe,122,4,488,PayPal,Torino,0,Poste,6,15
1963,2963,2024-12-17,28.0,M,Basic,Sport,Scarpe Running,134,2,268,BankTransfer,Roma,1,BRT,6,7
1964,2964,2024-01-01,37.0,F,Silver,Libri,Enciclopedia,31,2,62,CreditCard,Napoli,1,BRT,4,3
1965,2965,2024-04-10,36.0,F,Silver,Sport,Tappetino Yoga,59,1,59,PayPal,Milano,0,BRT,4,3
1966,2966,2024-11-07,55.0,F,Basic,Abbigliamento,Jeans,98,4,392,PayPal,Bologna,1,GLS,3,17
1967,2967,2024-08-11,42.0,M,Gold,Sport,Pallone,41,1,41,PayPal,Milano,0,BRT,3,10
1968,2968,2024-03-07,42.0,F,Silver,Abbigliamento,Jeans,171,2,342,Cash,Roma,0,BRT,4,3
1969,2969,2024-02-15,73.0,F,Basic,Abbigliamento,Jeans,77,2,154,PayPal,Napoli,1,BRT,4,9
1970,2970,2024-09-26,44.0,M,Silver,Casa,Cuscino,32,3,96,PayPal,Torino,0,GLS,3,9
1971,2971,2024-04-29,,F,Basic,Abbigliamento,Maglione,156,2,312,CreditCard,Napoli,0,Poste,3,5
1972,2972,2024-09-16,46.0,F,Gold,Sport,Pallone,25,1,25,PayPal,Roma,1,GLS,2,4
1973,2973,2024-06-22,61.0,M,Basic,Abbigliamento,Giacca,154,3,462,PayPal,Torino,1,BRT,4,17
1974,2974,2024-07-05,52.0,M,Silver,Abbigliamento,Giacca,17,1,17,Cash,Bologna,0,Poste,6,0
1975,2975,2024-12-12,43.0,F,Basic,Sport,Manubri,32,3,96,CreditCard,Milano,1,DHL,2,7
1976,2976,2024-05-03,29.0,M,Silver,Sport,Borraccia,73,1,73,Cash,Milano,0,DHL,2,4
1977,2977,2024-06-09,43.0,M,Basic,Sport,Manubri,65,1,65,PayPal,Milano,0,DHL,2,0
1978,2978,2024-02-11,40.0,F,Basic,Abbigliamento,Scarpe,180,2,360,CreditCard,Bologna,0,DHL,2,4
1979,2979,2024-11-13,18.0,F,Silver,Libri,Guida,35,3,105,CreditCard,Roma,0,Poste,8,3
1980,2980,2024-12-22,18.0,M,Basic,Libri,Manuale,28,1,28,BankTransfer,Torino,0,BRT,4,3
1981,2981,2024-11-19,18.0,M,Basic,Libri,Fumetto,45,3,135,PayPal,Torino,0,DHL,1,7
1982,2982,2024-02-27,59.0,M,Gold,Libri,Fumetto,49,5,245,CreditCard,Roma,0,BRT,2,19
1983,2983,2024-06-08,,F,Basic,Casa,Tappeto,110,2,220,CreditCard,Bologna,1,GLS,4,9
1984,2984,2024-03-30,18.0,M,Silver,Abbigliamento,Scarpe,197,2,394,PayPal,Torino,0,DHL,3,3
1985,2985,2024-03-11,,F,Basic,Libri,Enciclopedia,27,1,27,BankTransfer,Torino,0,DHL,2,1
1986,2986,2024-04-21,39.0,F,Basic,Abbigliamento,Maglione,102,2,204,BankTransfer,Torino,0,BRT,3,4
1987,2987,2024-03-20,34.0,F,Silver,Sport,Scarpe Running,29,5,145,BankTransfer,Roma,1,DHL,2,14
1988,2988,2024-03-14,27.0,F,Basic,Libri,Manuale,30,3,90,Cash,Roma,0,BRT,2,7
1989,2989,2024-03-14,19.0,M,Silver,Abbigliamento,Scarpe,187,2,374,CreditCard,Torino,0,BRT,2,7
1990,2990,2024-09-03,51.0,M,Basic,Sport,Tappetino Yoga,134,4,536,Cash,Napoli,0,BRT,3,15
1991,2991,2024-10-29,,M,Silver,Abbigliamento,Maglione,142,2,284,CreditCard,Napoli,0,Poste,2,7
1992,2992,2024-07-09,36.0,F,Basic,Elettronica,Smartphone,346,4,1384,BankTransfer,Roma,0,BRT,6,14
1993,2993,2024-12-16,47.0,M,Basic,Casa,Lampada,79,4,316,PayPal,Bologna,1,GLS,4,16
1994,2994,2024-09-20,46.0,F,Silver,Casa,Lampada,47,1,47,BankTransfer,Roma,0,GLS,2,9
1995,2995,2024-01-08,32.0,M,Basic,Libri,Fumetto,23,1,23,PayPal,Torino,0,BRT,1,11
1996,2996,2024-12-30,30.0,M,Basic,Libri,Guida,49,1,49,CreditCard,Milano,0,Poste,5,0
1997,2997,2024-12-14,42.0,F,Basic,Casa,Coperta,111,4,444,CreditCard,Milano,1,GLS,4,10
1998,2998,2024-08-16,,M,Basic,Elettronica,Cuffie,647,2,1294,PayPal,Milano,0,GLS,2,8
1999,2999,2024-02-12,43.0,M,Silver,Casa,Cuscino,136,1,136,BankTransfer,Bologna,1,BRT,2,5
2000,3000,2024-12-01,41.0,M,Silver,Elettronica,Tablet,409,2,818,BankTransfer,Napoli,0,Poste,5,9
2001,3001,2024-09-02,42.0,M,Basic,Sport,Manubri,69,2,138,CreditCard,Roma,1,GLS,4,0
2002,3002,2024-08-09,34.0,M,Basic,Casa,Tappeto,142,1,142,BankTransfer,Napoli,1,DHL,3,1
2003,3003,2024-05-01,,F,Basic,Elettronica,Laptop,506,2,1012,PayPal,Roma,0,BRT,3,1
2004,3004,2024-09-12,18.0,M,Basic,Abbigliamento,Maglione,142,3,426,BankTransfer,Milano,1,DHL,1,6
2005,3005,2024-05-30,19.0,M,Basic,Abbigliamento,Jeans,173,3,519,CreditCard,Roma,1,DHL,2,10
2006,3006,2024-08-06,43.0,F,Silver,Abbigliamento,Jeans,34,3,102,Cash,Torino,0,DHL,2,3
2007,3007,2024-09-26,,F,Basic,Elettronica,Tablet,623,2,1246,CreditCard,Milano,1,GLS,3,8
2008,3008,2024-04-15,27.0,F,Basic,Sport,Scarpe Running,150,1,150,PayPal,Napoli,0,Poste,6,12
2009,3009,2024-08-29,26.0,M,Basic,Casa,Pentola,127,3,381,PayPal,Torino,1,GLS,3,15
2010,3010,2024-10-17,46.0,M,Silver,Sport,Manubri,68,2,136,CreditCard,Roma,1,Poste,1,10
2011,3011,2024-03-23,18.0,M,Silver,Sport,Scarpe Running,81,2,162,PayPal,Milano,1,BRT,1,5
2012,3012,2024-02-09,49.0,F,Basic,Sport,Borraccia,140,1,140,Cash,Torino,0,Poste,2,0
2013,3013,2024-05-19,45.0,M,Gold,Libri,Enciclopedia,12,1,12,CreditCard,Bologna,0,BRT,2,12
2014,3014,2024-04-15,25.0,F,Basic,Libri,Enciclopedia,20,5,100,PayPal,Torino,0,BRT,4,9
2015,3015,2024-06-17,37.0,F,Silver,Sport,Pallone,106,5,530,CreditCard,Napoli,0,GLS,4,22
2016,3016,2024-08-29,51.0,M,Silver,Abbigliamento,Jeans,68,2,136,CreditCard,Roma,0,BRT,5,6
2017,3017,2024-04-24,58.0,M,Gold,Abbigliamento,Maglione,90,1,90,Cash,Torino,0,BRT,1,0
2018,3018,2024-10-07,60.0,F,Basic,Casa,Cuscino,18,2,36,Cash,Milano,0,Poste,7,8
2019,3019,2024-07-09,44.0,M,Silver,Abbigliamento,T-shirt,134,1,134,Cash,Milano,1,Poste,4,19
2020,3020,2024-06-02,,M,Basic,Abbigliamento,T-shirt,168,1,168,Cash,Bologna,0,Poste,2,7
2021,3021,2024-05-02,45.0,M,Silver,Sport,Borraccia,24,1,24,BankTransfer,Torino,1,DHL,3,3
2022,3022,2024-02-20,34.0,F,Basic,Libri,Fumetto,43,2,86,CreditCard,Napoli,0,BRT,4,1
2023,3023,2024-09-01,,F,Silver,Elettronica,Tablet,331,1,331,CreditCard,Roma,1,Poste,7,8
2024,3024,2024-01-27,51.0,M,Gold,Elettronica,Cuffie,581,4,2324,CreditCard,Bologna,0,BRT,1,13
2025,3025,2024-04-05,48.0,F,Silver,Libri,Fumetto,18,1,18,BankTransfer,Roma,1,Poste,1,10
2026,3026,2024-07-19,57.0,F,Gold,Elettronica,Smartwatch,443,2,886,BankTransfer,Milano,0,BRT,5,7
2027,3027,2024-03-11,63.0,M,Gold,Elettronica,Smartwatch,439,2,878,BankTransfer,Milano,0,BRT,1,11
2028,3028,2024-04-21,60.0,M,Silver,Libri,Romanzo,16,1,16,PayPal,Napoli,0,Poste,4,0
2029,3029,2024-06-07,50.0,F,Basic,Abbigliamento,Giacca,135,4,540,Cash,Roma,1,Poste,8,3
2030,3030,2024-08-13,37.0,M,Basic,Sport,Pallone,164,3,492,BankTransfer,Milano,1,BRT,2,2
2031,3031,2024-06-15,,F,Gold,Sport,Tappetino Yoga,31,2,62,PayPal,Napoli,1,Poste,4,9
2032,3032,2024-05-28,32.0,M,Basic,Elettronica,Cuffie,545,3,1635,CreditCard,Bologna,0,BRT,3,17
2033,3033,2024-02-10,26.0,F,Basic,Abbigliamento,Scarpe,103,1,103,BankTransfer,Bologna,0,GLS,4,0
2034,3034,2024-09-03,32.0,F,Basic,Elettronica,Smartwatch,238,1,238,Cash,Bologna,0,Poste,8,11
2035,3035,2024-05-22,47.0,F,Gold,Elettronica,Tablet,282,1,282,BankTransfer,Roma,0,BRT,2,8
2036,3036,2024-09-21,,F,Basic,Elettronica,Cuffie,102,3,306,BankTransfer,Roma,0,GLS,3,6
2037,3037,2024-08-06,20.0,M,Basic,Casa,Cuscino,98,4,392,CreditCard,Bologna,0,GLS,4,14
2038,3038,2024-03-26,56.0,M,Gold,Libri,Romanzo,33,2,66,CreditCard,Bologna,0,Poste,6,15
2039,3039,2024-12-19,,F,Silver,Sport,Scarpe Running,116,5,580,Cash,Napoli,1,BRT,3,10
2040,3040,2024-07-27,60.0,M,Gold,Sport,Tappetino Yoga,171,1,171,BankTransfer,Milano,0,GLS,3,0
2041,3041,2024-02-19,,F,Basic,Sport,Manubri,47,2,94,CreditCard,Torino,0,Poste,7,7
2042,3042,2024-08-30,32.0,M,Basic,Casa,Tappeto,22,1,22,Cash,Napoli,1,BRT,3,4
2043,3043,2024-10-07,32.0,F,Basic,Elettronica,Cuffie,730,2,1460,CreditCard,Napoli,1,GLS,3,2
2044,3044,2024-11-06,31.0,M,Basic,Elettronica,Smartphone,548,5,2740,CreditCard,Roma,0,BRT,2,21
2045,3045,2024-08-13,30.0,F,Silver,Sport,Borraccia,149,1,149,BankTransfer,Torino,0,GLS,3,0
2046,3046,2024-05-12,30.0,M,Silver,Sport,Manubri,71,2,142,Cash,Milano,0,GLS,2,5
2047,3047,2024-09-28,23.0,F,Basic,Elettronica,Smartphone,192,4,768,PayPal,Milano,1,Poste,3,16
2048,3048,2024-12-29,30.0,F,Basic,Libri,Fumetto,13,4,52,Cash,Torino,1,GLS,3,10
2049,3049,2024-10-09,,F,Silver,Casa,Pentola,73,1,73,PayPal,Roma,0,DHL,3,7
2050,3050,2024-05-03,41.0,F,Basic,Sport,Borraccia,171,5,855,PayPal,Bologna,1,Poste,2,15
2051,3051,2024-10-11,47.0,M,Basic,Libri,Romanzo,23,1,23,PayPal,Milano,0,BRT,5,3
2052,3052,2024-09-29,,F,Basic,Elettronica,Smartwatch,394,4,1576,BankTransfer,Napoli,1,GLS,1,17
2053,3053,2024-10-05,26.0,M,Basic,Abbigliamento,Maglione,106,5,530,BankTransfer,Torino,0,Poste,2,12
2054,3054,2024-05-05,39.0,F,Basic,Casa,Coperta,18,2,36,PayPal,Milano,0,GLS,3,10
2055,3055,2024-11-11,73.0,F,Gold,Casa,Cuscino,60,1,60,PayPal,Roma,0,BRT,5,2
2056,3056,2024-09-15,,M,Basic,Abbigliamento,Jeans,96,1,96,PayPal,Torino,0,BRT,1,3
2057,3057,2024-10-05,49.0,F,Silver,Abbigliamento,Maglione,17,3,51,CreditCard,Torino,0,Poste,6,12
2058,3058,2024-05-05,28.0,M,Basic,Casa,Cuscino,108,2,216,CreditCard,Napoli,0,BRT,7,8
2059,3059,2024-01-06,,F,Basic,Libri,Guida,35,1,35,PayPal,Milano,1,GLS,4,0
2060,3060,2024-12-16,46.0,F,Silver,Elettronica,Cuffie,617,2,1234,CreditCard,Torino,0,DHL,2,3
2061,3061,2024-03-28,,M,Silver,Libri,Guida,45,1,45,PayPal,Roma,0,Poste,4,6
2062,3062,2024-01-19,53.0,F,Gold,Abbigliamento,T-shirt,97,1,97,BankTransfer,Napoli,1,BRT,4,5
2063,3063,2024-01-16,,M,Silver,Sport,Manubri,49,3,147,BankTransfer,Torino,0,Poste,1,15
2064,3064,2024-07-03,51.0,F,Basic,Libri,Guida,44,2,88,PayPal,Napoli,1,Poste,3,9
2065,3065,2024-10-22,18.0,M,Basic,Elettronica,Tablet,500,2,1000,CreditCard,Roma,0,Poste,4,8
2066,3066,2024-11-29,40.0,M,Gold,Elettronica,Smartphone,545,4,2180,BankTransfer,Napoli,0,BRT,2,11
2067,3067,2024-11-19,61.0,F,Gold,Libri,Enciclopedia,33,2,66,PayPal,Bologna,1,DHL,2,0
2068,3068,2024-03-12,35.0,M,Silver,Casa,Lampada,108,1,108,Cash,Roma,1,Poste,6,7
2069,3069,2024-09-11,28.0,F,Basic,Casa,Tappeto,115,3,345,Cash,Torino,0,BRT,4,9
2070,3070,2024-08-27,,M,Basic,Sport,Borraccia,134,3,402,BankTransfer,Roma,0,BRT,6,15
2071,3071,2024-10-23,18.0,M,Basic,Casa,Lampada,73,1,73,CreditCard,Milano,0,BRT,4,8
2072,3072,2024-04-15,21.0,M,Basic,Elettronica,Tablet,249,1,249,CreditCard,Bologna,0,BRT,3,6
2073,3073,2024-06-13,,M,Silver,Abbigliamento,Maglione,188,1,188,CreditCard,Bologna,0,BRT,2,4
2074,3074,2024-11-16,51.0,F,Basic,Libri,Romanzo,14,5,70,CreditCard,Bologna,1,BRT,3,18
2075,3075,2024-03-14,41.0,M,Basic,Sport,Tappetino Yoga,142,1,142,PayPal,Torino,1,DHL,2,7
2076,3076,2024-01-06,48.0,F,Silver,Casa,Tappeto,55,1,55,Cash,Torino,0,GLS,4,0
2077,3077,2024-05-30,23.0,F,Basic,Libri,Guida,47,1,47,Cash,Milano,1,GLS,5,3
2078,3078,2024-09-02,60.0,F,Gold,Elettronica,Smartwatch,737,1,737,PayPal,Milano,0,GLS,3,4
2079,3079,2024-10-08,56.0,M,Basic,Abbigliamento,Giacca,167,1,167,PayPal,Torino,1,DHL,3,3
2080,3080,2024-12-09,47.0,F,Basic,Abbigliamento,Jeans,134,5,670,Cash,Milano,0,GLS,4,21
2081,3081,2024-08-12,,M,Silver,Libri,Romanzo,23,2,46,BankTransfer,Milano,0,GLS,3,4
2082,3082,2024-07-24,51.0,M,Gold,Elettronica,Smartwatch,674,1,674,BankTransfer,Torino,0,BRT,5,4
2083,3083,2024-01-04,29.0,F,Gold,Elettronica,Cuffie,290,1,290,CreditCard,Milano,0,BRT,3,2
2084,3084,2024-07-23,25.0,M,Basic,Abbigliamento,Jeans,87,2,174,PayPal,Torino,1,BRT,3,8
2085,3085,2024-08-22,18.0,F,Silver,Libri,Manuale,18,1,18,BankTransfer,Roma,0,GLS,3,2
2086,3086,2024-07-31,,F,Basic,Sport,Manubri,123,2,246,CreditCard,Roma,0,GLS,2,3
2087,3087,2024-08-16,18.0,F,Basic,Abbigliamento,Maglione,123,1,123,BankTransfer,Roma,0,GLS,4,5
2088,3088,2024-06-17,38.0,F,Silver,Libri,Manuale,41,1,41,Cash,Bologna,1,Poste,6,0
2089,3089,2024-01-03,45.0,M,Silver,Abbigliamento,Scarpe,182,1,182,CreditCard,Torino,1,BRT,3,1
2090,3090,2024-08-25,50.0,M,Gold,Libri,Guida,11,2,22,PayPal,Roma,0,GLS,2,9
2091,3091,2024-02-24,53.0,M,Basic,Sport,Tappetino Yoga,141,3,423,CreditCard,Milano,0,DHL,1,5
2092,3092,2024-06-19,47.0,F,Basic,Libri,Guida,32,1,32,CreditCard,Roma,0,GLS,6,5
2093,3093,2024-05-17,25.0,F,Silver,Casa,Coperta,27,1,27,PayPal,Roma,0,Poste,4,1
2094,3094,2024-05-16,51.0,M,Gold,Libri,Enciclopedia,49,2,98,BankTransfer,Napoli,0,GLS,3,6
2095,3095,2024-04-07,39.0,M,Silver,Elettronica,Cuffie,227,1,227,BankTransfer,Roma,0,BRT,5,4
2096,3096,2024-11-29,18.0,F,Gold,Elettronica,Cuffie,163,1,163,CreditCard,Roma,0,DHL,2,0
2097,3097,2024-11-11,36.0,F,Silver,Abbigliamento,Maglione,129,1,129,CreditCard,Roma,0,BRT,4,0
2098,3098,2024-12-22,18.0,M,Basic,Abbigliamento,T-shirt,181,1,181,CreditCard,Napoli,1,BRT,1,9
2099,3099,2024-04-21,22.0,F,Basic,Sport,Borraccia,145,2,290,PayPal,Milano,0,GLS,4,10
2100,3100,2024-07-25,,M,Basic,Sport,Borraccia,64,3,192,Cash,Roma,1,BRT,5,12
2101,3101,2024-09-20,29.0,M,Silver,Casa,Coperta,62,1,62,PayPal,Torino,0,GLS,4,4
2102,3102,2024-09-01,52.0,F,Silver,Abbigliamento,T-shirt,184,1,184,CreditCard,Roma,1,GLS,2,4
2103,3103,2024-05-01,37.0,M,Basic,Libri,Fumetto,20,1,20,Cash,Bologna,0,BRT,4,2
2104,3104,2024-03-04,24.0,M,Basic,Sport,Pallone,124,3,372,Cash,Roma,0,DHL,2,9
2105,3105,2024-03-04,28.0,M,Basic,Casa,Coperta,40,1,40,PayPal,Napoli,0,BRT,4,9
2106,3106,2024-09-20,29.0,M,Basic,Abbigliamento,Giacca,138,1,138,CreditCard,Napoli,0,GLS,4,7
2107,3107,2024-12-22,41.0,F,Gold,Abbigliamento,Scarpe,74,1,74,PayPal,Napoli,0,Poste,6,0
2108,3108,2024-02-03,46.0,F,Silver,Sport,Pallone,97,5,485,CreditCard,Torino,0,GLS,4,11
2109,3109,2024-01-20,32.0,F,Basic,Casa,Lampada,48,2,96,PayPal,Napoli,1,DHL,3,3
2110,3110,2024-09-27,33.0,F,Basic,Libri,Fumetto,30,2,60,PayPal,Roma,0,Poste,2,11
2111,3111,2024-12-02,46.0,M,Gold,Elettronica,Cuffie,382,1,382,CreditCard,Torino,0,Poste,7,11
2112,3112,2024-11-26,25.0,F,Basic,Elettronica,Laptop,719,1,719,CreditCard,Napoli,1,GLS,4,0
2113,3113,2024-05-21,36.0,M,Basic,Elettronica,Laptop,717,2,1434,PayPal,Milano,0,Poste,1,9
2114,3114,2024-09-14,36.0,M,Basic,Libri,Enciclopedia,37,4,148,Cash,Bologna,0,BRT,4,7
2115,3115,2024-02-16,27.0,M,Silver,Elettronica,Smartwatch,132,2,264,BankTransfer,Roma,1,DHL,3,3
2116,3116,2024-12-28,28.0,M,Basic,Elettronica,Laptop,649,1,649,CreditCard,Bologna,0,BRT,3,0
2117,3117,2024-07-10,33.0,F,Silver,Casa,Pentola,94,1,94,BankTransfer,Torino,0,BRT,2,12
2118,3118,2024-06-18,25.0,F,Basic,Abbigliamento,Giacca,21,1,21,Cash,Torino,0,GLS,4,11
2119,3119,2024-09-29,37.0,M,Basic,Abbigliamento,T-shirt,178,2,356,PayPal,Napoli,0,BRT,3,5
2120,3120,2024-09-04,19.0,M,Basic,Sport,Manubri,147,1,147,Cash,Milano,0,DHL,2,1
2121,3121,2024-07-01,44.0,M,Silver,Elettronica,Laptop,199,1,199,CreditCard,Milano,0,BRT,6,0
2122,3122,2024-02-27,,M,Silver,Libri,Enciclopedia,40,2,80,BankTransfer,Roma,0,BRT,2,7
2123,3123,2024-03-19,50.0,F,Silver,Casa,Cuscino,126,1,126,BankTransfer,Napoli,1,Poste,10,4
2124,3124,2024-05-09,44.0,M,Basic,Casa,Pentola,32,3,96,CreditCard,Bologna,0,Poste,2,14
2125,3125,2024-01-21,,M,Basic,Elettronica,Smartphone,520,4,2080,CreditCard,Milano,0,GLS,3,13
2126,3126,2024-09-03,33.0,F,Gold,Casa,Lampada,18,1,18,BankTransfer,Roma,0,DHL,3,2
2127,3127,2024-09-14,47.0,M,Silver,Libri,Manuale,18,2,36,PayPal,Milano,0,BRT,2,10
2128,3128,2024-05-07,49.0,M,Silver,Casa,Coperta,131,4,524,CreditCard,Bologna,1,Poste,9,12
2129,3129,2024-10-08,45.0,F,Silver,Elettronica,Tablet,322,1,322,CreditCard,Torino,0,BRT,2,1
2130,3130,2024-08-18,43.0,M,Gold,Elettronica,Tablet,355,3,1065,BankTransfer,Roma,0,BRT,3,8
2131,3131,2024-08-29,18.0,F,Basic,Abbigliamento,Scarpe,21,2,42,PayPal,Roma,0,DHL,2,15
2132,3132,2024-09-26,40.0,M,Basic,Casa,Tappeto,34,2,68,Cash,Roma,0,DHL,3,7
2133,3133,2024-03-16,,F,Silver,Libri,Manuale,18,1,18,PayPal,Bologna,0,GLS,5,4
2134,3134,2024-07-15,39.0,F,Basic,Casa,Lampada,58,1,58,CreditCard,Milano,0,GLS,4,0
2135,3135,2024-12-01,28.0,M,Basic,Libri,Enciclopedia,23,3,69,Cash,Bologna,0,DHL,2,12
2136,3136,2024-08-16,36.0,F,Silver,Abbigliamento,Giacca,17,1,17,BankTransfer,Torino,1,GLS,1,6
2137,3137,2024-09-17,20.0,F,Basic,Abbigliamento,Scarpe,27,1,27,PayPal,Milano,0,GLS,4,1
2138,3138,2024-05-06,36.0,F,Silver,Libri,Romanzo,31,1,31,PayPal,Torino,0,BRT,2,12
2139,3139,2024-11-25,61.0,F,Silver,Casa,Lampada,52,3,156,PayPal,Milano,0,GLS,4,14
2140,3140,2024-07-24,65.0,M,Basic,Libri,Fumetto,41,3,123,CreditCard,Bologna,0,BRT,6,1
2141,3141,2024-04-06,,M,Basic,Elettronica,Tablet,578,4,2312,Cash,Roma,0,BRT,6,6
2142,3142,2024-05-14,18.0,F,Basic,Libri,Romanzo,47,1,47,PayPal,Napoli,0,BRT,2,0
2143,3143,2024-08-12,18.0,F,Basic,Libri,Manuale,12,1,12,CreditCard,Roma,0,Poste,6,3
2144,3144,2024-09-08,19.0,F,Basic,Abbigliamento,Maglione,192,1,192,PayPal,Bologna,1,GLS,3,5
2145,3145,2024-04-18,69.0,F,Silver,Casa,Cuscino,58,3,174,CreditCard,Roma,0,Poste,2,13
2146,3146,2024-12-05,,M,Gold,Casa,Coperta,18,1,18,CreditCard,Roma,0,DHL,2,4
2147,3147,2024-09-02,36.0,M,Silver,Casa,Tappeto,130,3,390,CreditCard,Torino,1,BRT,4,10
2148,3148,2024-02-12,53.0,M,Silver,Elettronica,Smartwatch,208,3,624,PayPal,Torino,0,DHL,2,13
2149,3149,2024-01-10,72.0,M,Basic,Sport,Tappetino Yoga,74,2,148,PayPal,Torino,1,DHL,2,10
2150,3150,2024-09-17,,F,Gold,Elettronica,Laptop,62,2,124,CreditCard,Milano,0,GLS,4,7
2151,3151,2024-04-06,65.0,F,Silver,Abbigliamento,Jeans,178,2,356,CreditCard,Napoli,1,GLS,4,11
2152,3152,2024-11-17,,F,Basic,Sport,Pallone,154,2,308,BankTransfer,Milano,0,BRT,5,9
2153,3153,2024-02-23,22.0,M,Silver,Sport,Manubri,99,2,198,BankTransfer,Torino,0,BRT,2,6
2154,3154,2024-06-03,54.0,F,Silver,Elettronica,Laptop,747,1,747,PayPal,Torino,0,BRT,6,2
2155,3155,2024-01-11,51.0,M,Basic,Sport,Tappetino Yoga,98,2,196,PayPal,Bologna,0,GLS,2,9
2156,3156,2024-11-17,51.0,M,Silver,Abbigliamento,Giacca,60,2,120,CreditCard,Torino,1,BRT,2,3
2157,3157,2024-07-02,45.0,F,Silver,Casa,Coperta,145,2,290,BankTransfer,Roma,0,DHL,2,7
2158,3158,2024-03-16,31.0,M,Basic,Sport,Tappetino Yoga,42,3,126,BankTransfer,Torino,0,DHL,2,9
2159,3159,2024-11-09,52.0,F,Silver,Sport,Tappetino Yoga,107,1,107,BankTransfer,Napoli,0,GLS,3,8
2160,3160,2024-08-31,66.0,F,Basic,Casa,Coperta,111,3,333,BankTransfer,Torino,1,Poste,6,11
2161,3161,2024-07-17,,M,Basic,Casa,Tappeto,110,2,220,PayPal,Bologna,0,GLS,4,6
2162,3162,2024-06-13,,M,Basic,Abbigliamento,T-shirt,44,2,88,PayPal,Napoli,0,BRT,2,3
2163,3163,2024-10-12,45.0,F,Basic,Casa,Cuscino,59,2,118,PayPal,Milano,1,GLS,6,5
2164,3164,2024-01-30,,F,Silver,Libri,Guida,20,2,40,PayPal,Torino,1,BRT,4,13
2165,3165,2024-07-06,39.0,F,Gold,Libri,Guida,14,1,14,Cash,Milano,0,GLS,4,1
2166,3166,2024-02-06,35.0,M,Basic,Casa,Tappeto,84,2,168,Cash,Roma,0,Poste,3,6
2167,3167,2024-07-20,19.0,F,Gold,Sport,Tappetino Yoga,60,3,180,PayPal,Napoli,0,BRT,3,7
2168,3168,2024-02-19,43.0,F,Gold,Sport,Pallone,126,1,126,Cash,Roma,0,BRT,3,3
2169,3169,2024-04-26,58.0,F,Gold,Elettronica,Smartwatch,685,1,685,PayPal,Roma,0,BRT,3,10
2170,3170,2024-05-02,63.0,F,Silver,Libri,Manuale,36,1,36,PayPal,Bologna,0,BRT,5,0
2171,3171,2024-09-07,45.0,F,Basic,Sport,Tappetino Yoga,150,2,300,BankTransfer,Bologna,0,BRT,4,3
2172,3172,2024-09-22,27.0,M,Basic,Sport,Manubri,77,1,77,PayPal,Torino,1,Poste,7,0
2173,3173,2024-09-06,29.0,F,Silver,Casa,Pentola,56,2,112,PayPal,Napoli,0,BRT,3,7
2174,3174,2024-04-10,29.0,M,Basic,Abbigliamento,Giacca,28,3,84,PayPal,Roma,1,Poste,7,11
2175,3175,2024-06-24,47.0,M,Silver,Elettronica,Cuffie,385,1,385,CreditCard,Torino,0,BRT,1,0
2176,3176,2024-11-26,34.0,F,Silver,Sport,Scarpe Running,28,2,56,BankTransfer,Torino,0,GLS,3,2
2177,3177,2024-03-06,75.0,F,Silver,Abbigliamento,Maglione,128,3,384,PayPal,Roma,1,Poste,3,9
2178,3178,2024-12-30,34.0,M,Basic,Elettronica,Smartphone,57,5,285,CreditCard,Roma,0,DHL,3,17
2179,3179,2024-04-30,40.0,M,Basic,Sport,Borraccia,84,2,168,CreditCard,Roma,0,GLS,4,2
2180,3180,2024-11-16,35.0,M,Silver,Elettronica,Smartwatch,743,1,743,PayPal,Milano,0,BRT,3,1
2181,3181,2024-03-30,28.0,M,Basic,Libri,Fumetto,11,5,55,PayPal,Bologna,0,Poste,7,11
2182,3182,2024-09-29,51.0,M,Basic,Libri,Enciclopedia,17,5,85,PayPal,Torino,0,BRT,4,8
2183,3183,2024-12-25,30.0,M,Basic,Abbigliamento,T-shirt,78,5,390,PayPal,Torino,1,BRT,1,13
2184,3184,2024-10-07,,M,Silver,Sport,Borraccia,47,3,141,PayPal,Bologna,1,BRT,1,1
2185,3185,2024-01-24,34.0,M,Basic,Casa,Pentola,18,1,18,BankTransfer,Napoli,0,BRT,2,2
2186,3186,2024-03-25,18.0,M,Gold,Elettronica,Cuffie,337,3,1011,Cash,Roma,0,GLS,3,8
2187,3187,2024-11-05,48.0,F,Basic,Abbigliamento,Jeans,101,2,202,PayPal,Napoli,0,GLS,4,8
2188,3188,2024-05-04,40.0,F,Silver,Elettronica,Smartwatch,431,4,1724,CreditCard,Milano,1,DHL,3,12
2189,3189,2024-10-13,25.0,M,Basic,Elettronica,Laptop,559,2,1118,PayPal,Milano,0,BRT,3,2
2190,3190,2024-03-24,58.0,M,Basic,Sport,Pallone,49,1,49,Cash,Bologna,0,Poste,4,2
2191,3191,2024-10-09,19.0,M,Basic,Casa,Tappeto,64,3,192,PayPal,Bologna,0,GLS,3,6
2192,3192,2024-09-18,18.0,M,Basic,Sport,Pallone,180,1,180,BankTransfer,Torino,0,DHL,3,1
2193,3193,2024-01-08,,M,Basic,Abbigliamento,Giacca,67,1,67,PayPal,Torino,0,DHL,1,0
2194,3194,2024-12-23,20.0,F,Basic,Elettronica,Tablet,510,1,510,PayPal,Torino,0,GLS,3,3
2195,3195,2024-09-29,50.0,M,Basic,Libri,Enciclopedia,40,5,200,BankTransfer,Milano,1,GLS,4,17
2196,3196,2024-09-12,,M,Silver,Libri,Enciclopedia,21,1,21,Cash,Torino,1,Poste,5,3
2197,3197,2024-12-31,32.0,M,Silver,Elettronica,Cuffie,607,3,1821,CreditCard,Milano,0,BRT,1,6
2198,3198,2024-04-06,,F,Basic,Libri,Manuale,37,3,111,PayPal,Bologna,0,Poste,5,10
2199,3199,2024-02-23,24.0,F,Silver,Libri,Guida,39,1,39,PayPal,Roma,0,Poste,4,0
2200,3200,2024-05-29,,M,Basic,Casa,Tappeto,147,3,441,CreditCard,Napoli,1,DHL,2,13
2201,3201,2024-01-09,41.0,M,Basic,Libri,Romanzo,17,2,34,CreditCard,Napoli,0,BRT,2,9
2202,3202,2024-05-06,37.0,F,Gold,Casa,Coperta,92,1,92,BankTransfer,Torino,0,GLS,3,7
2203,3203,2024-07-26,38.0,F,Silver,Abbigliamento,Giacca,103,2,206,PayPal,Torino,0,GLS,4,3
2204,3204,2024-06-15,21.0,F,Basic,Sport,Scarpe Running,169,3,507,PayPal,Bologna,0,BRT,2,7
2205,3205,2024-07-04,52.0,M,Gold,Casa,Lampada,74,1,74,Cash,Roma,0,Poste,5,0
2206,3206,2024-04-26,18.0,F,Basic,Sport,Borraccia,172,5,860,PayPal,Milano,1,GLS,3,17
2207,3207,2024-12-06,71.0,M,Silver,Sport,Borraccia,56,1,56,Cash,Milano,1,GLS,4,3
2208,3208,2024-08-21,62.0,M,Gold,Abbigliamento,T-shirt,42,1,42,CreditCard,Roma,0,GLS,4,3
2209,3209,2024-02-17,,F,Silver,Casa,Tappeto,109,3,327,BankTransfer,Roma,0,BRT,3,9
2210,3210,2024-09-13,18.0,M,Silver,Libri,Guida,49,1,49,Cash,Roma,0,Poste,5,2
2211,3211,2024-03-13,44.0,F,Silver,Sport,Pallone,126,1,126,Cash,Napoli,0,Poste,4,1
2212,3212,2024-05-05,18.0,F,Silver,Sport,Pallone,175,1,175,CreditCard,Torino,0,BRT,3,0
2213,3213,2024-06-07,34.0,F,Basic,Abbigliamento,Maglione,94,5,470,PayPal,Napoli,1,GLS,3,15
2214,3214,2024-06-17,50.0,F,Gold,Abbigliamento,Maglione,30,5,150,PayPal,Milano,1,BRT,3,17
2215,3215,2024-10-28,,M,Basic,Libri,Enciclopedia,49,1,49,PayPal,Milano,1,BRT,5,0
2216,3216,2024-10-13,38.0,M,Gold,Elettronica,Laptop,701,2,1402,CreditCard,Bologna,0,BRT,3,10
2217,3217,2024-08-07,34.0,M,Silver,Sport,Borraccia,81,2,162,Cash,Torino,1,Poste,1,2
2218,3218,2024-10-24,42.0,F,Basic,Elettronica,Smartwatch,118,1,118,PayPal,Napoli,0,Poste,8,0
2219,3219,2024-04-25,18.0,F,Silver,Libri,Romanzo,39,1,39,CreditCard,Milano,0,GLS,2,0
2220,3220,2024-04-18,,M,Gold,Sport,Manubri,101,3,303,PayPal,Napoli,0,BRT,4,8
2221,3221,2024-11-05,65.0,F,Basic,Abbigliamento,T-shirt,57,2,114,PayPal,Roma,0,BRT,1,2
2222,3222,2024-08-19,18.0,F,Basic,Elettronica,Laptop,194,3,582,CreditCard,Milano,0,BRT,4,11
2223,3223,2024-06-18,62.0,M,Basic,Libri,Guida,29,3,87,PayPal,Roma,0,DHL,4,11
2224,3224,2024-04-07,46.0,M,Silver,Abbigliamento,Maglione,53,3,159,CreditCard,Napoli,0,BRT,4,10
2225,3225,2024-02-07,,M,Gold,Casa,Cuscino,20,1,20,BankTransfer,Roma,0,BRT,5,2
2226,3226,2024-03-26,72.0,M,Gold,Elettronica,Smartphone,429,2,858,PayPal,Napoli,0,DHL,2,6
2227,3227,2024-06-12,37.0,M,Silver,Libri,Manuale,11,1,11,PayPal,Bologna,0,DHL,2,6
2228,3228,2024-09-26,66.0,M,Silver,Casa,Cuscino,148,3,444,CreditCard,Torino,0,GLS,3,5
2229,3229,2024-05-24,38.0,F,Gold,Libri,Romanzo,20,3,60,BankTransfer,Torino,1,BRT,5,11
2230,3230,2024-12-12,46.0,F,Silver,Libri,Manuale,43,1,43,PayPal,Roma,0,BRT,4,2
2231,3231,2024-08-20,29.0,F,Gold,Casa,Tappeto,99,4,396,PayPal,Milano,1,GLS,4,7
2232,3232,2024-09-03,,M,Basic,Abbigliamento,T-shirt,67,2,134,PayPal,Torino,1,BRT,2,5
2233,3233,2024-09-04,18.0,M,Basic,Sport,Pallone,87,4,348,PayPal,Napoli,1,BRT,1,11
2234,3234,2024-12-25,,M,Gold,Elettronica,Tablet,159,1,159,Cash,Bologna,0,DHL,2,9
2235,3235,2024-11-15,49.0,M,Silver,Abbigliamento,T-shirt,122,4,488,CreditCard,Bologna,0,BRT,4,11
2236,3236,2024-11-16,21.0,M,Silver,Abbigliamento,Giacca,94,2,188,PayPal,Torino,0,BRT,1,10
2237,3237,2024-09-21,,M,Basic,Casa,Lampada,16,5,80,CreditCard,Bologna,0,BRT,3,22
2238,3238,2024-01-02,31.0,M,Silver,Libri,Fumetto,39,2,78,BankTransfer,Roma,0,BRT,2,8
2239,3239,2024-10-07,40.0,F,Silver,Elettronica,Cuffie,148,2,296,Cash,Bologna,0,BRT,1,8
2240,3240,2024-07-21,31.0,F,Basic,Libri,Romanzo,49,2,98,BankTransfer,Napoli,1,DHL,1,6
2241,3241,2024-06-23,56.0,F,Basic,Casa,Lampada,104,1,104,BankTransfer,Napoli,1,DHL,2,0
2242,3242,2024-07-03,42.0,F,Silver,Libri,Fumetto,22,1,22,CreditCard,Napoli,0,DHL,3,6
2243,3243,2024-06-13,37.0,M,Silver,Sport,Borraccia,167,1,167,PayPal,Milano,0,BRT,5,8
2244,3244,2024-07-13,21.0,F,Basic,Abbigliamento,Giacca,36,3,108,CreditCard,Milano,1,DHL,1,3
2245,3245,2024-07-21,24.0,F,Basic,Sport,Pallone,145,1,145,BankTransfer,Torino,0,DHL,3,0
2246,3246,2024-12-22,45.0,F,Silver,Elettronica,Laptop,157,3,471,BankTransfer,Milano,0,BRT,3,13
2247,3247,2024-12-04,33.0,M,Silver,Casa,Pentola,123,3,369,CreditCard,Torino,0,GLS,3,6
2248,3248,2024-11-04,,F,Basic,Libri,Fumetto,49,1,49,PayPal,Roma,0,GLS,4,4
2249,3249,2024-03-14,18.0,F,Silver,Libri,Fumetto,20,3,60,CreditCard,Milano,0,BRT,2,11
2250,3250,2024-11-21,,M,Silver,Elettronica,Tablet,684,1,684,Cash,Milano,0,Poste,4,0
2251,3251,2024-01-21,30.0,M,Basic,Casa,Lampada,60,2,120,CreditCard,Roma,0,GLS,4,2
2252,3252,2024-05-21,,M,Basic,Casa,Coperta,39,1,39,CreditCard,Torino,1,BRT,3,3
2253,3253,2024-11-29,44.0,F,Silver,Libri,Manuale,12,3,36,Cash,Roma,1,Poste,3,10
2254,3254,2024-10-04,23.0,F,Silver,Elettronica,Smartwatch,430,1,430,CreditCard,Milano,0,GLS,3,5
2255,3255,2024-07-10,18.0,F,Basic,Casa,Tappeto,147,2,294,BankTransfer,Torino,0,BRT,3,0
2256,3256,2024-06-07,41.0,M,Basic,Casa,Lampada,34,4,136,PayPal,Torino,0,GLS,4,12
2257,3257,2024-12-03,,M,Silver,Casa,Lampada,50,1,50,CreditCard,Roma,0,BRT,1,3
2258,3258,2024-10-21,37.0,M,Silver,Abbigliamento,Jeans,178,1,178,PayPal,Milano,1,GLS,3,4
2259,3259,2024-05-02,,M,Basic,Elettronica,Smartwatch,585,2,1170,PayPal,Roma,0,BRT,4,7
2260,3260,2024-09-15,48.0,F,Silver,Elettronica,Cuffie,477,1,477,CreditCard,Milano,0,BRT,4,3
2261,3261,2024-11-05,22.0,F,Basic,Sport,Scarpe Running,116,5,580,CreditCard,Roma,1,BRT,2,20
2262,3262,2024-01-17,75.0,M,Gold,Casa,Pentola,48,2,96,CreditCard,Napoli,0,BRT,4,8
2263,3263,2024-04-06,,F,Silver,Elettronica,Laptop,538,2,1076,Cash,Roma,1,Poste,2,15
2264,3264,2024-04-20,30.0,M,Silver,Elettronica,Cuffie,361,1,361,PayPal,Bologna,0,DHL,2,3
2265,3265,2024-12-18,,F,Basic,Casa,Pentola,35,2,70,Cash,Bologna,0,BRT,5,2
2266,3266,2024-12-01,46.0,F,Gold,Libri,Romanzo,18,2,36,PayPal,Milano,0,GLS,2,9
2267,3267,2024-03-02,48.0,F,Basic,Sport,Borraccia,75,4,300,Cash,Milano,0,DHL,2,12
2268,3268,2024-12-22,18.0,F,Basic,Elettronica,Cuffie,726,5,3630,CreditCard,Torino,0,BRT,4,15
2269,3269,2024-04-17,18.0,F,Basic,Abbigliamento,T-shirt,89,1,89,Cash,Napoli,1,GLS,2,11
2270,3270,2024-07-02,37.0,M,Gold,Libri,Guida,24,1,24,PayPal,Torino,0,Poste,6,5
2271,3271,2024-12-02,51.0,F,Basic,Libri,Enciclopedia,28,2,56,Cash,Bologna,1,GLS,4,4
2272,3272,2024-03-30,40.0,F,Silver,Elettronica,Smartwatch,478,2,956,Cash,Torino,0,DHL,2,5
2273,3273,2024-05-09,53.0,M,Gold,Libri,Romanzo,9,1,9,CreditCard,Bologna,0,BRT,3,3
2274,3274,2024-12-05,44.0,F,Basic,Sport,Manubri,132,2,264,PayPal,Napoli,0,BRT,2,7
2275,3275,2024-08-31,44.0,F,Silver,Libri,Manuale,12,2,24,PayPal,Milano,0,DHL,2,2
2276,3276,2024-10-31,63.0,F,Silver,Casa,Pentola,150,1,150,CreditCard,Milano,0,GLS,4,0
2277,3277,2024-11-15,22.0,M,Silver,Abbigliamento,Jeans,69,2,138,CreditCard,Roma,1,GLS,4,5
2278,3278,2024-05-16,,F,Basic,Abbigliamento,Maglione,121,1,121,BankTransfer,Roma,0,DHL,3,3
2279,3279,2024-04-30,44.0,F,Gold,Sport,Pallone,67,1,67,PayPal,Roma,0,DHL,3,3
2280,3280,2024-03-15,,F,Silver,Sport,Tappetino Yoga,23,2,46,CreditCard,Milano,0,DHL,3,4
2281,3281,2024-10-15,18.0,F,Silver,Abbigliamento,Maglione,165,3,495,PayPal,Roma,0,BRT,4,3
2282,3282,2024-08-22,46.0,M,Basic,Abbigliamento,Jeans,75,1,75,Cash,Milano,1,GLS,4,4
2283,3283,2024-12-15,19.0,F,Basic,Casa,Pentola,82,1,82,BankTransfer,Torino,0,Poste,8,6
2284,3284,2024-01-01,20.0,F,Basic,Sport,Manubri,97,1,97,BankTransfer,Roma,0,GLS,3,4
2285,3285,2024-01-31,64.0,M,Basic,Libri,Romanzo,28,1,28,BankTransfer,Bologna,0,Poste,5,3
2286,3286,2024-08-14,55.0,F,Gold,Casa,Cuscino,115,4,460,Cash,Torino,1,Poste,7,12
2287,3287,2024-08-04,,M,Basic,Casa,Lampada,17,3,51,PayPal,Bologna,1,Poste,8,11
2288,3288,2024-09-23,63.0,F,Gold,Casa,Cuscino,15,1,15,BankTransfer,Milano,1,BRT,5,0
2289,3289,2024-03-25,30.0,M,Basic,Libri,Romanzo,48,1,48,CreditCard,Bologna,0,Poste,4,3
2290,3290,2024-02-09,53.0,F,Silver,Abbigliamento,T-shirt,109,1,109,BankTransfer,Roma,1,DHL,2,13
2291,3291,2024-07-19,59.0,F,Silver,Sport,Pallone,74,1,74,PayPal,Roma,0,GLS,4,0
2292,3292,2024-09-24,58.0,F,Gold,Elettronica,Smartphone,577,4,2308,PayPal,Roma,0,BRT,5,17
2293,3293,2024-02-03,57.0,M,Gold,Abbigliamento,Scarpe,45,1,45,Cash,Milano,0,GLS,3,2
2294,3294,2024-06-07,34.0,M,Basic,Sport,Borraccia,71,2,142,CreditCard,Napoli,1,BRT,3,11
2295,3295,2024-06-13,30.0,M,Basic,Elettronica,Smartwatch,718,1,718,PayPal,Bologna,0,BRT,5,6
2296,3296,2024-05-31,,F,Basic,Elettronica,Laptop,262,4,1048,Cash,Torino,1,GLS,4,17
2297,3297,2024-04-15,37.0,F,Gold,Abbigliamento,Maglione,163,1,163,BankTransfer,Napoli,1,Poste,6,1
2298,3298,2024-10-13,,M,Gold,Casa,Coperta,11,4,44,PayPal,Torino,0,Poste,5,7
2299,3299,2024-11-27,23.0,M,Basic,Abbigliamento,Jeans,136,1,136,CreditCard,Milano,1,DHL,3,0
2300,3300,2024-02-14,58.0,M,Silver,Sport,Tappetino Yoga,145,1,145,BankTransfer,Napoli,1,BRT,5,3
2301,3301,2024-08-02,,F,Basic,Elettronica,Cuffie,613,5,3065,BankTransfer,Milano,0,BRT,1,13
2302,3302,2024-04-19,60.0,F,Gold,Abbigliamento,T-shirt,45,1,45,PayPal,Napoli,1,DHL,2,6
2303,3303,2024-02-21,29.0,M,Silver,Elettronica,Smartwatch,579,2,1158,PayPal,Napoli,0,GLS,3,8
2304,3304,2024-06-04,42.0,M,Gold,Elettronica,Cuffie,111,2,222,CreditCard,Milano,0,DHL,2,3
2305,3305,2024-01-20,22.0,F,Basic,Elettronica,Tablet,72,1,72,PayPal,Napoli,0,GLS,2,2
2306,3306,2024-11-21,39.0,F,Basic,Libri,Enciclopedia,45,1,45,CreditCard,Napoli,1,BRT,4,0
2307,3307,2024-05-09,25.0,M,Silver,Casa,Lampada,33,3,99,BankTransfer,Milano,1,GLS,3,10
2308,3308,2024-03-06,44.0,M,Basic,Casa,Tappeto,20,1,20,BankTransfer,Milano,0,BRT,3,4
2309,3309,2024-07-19,37.0,F,Silver,Abbigliamento,T-shirt,131,3,393,BankTransfer,Milano,1,BRT,3,10
2310,3310,2024-06-11,60.0,F,Silver,Libri,Fumetto,47,1,47,CreditCard,Torino,0,GLS,5,0
2311,3311,2024-12-28,,M,Basic,Sport,Manubri,114,4,456,PayPal,Milano,1,Poste,3,7
2312,3312,2024-11-27,32.0,F,Silver,Casa,Pentola,40,4,160,PayPal,Roma,0,GLS,3,17
2313,3313,2024-10-04,18.0,F,Gold,Casa,Lampada,111,2,222,BankTransfer,Bologna,0,GLS,3,6
2314,3314,2024-04-18,31.0,M,Silver,Sport,Manubri,137,2,274,BankTransfer,Torino,1,GLS,2,8
2315,3315,2024-07-17,29.0,F,Basic,Casa,Coperta,61,2,122,BankTransfer,Milano,0,DHL,1,12
2316,3316,2024-01-02,55.0,M,Basic,Elettronica,Smartwatch,206,1,206,Cash,Roma,0,DHL,2,5
2317,3317,2024-08-23,45.0,M,Silver,Sport,Tappetino Yoga,105,1,105,CreditCard,Roma,1,GLS,4,0
2318,3318,2024-11-23,29.0,M,Basic,Casa,Coperta,129,1,129,BankTransfer,Torino,1,GLS,5,1
2319,3319,2024-05-19,41.0,M,Silver,Libri,Fumetto,47,4,188,PayPal,Bologna,0,BRT,3,8
2320,3320,2024-06-15,40.0,F,Silver,Sport,Manubri,127,2,254,CreditCard,Bologna,0,Poste,5,6
2321,3321,2024-10-03,43.0,F,Basic,Libri,Romanzo,25,2,50,Cash,Napoli,1,Poste,3,7
2322,3322,2024-03-06,34.0,F,Basic,Elettronica,Smartphone,93,5,465,CreditCard,Milano,1,BRT,3,27
2323,3323,2024-11-18,56.0,M,Silver,Abbigliamento,Giacca,190,1,190,Cash,Roma,0,BRT,4,1
2324,3324,2024-02-21,,M,Basic,Libri,Romanzo,11,3,33,CreditCard,Roma,1,BRT,5,7
2325,3325,2024-06-14,20.0,M,Silver,Libri,Romanzo,41,1,41,Cash,Bologna,1,GLS,5,0
2326,3326,2024-11-10,53.0,M,Silver,Abbigliamento,Maglione,164,1,164,CreditCard,Napoli,0,GLS,3,2
2327,3327,2024-10-20,27.0,M,Silver,Libri,Guida,38,1,38,CreditCard,Roma,0,BRT,2,0
2328,3328,2024-02-07,,M,Gold,Casa,Tappeto,113,1,113,BankTransfer,Milano,0,DHL,2,5
2329,3329,2024-09-27,53.0,F,Silver,Libri,Enciclopedia,24,1,24,CreditCard,Roma,0,BRT,1,5
2330,3330,2024-09-23,45.0,M,Basic,Elettronica,Smartwatch,765,2,1530,PayPal,Milano,0,BRT,3,2
2331,3331,2024-11-29,38.0,M,Basic,Elettronica,Smartwatch,386,1,386,PayPal,Roma,0,Poste,4,0
2332,3332,2024-04-24,39.0,F,Gold,Casa,Coperta,116,2,232,CreditCard,Torino,0,Poste,4,6
2333,3333,2024-06-09,72.0,M,Gold,Casa,Tappeto,34,2,68,PayPal,Milano,1,Poste,6,10
2334,3334,2024-09-13,60.0,M,Basic,Abbigliamento,T-shirt,104,2,208,PayPal,Milano,0,DHL,1,0
2335,3335,2024-10-20,38.0,M,Gold,Abbigliamento,Jeans,93,3,279,CreditCard,Milano,1,DHL,2,12
2336,3336,2024-07-04,,M,Gold,Abbigliamento,T-shirt,16,3,48,CreditCard,Roma,1,GLS,4,4
2337,3337,2024-11-30,66.0,M,Silver,Abbigliamento,Scarpe,33,3,99,PayPal,Roma,1,GLS,3,7
2338,3338,2024-06-21,39.0,F,Silver,Sport,Scarpe Running,147,4,588,CreditCard,Milano,1,BRT,1,5
2339,3339,2024-02-10,44.0,F,Silver,Sport,Pallone,31,1,31,BankTransfer,Torino,0,GLS,3,7
2340,3340,2024-07-18,58.0,F,Silver,Libri,Romanzo,39,2,78,PayPal,Bologna,0,BRT,3,11
2341,3341,2024-04-02,29.0,F,Silver,Elettronica,Smartphone,627,4,2508,PayPal,Milano,0,BRT,2,11
2342,3342,2024-05-08,31.0,M,Basic,Elettronica,Laptop,220,1,220,BankTransfer,Bologna,0,GLS,5,11
2343,3343,2024-08-24,32.0,M,Basic,Sport,Manubri,101,4,404,PayPal,Torino,1,BRT,1,13
2344,3344,2024-12-27,41.0,F,Silver,Casa,Pentola,21,1,21,CreditCard,Roma,0,GLS,2,4
2345,3345,2024-09-08,18.0,F,Basic,Abbigliamento,Maglione,119,1,119,CreditCard,Torino,1,DHL,2,0
2346,3346,2024-01-16,32.0,M,Basic,Casa,Tappeto,104,1,104,BankTransfer,Torino,0,GLS,5,1
2347,3347,2024-07-31,49.0,M,Silver,Abbigliamento,Giacca,155,1,155,BankTransfer,Bologna,1,Poste,1,0
2348,3348,2024-08-16,43.0,F,Basic,Sport,Tappetino Yoga,164,1,164,Cash,Milano,0,BRT,2,3
2349,3349,2024-01-21,43.0,F,Basic,Abbigliamento,Scarpe,117,2,234,PayPal,Bologna,0,GLS,3,10
2350,3350,2024-10-25,18.0,F,Basic,Abbigliamento,Giacca,127,4,508,PayPal,Roma,0,BRT,5,12
2351,3351,2024-11-09,41.0,F,Basic,Libri,Manuale,20,2,40,CreditCard,Torino,1,BRT,2,3
2352,3352,2024-05-28,36.0,M,Basic,Casa,Pentola,86,4,344,PayPal,Milano,1,BRT,3,17
2353,3353,2024-03-23,38.0,F,Silver,Elettronica,Smartphone,480,1,480,PayPal,Torino,0,GLS,5,5
2354,3354,2024-08-15,51.0,F,Basic,Sport,Pallone,30,2,60,Cash,Milano,1,Poste,4,14
2355,3355,2024-05-09,60.0,F,Basic,Sport,Pallone,177,1,177,CreditCard,Milano,0,Poste,1,1
2356,3356,2024-12-09,34.0,M,Basic,Abbigliamento,Giacca,46,2,92,PayPal,Milano,0,DHL,2,10
2357,3357,2024-03-16,29.0,F,Basic,Casa,Lampada,107,1,107,BankTransfer,Torino,0,DHL,3,9
2358,3358,2024-03-20,34.0,M,Basic,Sport,Borraccia,122,4,488,CreditCard,Milano,1,Poste,4,11
2359,3359,2024-07-31,50.0,M,Silver,Libri,Fumetto,19,3,57,BankTransfer,Torino,0,Poste,6,8
2360,3360,2024-12-12,36.0,M,Silver,Sport,Scarpe Running,30,2,60,PayPal,Roma,0,GLS,4,7
2361,3361,2024-07-31,32.0,F,Gold,Libri,Fumetto,27,2,54,Cash,Torino,0,BRT,3,5
2362,3362,2024-12-18,37.0,M,Basic,Libri,Romanzo,43,3,129,Cash,Milano,1,Poste,8,13
2363,3363,2024-10-22,,F,Gold,Sport,Tappetino Yoga,47,1,47,CreditCard,Napoli,0,GLS,3,7
2364,3364,2024-02-13,24.0,F,Silver,Abbigliamento,Giacca,132,1,132,BankTransfer,Napoli,1,DHL,2,6
2365,3365,2024-06-04,,M,Basic,Casa,Cuscino,33,3,99,PayPal,Milano,0,BRT,2,8
2366,3366,2024-12-25,22.0,M,Gold,Casa,Coperta,90,1,90,BankTransfer,Milano,0,DHL,2,4
2367,3367,2024-05-22,72.0,M,Silver,Libri,Guida,31,2,62,CreditCard,Roma,0,BRT,6,8
2368,3368,2024-03-24,31.0,F,Basic,Elettronica,Smartphone,364,1,364,BankTransfer,Napoli,0,BRT,3,4
2369,3369,2024-01-20,52.0,F,Gold,Abbigliamento,Scarpe,39,1,39,PayPal,Bologna,1,GLS,5,5
2370,3370,2024-01-26,39.0,M,Basic,Libri,Guida,33,2,66,PayPal,Napoli,0,BRT,3,4
2371,3371,2024-01-21,35.0,M,Basic,Elettronica,Laptop,79,3,237,PayPal,Torino,0,GLS,4,9
2372,3372,2024-07-16,33.0,M,Basic,Abbigliamento,Maglione,72,1,72,CreditCard,Bologna,0,GLS,3,3
2373,3373,2024-03-25,26.0,F,Basic,Casa,Coperta,72,2,144,PayPal,Bologna,1,BRT,1,5
2374,3374,2024-09-25,58.0,M,Silver,Libri,Romanzo,44,2,88,PayPal,Milano,0,DHL,2,11
2375,3375,2024-08-13,47.0,F,Basic,Abbigliamento,Maglione,146,1,146,CreditCard,Torino,0,Poste,8,10
2376,3376,2024-12-09,38.0,M,Gold,Abbigliamento,Giacca,110,2,220,CreditCard,Bologna,1,BRT,1,13
2377,3377,2024-09-15,22.0,F,Gold,Sport,Borraccia,54,1,54,CreditCard,Milano,1,BRT,1,4
2378,3378,2024-05-09,31.0,F,Basic,Libri,Guida,8,4,32,BankTransfer,Napoli,1,Poste,2,7
2379,3379,2024-01-29,52.0,F,Silver,Abbigliamento,Scarpe,118,2,236,BankTransfer,Roma,1,GLS,5,2
2380,3380,2024-02-21,23.0,M,Basic,Casa,Tappeto,83,1,83,BankTransfer,Roma,0,Poste,7,3
2381,3381,2024-08-24,29.0,M,Basic,Elettronica,Cuffie,613,1,613,Cash,Milano,0,DHL,1,2
2382,3382,2024-08-17,,M,Basic,Elettronica,Smartwatch,734,3,2202,BankTransfer,Torino,1,Poste,8,6
2383,3383,2024-01-15,44.0,M,Basic,Abbigliamento,Maglione,145,2,290,PayPal,Milano,0,GLS,3,13
2384,3384,2024-12-03,29.0,F,Basic,Sport,Borraccia,47,2,94,Cash,Roma,1,Poste,2,3
2385,3385,2024-09-30,63.0,F,Silver,Sport,Pallone,25,3,75,BankTransfer,Roma,0,BRT,1,3
2386,3386,2024-05-28,20.0,M,Silver,Sport,Scarpe Running,61,1,61,CreditCard,Roma,0,Poste,6,8
2387,3387,2024-01-02,,M,Silver,Libri,Romanzo,15,5,75,CreditCard,Torino,0,BRT,1,14
2388,3388,2024-10-16,,M,Basic,Libri,Enciclopedia,30,1,30,PayPal,Milano,1,GLS,6,6
2389,3389,2024-07-12,18.0,F,Basic,Casa,Coperta,38,1,38,Cash,Napoli,1,GLS,3,2
2390,3390,2024-04-23,43.0,M,Silver,Libri,Manuale,42,2,84,Cash,Torino,0,BRT,2,9
2391,3391,2024-04-07,50.0,F,Silver,Sport,Pallone,64,4,256,CreditCard,Milano,0,Poste,6,5
2392,3392,2024-05-06,26.0,M,Basic,Sport,Pallone,39,2,78,CreditCard,Milano,0,GLS,3,5
2393,3393,2024-12-23,,F,Basic,Casa,Coperta,67,2,134,PayPal,Bologna,0,DHL,2,7
2394,3394,2024-09-28,18.0,F,Basic,Sport,Pallone,45,5,225,Cash,Bologna,0,BRT,3,17
2395,3395,2024-03-06,24.0,M,Silver,Casa,Cuscino,56,4,224,BankTransfer,Napoli,0,Poste,6,10
2396,3396,2024-10-05,40.0,M,Silver,Sport,Borraccia,34,1,34,PayPal,Roma,0,BRT,4,6
2397,3397,2024-02-28,,M,Basic,Sport,Manubri,136,1,136,CreditCard,Roma,1,BRT,3,8
2398,3398,2024-12-25,37.0,M,Gold,Elettronica,Laptop,774,3,2322,Cash,Roma,0,GLS,2,11
2399,3399,2024-04-28,26.0,M,Basic,Abbigliamento,Scarpe,141,1,141,CreditCard,Napoli,1,DHL,3,7
2400,3400,2024-04-07,47.0,M,Basic,Abbigliamento,Jeans,24,1,24,CreditCard,Bologna,0,GLS,4,0
2401,3401,2024-07-21,58.0,F,Silver,Casa,Lampada,11,1,11,CreditCard,Napoli,1,GLS,1,1
2402,3402,2024-09-04,29.0,M,Basic,Sport,Pallone,154,4,616,BankTransfer,Napoli,0,DHL,2,18
2403,3403,2024-01-04,39.0,M,Basic,Libri,Romanzo,20,1,20,BankTransfer,Torino,1,BRT,2,6
2404,3404,2024-09-14,30.0,F,Basic,Libri,Romanzo,16,4,64,BankTransfer,Roma,0,Poste,4,6
2405,3405,2024-03-24,37.0,F,Silver,Abbigliamento,Maglione,173,1,173,CreditCard,Bologna,1,Poste,6,0
2406,3406,2024-05-25,40.0,F,Basic,Abbigliamento,Jeans,141,2,282,BankTransfer,Milano,0,Poste,6,12
2407,3407,2024-02-27,36.0,F,Basic,Elettronica,Smartwatch,763,2,1526,PayPal,Napoli,1,GLS,3,2
2408,3408,2024-10-19,33.0,F,Basic,Libri,Guida,9,1,9,PayPal,Roma,1,DHL,2,3
2409,3409,2024-11-08,31.0,F,Silver,Libri,Guida,9,2,18,PayPal,Torino,1,DHL,2,0
2410,3410,2024-12-23,39.0,F,Basic,Casa,Tappeto,113,1,113,Cash,Milano,1,GLS,4,5
2411,3411,2024-03-28,35.0,M,Basic,Casa,Tappeto,59,1,59,CreditCard,Bologna,0,GLS,5,6
2412,3412,2024-03-15,30.0,M,Silver,Sport,Scarpe Running,73,5,365,BankTransfer,Bologna,1,Poste,10,20
2413,3413,2024-03-06,44.0,F,Silver,Casa,Pentola,116,1,116,CreditCard,Bologna,0,GLS,4,6
2414,3414,2024-07-25,44.0,F,Silver,Libri,Manuale,44,3,132,BankTransfer,Bologna,0,BRT,3,3
2415,3415,2024-07-07,41.0,F,Silver,Libri,Manuale,12,1,12,Cash,Bologna,0,DHL,2,0
2416,3416,2024-01-09,21.0,M,Silver,Casa,Cuscino,39,2,78,CreditCard,Roma,0,Poste,8,6
2417,3417,2024-05-20,44.0,F,Basic,Abbigliamento,T-shirt,173,2,346,PayPal,Napoli,1,GLS,3,5
2418,3418,2024-04-06,,F,Basic,Abbigliamento,Jeans,75,5,375,BankTransfer,Milano,1,GLS,4,14
2419,3419,2024-02-18,34.0,M,Basic,Sport,Scarpe Running,91,1,91,CreditCard,Bologna,1,GLS,4,0
2420,3420,2024-03-02,46.0,F,Silver,Sport,Scarpe Running,86,4,344,Cash,Torino,0,BRT,1,15
2421,3421,2024-06-08,57.0,M,Basic,Libri,Romanzo,19,1,19,BankTransfer,Torino,1,GLS,3,8
2422,3422,2024-10-22,43.0,F,Silver,Libri,Guida,28,3,84,PayPal,Milano,0,BRT,3,4
2423,3423,2024-10-23,49.0,F,Basic,Abbigliamento,Giacca,22,5,110,BankTransfer,Roma,1,GLS,4,13
2424,3424,2024-08-20,57.0,F,Silver,Elettronica,Laptop,411,1,411,CreditCard,Torino,1,Poste,4,3
2425,3425,2024-02-19,63.0,M,Basic,Libri,Enciclopedia,34,1,34,PayPal,Milano,0,BRT,4,6
2426,3426,2024-07-19,31.0,M,Basic,Elettronica,Smartphone,775,1,775,CreditCard,Roma,0,Poste,1,4
2427,3427,2024-09-26,32.0,F,Basic,Elettronica,Cuffie,153,4,612,PayPal,Roma,0,Poste,6,14
2428,3428,2024-02-12,33.0,F,Basic,Abbigliamento,Scarpe,145,3,435,CreditCard,Torino,0,Poste,5,6
2429,3429,2024-09-25,55.0,M,Silver,Sport,Pallone,73,5,365,BankTransfer,Milano,0,BRT,2,13
2430,3430,2024-01-16,47.0,M,Silver,Sport,Tappetino Yoga,46,1,46,CreditCard,Torino,0,Poste,4,6
2431,3431,2024-10-18,,F,Silver,Sport,Scarpe Running,49,5,245,PayPal,Roma,0,BRT,1,20
2432,3432,2024-03-22,43.0,M,Gold,Casa,Lampada,43,3,129,Cash,Milano,1,BRT,5,20
2433,3433,2024-04-26,34.0,M,Basic,Sport,Pallone,115,1,115,PayPal,Roma,1,BRT,4,8
2434,3434,2024-06-03,,M,Basic,Casa,Pentola,63,2,126,CreditCard,Napoli,0,GLS,3,7
2435,3435,2024-07-18,18.0,F,Basic,Abbigliamento,Maglione,113,2,226,BankTransfer,Torino,0,Poste,4,5
2436,3436,2024-01-22,,F,Basic,Sport,Tappetino Yoga,44,3,132,PayPal,Bologna,0,GLS,5,10
2437,3437,2024-01-03,,F,Silver,Casa,Pentola,49,4,196,CreditCard,Roma,1,DHL,3,9
2438,3438,2024-02-09,,F,Basic,Elettronica,Smartwatch,315,1,315,PayPal,Roma,0,GLS,4,2
2439,3439,2024-09-11,48.0,M,Basic,Abbigliamento,Maglione,111,3,333,BankTransfer,Torino,1,BRT,3,14
2440,3440,2024-10-01,60.0,M,Silver,Sport,Pallone,62,3,186,PayPal,Torino,0,BRT,3,10
2441,3441,2024-09-21,48.0,M,Basic,Casa,Tappeto,121,2,242,CreditCard,Torino,0,BRT,3,9
2442,3442,2024-09-25,38.0,F,Basic,Casa,Coperta,74,1,74,CreditCard,Torino,1,Poste,2,0
2443,3443,2024-12-19,49.0,M,Basic,Sport,Pallone,155,2,310,BankTransfer,Torino,0,Poste,4,8
2444,3444,2024-08-29,43.0,F,Silver,Elettronica,Laptop,679,3,2037,CreditCard,Roma,0,GLS,4,6
2445,3445,2024-08-11,29.0,M,Basic,Casa,Lampada,108,2,216,Cash,Roma,0,BRT,3,9
2446,3446,2024-06-23,52.0,M,Gold,Sport,Tappetino Yoga,148,2,296,CreditCard,Torino,0,GLS,3,5
2447,3447,2024-10-03,,F,Basic,Casa,Lampada,140,4,560,Cash,Bologna,0,Poste,5,13
2448,3448,2024-01-17,37.0,F,Silver,Elettronica,Cuffie,429,1,429,BankTransfer,Bologna,0,BRT,1,2
2449,3449,2024-11-28,,F,Basic,Abbigliamento,T-shirt,85,5,425,PayPal,Bologna,0,GLS,4,17
2450,3450,2024-08-05,55.0,F,Basic,Elettronica,Smartphone,615,1,615,CreditCard,Roma,0,BRT,2,0
2451,3451,2024-11-26,32.0,F,Silver,Casa,Cuscino,133,1,133,Cash,Napoli,1,Poste,7,0
2452,3452,2024-09-28,37.0,F,Basic,Abbigliamento,Giacca,32,2,64,CreditCard,Bologna,0,GLS,3,1
2453,3453,2024-12-19,38.0,M,Gold,Elettronica,Smartphone,458,1,458,CreditCard,Milano,0,GLS,4,10
2454,3454,2024-03-06,37.0,M,Basic,Elettronica,Tablet,214,1,214,PayPal,Roma,0,GLS,3,0
2455,3455,2024-12-11,46.0,M,Basic,Casa,Coperta,147,3,441,PayPal,Bologna,1,BRT,2,11
2456,3456,2024-04-19,52.0,F,Gold,Sport,Manubri,169,3,507,BankTransfer,Napoli,0,DHL,3,15
2457,3457,2024-04-12,46.0,M,Silver,Libri,Enciclopedia,45,2,90,Cash,Roma,1,BRT,3,6
2458,3458,2024-06-03,18.0,M,Basic,Sport,Tappetino Yoga,100,2,200,CreditCard,Roma,0,BRT,2,7
2459,3459,2024-11-08,,M,Basic,Sport,Pallone,53,1,53,BankTransfer,Milano,0,BRT,3,0
2460,3460,2024-10-26,33.0,F,Silver,Abbigliamento,Giacca,173,3,519,CreditCard,Milano,0,BRT,3,8
2461,3461,2024-08-12,35.0,F,Basic,Libri,Guida,44,1,44,PayPal,Roma,0,Poste,4,1
2462,3462,2024-11-18,36.0,M,Basic,Libri,Romanzo,49,1,49,CreditCard,Milano,0,BRT,4,6
2463,3463,2024-08-27,18.0,F,Basic,Elettronica,Cuffie,138,5,690,PayPal,Torino,0,GLS,3,14
2464,3464,2024-09-23,28.0,F,Basic,Abbigliamento,Jeans,158,3,474,CreditCard,Roma,0,Poste,8,5
2465,3465,2024-11-06,18.0,M,Basic,Elettronica,Cuffie,756,5,3780,BankTransfer,Napoli,1,BRT,4,16
2466,3466,2024-12-18,75.0,F,Basic,Elettronica,Smartphone,270,2,540,CreditCard,Bologna,0,BRT,1,7
2467,3467,2024-10-19,46.0,F,Silver,Casa,Coperta,100,5,500,PayPal,Bologna,0,GLS,3,19
2468,3468,2024-07-07,38.0,F,Basic,Abbigliamento,T-shirt,96,4,384,CreditCard,Napoli,0,BRT,1,15
2469,3469,2024-07-14,18.0,F,Silver,Elettronica,Laptop,154,3,462,Cash,Milano,0,BRT,2,11
2470,3470,2024-01-03,34.0,F,Basic,Elettronica,Smartphone,654,1,654,CreditCard,Roma,0,GLS,3,4
2471,3471,2024-09-13,50.0,M,Basic,Abbigliamento,T-shirt,93,3,279,BankTransfer,Torino,1,BRT,5,16
2472,3472,2024-06-18,50.0,M,Basic,Casa,Tappeto,128,3,384,PayPal,Torino,1,Poste,5,7
2473,3473,2024-11-16,45.0,M,Gold,Elettronica,Laptop,595,4,2380,Cash,Milano,0,GLS,5,15
2474,3474,2024-01-15,59.0,F,Gold,Abbigliamento,Scarpe,158,5,790,PayPal,Torino,1,Poste,3,16
2475,3475,2024-10-13,18.0,M,Basic,Sport,Borraccia,136,1,136,Cash,Roma,1,DHL,1,3
2476,3476,2024-11-23,21.0,M,Basic,Sport,Borraccia,167,2,334,BankTransfer,Roma,0,Poste,5,6
2477,3477,2024-01-16,38.0,F,Basic,Sport,Scarpe Running,106,1,106,CreditCard,Milano,0,GLS,5,1
2478,3478,2024-08-28,40.0,F,Silver,Sport,Borraccia,81,3,243,Cash,Milano,1,GLS,3,3
2479,3479,2024-09-11,,F,Silver,Libri,Fumetto,45,4,180,BankTransfer,Torino,0,Poste,2,12
2480,3480,2024-08-27,56.0,M,Basic,Casa,Cuscino,64,1,64,PayPal,Roma,0,GLS,4,2
2481,3481,2024-03-04,18.0,M,Silver,Casa,Lampada,105,1,105,PayPal,Milano,0,GLS,3,1
2482,3482,2024-12-14,23.0,F,Basic,Sport,Manubri,135,1,135,CreditCard,Roma,0,BRT,4,5
2483,3483,2024-05-03,62.0,F,Gold,Abbigliamento,T-shirt,98,2,196,BankTransfer,Napoli,0,GLS,2,7
2484,3484,2024-12-12,51.0,M,Silver,Casa,Lampada,67,1,67,PayPal,Milano,0,GLS,3,5
2485,3485,2024-02-14,18.0,M,Gold,Libri,Manuale,30,2,60,CreditCard,Milano,0,BRT,4,4
2486,3486,2024-05-23,50.0,M,Basic,Elettronica,Cuffie,492,4,1968,CreditCard,Torino,0,BRT,4,8
2487,3487,2024-07-03,,F,Basic,Sport,Manubri,101,1,101,Cash,Roma,0,BRT,4,0
2488,3488,2024-11-18,,F,Basic,Abbigliamento,Scarpe,194,2,388,BankTransfer,Bologna,0,BRT,4,1
2489,3489,2024-06-25,43.0,M,Basic,Casa,Lampada,74,2,148,PayPal,Milano,0,BRT,2,8
2490,3490,2024-10-14,,M,Gold,Libri,Guida,15,2,30,CreditCard,Milano,1,BRT,1,1
2491,3491,2024-09-11,23.0,M,Basic,Casa,Tappeto,37,1,37,CreditCard,Roma,0,DHL,1,8
2492,3492,2024-07-01,46.0,M,Basic,Sport,Borraccia,38,1,38,PayPal,Torino,0,BRT,2,6
2493,3493,2024-08-26,,M,Basic,Sport,Manubri,121,2,242,Cash,Roma,1,GLS,3,5
2494,3494,2024-09-20,46.0,F,Silver,Sport,Tappetino Yoga,36,2,72,CreditCard,Roma,0,DHL,2,4
2495,3495,2024-09-21,23.0,F,Basic,Elettronica,Laptop,140,3,420,Cash,Milano,0,GLS,3,7
2496,3496,2024-04-10,32.0,M,Basic,Libri,Fumetto,25,1,25,CreditCard,Roma,1,DHL,2,3
2497,3497,2024-01-25,,F,Silver,Libri,Enciclopedia,23,3,69,CreditCard,Bologna,0,BRT,1,12
2498,3498,2024-10-14,,F,Basic,Libri,Enciclopedia,12,3,36,Cash,Roma,0,DHL,3,16
2499,3499,2024-08-29,36.0,M,Basic,Abbigliamento,Maglione,107,1,107,CreditCard,Bologna,0,GLS,4,2
2500,3500,2024-06-17,45.0,M,Gold,Abbigliamento,Giacca,102,1,102,CreditCard,Torino,1,Poste,5,2
2501,3501,2024-04-17,47.0,M,Basic,Casa,Pentola,145,1,145,Cash,Napoli,1,BRT,3,4
2502,3502,2024-10-02,38.0,F,Silver,Elettronica,Smartwatch,674,1,674,CreditCard,Torino,0,BRT,3,7
2503,3503,2024-04-16,37.0,F,Basic,Elettronica,Smartphone,440,1,440,CreditCard,Torino,1,BRT,5,8
2504,3504,2024-07-10,44.0,F,Basic,Casa,Coperta,111,2,222,Cash,Napoli,1,BRT,2,3
2505,3505,2024-01-29,47.0,F,Basic,Elettronica,Cuffie,444,1,444,CreditCard,Roma,0,GLS,4,3
2506,3506,2024-12-20,38.0,M,Basic,Abbigliamento,Scarpe,83,1,83,CreditCard,Napoli,0,GLS,3,2
2507,3507,2024-05-25,44.0,F,Basic,Abbigliamento,Jeans,55,1,55,PayPal,Torino,0,Poste,1,9
2508,3508,2024-03-19,50.0,M,Basic,Libri,Guida,32,3,96,BankTransfer,Torino,0,GLS,3,12
2509,3509,2024-05-08,,M,Silver,Sport,Pallone,66,1,66,CreditCard,Napoli,1,BRT,1,5
2510,3510,2024-08-01,,F,Basic,Sport,Scarpe Running,66,2,132,BankTransfer,Milano,0,GLS,4,3
2511,3511,2024-06-10,18.0,M,Basic,Elettronica,Smartwatch,587,1,587,CreditCard,Roma,1,BRT,3,0
2512,3512,2024-04-06,43.0,F,Silver,Elettronica,Smartphone,438,2,876,CreditCard,Torino,0,DHL,1,3
2513,3513,2024-09-13,40.0,M,Basic,Abbigliamento,Jeans,59,3,177,CreditCard,Napoli,0,Poste,5,6
2514,3514,2024-05-22,27.0,F,Basic,Casa,Tappeto,149,1,149,BankTransfer,Milano,1,GLS,3,9
2515,3515,2024-08-25,,F,Basic,Sport,Scarpe Running,120,2,240,BankTransfer,Napoli,1,BRT,3,5
2516,3516,2024-09-01,46.0,F,Silver,Libri,Romanzo,12,3,36,Cash,Torino,0,GLS,3,11
2517,3517,2024-03-19,33.0,F,Basic,Sport,Tappetino Yoga,24,1,24,CreditCard,Milano,0,BRT,5,2
2518,3518,2024-12-27,,F,Basic,Elettronica,Tablet,381,2,762,PayPal,Roma,0,DHL,3,6
2519,3519,2024-02-28,46.0,F,Basic,Libri,Romanzo,44,1,44,CreditCard,Roma,0,GLS,4,5
2520,3520,2024-06-01,55.0,F,Silver,Casa,Cuscino,60,2,120,CreditCard,Napoli,0,Poste,3,7
2521,3521,2024-09-04,69.0,F,Basic,Abbigliamento,Maglione,118,2,236,CreditCard,Milano,0,BRT,7,0
2522,3522,2024-03-13,50.0,F,Basic,Casa,Coperta,50,4,200,PayPal,Torino,0,GLS,4,18
2523,3523,2024-04-30,68.0,M,Gold,Sport,Manubri,99,1,99,PayPal,Torino,0,BRT,3,5
2524,3524,2024-09-15,57.0,M,Silver,Libri,Guida,26,1,26,CreditCard,Roma,0,GLS,4,0
2525,3525,2024-09-01,43.0,F,Basic,Sport,Manubri,43,1,43,PayPal,Bologna,0,DHL,2,0
2526,3526,2024-06-29,42.0,F,Silver,Elettronica,Laptop,752,2,1504,PayPal,Milano,0,GLS,4,5
2527,3527,2024-11-21,67.0,M,Basic,Casa,Lampada,21,2,42,PayPal,Roma,0,Poste,7,6
2528,3528,2024-03-22,23.0,M,Silver,Casa,Pentola,25,1,25,Cash,Milano,0,BRT,4,9
2529,3529,2024-02-14,39.0,F,Basic,Elettronica,Laptop,255,3,765,CreditCard,Bologna,0,BRT,6,14
2530,3530,2024-01-30,,F,Silver,Sport,Scarpe Running,28,1,28,PayPal,Milano,0,BRT,3,4
2531,3531,2024-04-26,18.0,M,Basic,Elettronica,Cuffie,599,3,1797,PayPal,Napoli,0,BRT,1,14
2532,3532,2024-10-13,33.0,F,Basic,Sport,Manubri,39,2,78,PayPal,Bologna,1,BRT,3,2
2533,3533,2024-09-14,43.0,M,Gold,Abbigliamento,T-shirt,153,2,306,PayPal,Napoli,1,GLS,3,1
2534,3534,2024-12-18,18.0,M,Basic,Sport,Borraccia,54,1,54,PayPal,Roma,0,GLS,3,4
2535,3535,2024-08-02,44.0,F,Silver,Sport,Scarpe Running,101,3,303,CreditCard,Torino,1,GLS,2,10
2536,3536,2024-01-26,34.0,F,Silver,Casa,Tappeto,13,1,13,BankTransfer,Roma,0,GLS,4,0
2537,3537,2024-05-26,45.0,M,Gold,Elettronica,Laptop,620,4,2480,CreditCard,Roma,0,BRT,5,21
2538,3538,2024-03-07,49.0,F,Silver,Libri,Fumetto,28,1,28,PayPal,Milano,0,DHL,2,7
2539,3539,2024-09-08,59.0,F,Gold,Libri,Romanzo,19,2,38,Cash,Torino,0,GLS,4,4
2540,3540,2024-09-28,18.0,F,Basic,Casa,Tappeto,45,2,90,PayPal,Bologna,0,DHL,2,12
2541,3541,2024-05-01,39.0,M,Silver,Elettronica,Cuffie,301,1,301,PayPal,Torino,0,Poste,4,5
2542,3542,2024-06-21,29.0,F,Basic,Elettronica,Cuffie,199,3,597,BankTransfer,Torino,0,Poste,10,10
2543,3543,2024-07-02,38.0,F,Basic,Abbigliamento,Giacca,122,4,488,PayPal,Bologna,1,GLS,5,14
2544,3544,2024-09-19,36.0,F,Silver,Abbigliamento,Jeans,80,1,80,CreditCard,Torino,1,Poste,5,0
2545,3545,2024-02-09,20.0,F,Basic,Sport,Manubri,162,2,324,BankTransfer,Milano,0,Poste,4,9
2546,3546,2024-04-22,18.0,M,Basic,Sport,Tappetino Yoga,45,3,135,CreditCard,Bologna,0,Poste,5,9
2547,3547,2024-10-10,70.0,M,Basic,Elettronica,Smartwatch,108,2,216,PayPal,Napoli,1,BRT,5,5
2548,3548,2024-08-21,18.0,M,Gold,Libri,Enciclopedia,37,1,37,Cash,Milano,0,GLS,2,2
2549,3549,2024-03-18,42.0,M,Gold,Casa,Coperta,109,1,109,CreditCard,Milano,0,Poste,5,6
2550,3550,2024-06-06,,M,Silver,Abbigliamento,Scarpe,43,3,129,Cash,Bologna,0,BRT,5,1
2551,3551,2024-10-11,61.0,M,Gold,Abbigliamento,T-shirt,194,2,388,BankTransfer,Napoli,0,GLS,4,3
2552,3552,2024-10-13,18.0,F,Basic,Sport,Scarpe Running,131,2,262,PayPal,Roma,0,GLS,4,12
2553,3553,2024-10-31,25.0,M,Silver,Casa,Tappeto,20,1,20,Cash,Torino,0,BRT,1,3
2554,3554,2024-06-29,20.0,M,Silver,Elettronica,Smartwatch,471,2,942,PayPal,Milano,0,BRT,5,7
2555,3555,2024-07-05,39.0,M,Basic,Casa,Pentola,114,2,228,CreditCard,Torino,0,Poste,3,13
2556,3556,2024-12-01,31.0,M,Basic,Casa,Tappeto,21,1,21,PayPal,Napoli,1,BRT,1,7
2557,3557,2024-03-18,74.0,F,Basic,Libri,Manuale,48,1,48,PayPal,Torino,0,BRT,1,3
2558,3558,2024-01-07,,M,Basic,Abbigliamento,Giacca,195,3,585,CreditCard,Milano,0,DHL,2,10
2559,3559,2024-01-20,58.0,M,Silver,Libri,Romanzo,39,5,195,PayPal,Roma,0,Poste,5,15
2560,3560,2024-09-24,50.0,F,Silver,Sport,Tappetino Yoga,121,1,121,CreditCard,Milano,0,GLS,3,4
2561,3561,2024-03-19,48.0,F,Basic,Elettronica,Cuffie,330,3,990,CreditCard,Milano,0,Poste,9,10
2562,3562,2024-07-30,46.0,M,Basic,Sport,Tappetino Yoga,96,1,96,BankTransfer,Torino,0,BRT,2,5
2563,3563,2024-05-07,42.0,M,Basic,Libri,Romanzo,18,1,18,PayPal,Roma,0,Poste,1,0
2564,3564,2024-11-23,27.0,F,Gold,Libri,Enciclopedia,44,2,88,Cash,Napoli,0,GLS,2,10
2565,3565,2024-09-03,33.0,F,Basic,Casa,Coperta,128,1,128,BankTransfer,Roma,1,BRT,6,9
2566,3566,2024-04-13,45.0,F,Basic,Elettronica,Laptop,713,5,3565,PayPal,Bologna,1,BRT,3,16
2567,3567,2024-01-22,18.0,M,Silver,Abbigliamento,Jeans,197,4,788,CreditCard,Roma,0,GLS,3,9
2568,3568,2024-01-16,,F,Silver,Sport,Tappetino Yoga,40,5,200,BankTransfer,Bologna,1,BRT,4,17
2569,3569,2024-02-21,,F,Basic,Abbigliamento,Scarpe,123,1,123,BankTransfer,Roma,0,Poste,3,0
2570,3570,2024-03-31,18.0,M,Basic,Elettronica,Tablet,51,1,51,BankTransfer,Torino,0,DHL,2,8
2571,3571,2024-09-24,40.0,F,Basic,Libri,Enciclopedia,47,2,94,CreditCard,Milano,1,DHL,1,7
2572,3572,2024-11-25,,M,Basic,Elettronica,Cuffie,752,3,2256,Cash,Napoli,1,GLS,2,14
2573,3573,2024-03-31,51.0,M,Gold,Casa,Pentola,118,2,236,CreditCard,Napoli,0,BRT,2,5
2574,3574,2024-08-11,55.0,M,Silver,Abbigliamento,T-shirt,92,1,92,Cash,Milano,0,BRT,6,11
2575,3575,2024-11-13,47.0,F,Basic,Elettronica,Cuffie,497,2,994,BankTransfer,Roma,0,GLS,3,4
2576,3576,2024-06-18,46.0,M,Silver,Elettronica,Laptop,776,2,1552,CreditCard,Milano,0,BRT,5,8
2577,3577,2024-04-02,42.0,F,Gold,Elettronica,Tablet,59,2,118,PayPal,Roma,0,BRT,1,11
2578,3578,2024-08-01,39.0,F,Silver,Casa,Coperta,22,2,44,Cash,Milano,1,Poste,4,8
2579,3579,2024-03-06,26.0,F,Silver,Elettronica,Smartphone,534,1,534,CreditCard,Milano,0,BRT,5,10
2580,3580,2024-03-26,71.0,F,Basic,Libri,Guida,33,1,33,PayPal,Roma,0,GLS,4,0
2581,3581,2024-01-01,26.0,F,Silver,Abbigliamento,T-shirt,131,2,262,PayPal,Roma,0,Poste,1,6
2582,3582,2024-07-29,63.0,M,Gold,Casa,Cuscino,49,5,245,PayPal,Milano,0,BRT,1,17
2583,3583,2024-07-27,52.0,M,Basic,Libri,Guida,8,2,16,PayPal,Roma,0,GLS,3,5
2584,3584,2024-01-22,69.0,F,Gold,Casa,Tappeto,110,2,220,BankTransfer,Roma,0,Poste,1,9
2585,3585,2024-05-08,,M,Basic,Abbigliamento,Jeans,101,1,101,BankTransfer,Milano,0,GLS,4,0
2586,3586,2024-09-04,32.0,M,Basic,Elettronica,Laptop,540,2,1080,PayPal,Napoli,0,BRT,3,3
2587,3587,2024-08-03,33.0,M,Basic,Sport,Scarpe Running,66,2,132,BankTransfer,Roma,0,BRT,5,9
2588,3588,2024-04-01,18.0,M,Basic,Casa,Pentola,111,4,444,PayPal,Milano,1,DHL,2,11
2589,3589,2024-09-20,54.0,F,Silver,Libri,Fumetto,44,3,132,Cash,Bologna,0,GLS,3,2
2590,3590,2024-12-10,39.0,M,Silver,Casa,Coperta,19,4,76,PayPal,Roma,1,BRT,3,14
2591,3591,2024-04-15,37.0,F,Basic,Abbigliamento,Giacca,155,2,310,CreditCard,Napoli,1,BRT,1,0
2592,3592,2024-08-16,39.0,F,Silver,Libri,Romanzo,8,2,16,Cash,Roma,0,BRT,4,0
2593,3593,2024-11-19,28.0,F,Silver,Libri,Guida,42,2,84,PayPal,Roma,1,Poste,4,6
2594,3594,2024-12-02,32.0,F,Basic,Abbigliamento,Scarpe,147,1,147,PayPal,Roma,1,BRT,1,4
2595,3595,2024-07-22,50.0,F,Basic,Elettronica,Laptop,245,1,245,PayPal,Napoli,0,Poste,2,5
2596,3596,2024-06-03,58.0,F,Silver,Sport,Borraccia,96,1,96,CreditCard,Milano,0,DHL,2,5
2597,3597,2024-10-27,39.0,F,Basic,Libri,Enciclopedia,39,2,78,BankTransfer,Roma,1,GLS,3,8
2598,3598,2024-03-20,42.0,M,Silver,Sport,Scarpe Running,118,2,236,PayPal,Milano,0,GLS,5,11
2599,3599,2024-11-17,41.0,F,Gold,Abbigliamento,Scarpe,95,3,285,PayPal,Roma,0,BRT,2,10
2600,3600,2024-02-09,41.0,F,Basic,Elettronica,Laptop,709,5,3545,PayPal,Napoli,1,BRT,2,12
2601,3601,2024-04-30,,F,Silver,Elettronica,Smartwatch,681,2,1362,CreditCard,Torino,0,GLS,5,7
2602,3602,2024-07-16,47.0,F,Basic,Sport,Pallone,156,1,156,CreditCard,Milano,0,Poste,7,0
2603,3603,2024-11-03,49.0,F,Basic,Elettronica,Smartphone,375,1,375,BankTransfer,Milano,0,GLS,4,0
2604,3604,2024-12-29,41.0,F,Basic,Elettronica,Cuffie,626,1,626,BankTransfer,Milano,0,Poste,7,1
2605,3605,2024-10-26,46.0,M,Basic,Abbigliamento,Giacca,190,4,760,Cash,Napoli,0,Poste,2,18
2606,3606,2024-01-01,29.0,F,Basic,Casa,Coperta,18,3,54,BankTransfer,Roma,0,GLS,3,5
2607,3607,2024-12-02,41.0,M,Silver,Sport,Tappetino Yoga,90,2,180,Cash,Roma,0,GLS,2,4
2608,3608,2024-06-12,47.0,M,Gold,Abbigliamento,Maglione,112,1,112,PayPal,Roma,0,GLS,4,3
2609,3609,2024-10-13,36.0,M,Silver,Elettronica,Smartphone,306,2,612,CreditCard,Bologna,1,GLS,4,8
2610,3610,2024-10-31,36.0,M,Basic,Sport,Scarpe Running,158,3,474,Cash,Milano,1,GLS,3,13
2611,3611,2024-03-11,31.0,M,Basic,Abbigliamento,Scarpe,94,3,282,BankTransfer,Roma,0,BRT,3,15
2612,3612,2024-10-11,47.0,M,Silver,Abbigliamento,Scarpe,135,1,135,BankTransfer,Milano,1,BRT,4,6
2613,3613,2024-12-23,42.0,F,Basic,Libri,Romanzo,13,2,26,PayPal,Bologna,0,DHL,2,2
2614,3614,2024-11-02,75.0,M,Basic,Elettronica,Cuffie,507,5,2535,CreditCard,Bologna,0,BRT,4,17
2615,3615,2024-05-27,36.0,M,Gold,Casa,Cuscino,131,1,131,BankTransfer,Milano,0,BRT,1,7
2616,3616,2024-04-28,,F,Basic,Casa,Tappeto,31,3,93,BankTransfer,Torino,0,BRT,1,17
2617,3617,2024-07-26,23.0,F,Basic,Casa,Lampada,30,2,60,Cash,Bologna,1,GLS,4,16
2618,3618,2024-10-09,51.0,M,Basic,Libri,Romanzo,31,4,124,CreditCard,Milano,0,GLS,2,12
2619,3619,2024-12-20,,M,Basic,Sport,Manubri,170,2,340,PayPal,Bologna,0,BRT,4,9
2620,3620,2024-06-17,40.0,F,Gold,Libri,Romanzo,30,2,60,CreditCard,Torino,0,Poste,6,6
2621,3621,2024-02-20,52.0,F,Silver,Casa,Lampada,105,1,105,CreditCard,Roma,0,GLS,4,6
2622,3622,2024-08-14,61.0,M,Basic,Libri,Guida,35,1,35,CreditCard,Milano,0,BRT,3,4
2623,3623,2024-04-08,34.0,M,Basic,Libri,Manuale,15,2,30,CreditCard,Bologna,1,GLS,4,7
2624,3624,2024-08-07,33.0,M,Silver,Abbigliamento,Maglione,152,1,152,CreditCard,Roma,0,GLS,5,0
2625,3625,2024-07-06,41.0,F,Silver,Libri,Romanzo,48,1,48,Cash,Roma,0,GLS,4,2
2626,3626,2024-01-19,56.0,M,Gold,Elettronica,Tablet,767,3,2301,Cash,Bologna,1,BRT,5,10
2627,3627,2024-08-14,40.0,M,Silver,Abbigliamento,Jeans,121,5,605,PayPal,Roma,1,GLS,3,10
2628,3628,2024-02-15,41.0,M,Silver,Abbigliamento,Scarpe,104,1,104,BankTransfer,Roma,1,BRT,2,0
2629,3629,2024-01-23,50.0,M,Basic,Abbigliamento,T-shirt,25,2,50,CreditCard,Torino,1,BRT,4,6
2630,3630,2024-05-12,,F,Silver,Casa,Tappeto,84,2,168,BankTransfer,Roma,0,GLS,2,7
2631,3631,2024-11-30,54.0,M,Gold,Casa,Cuscino,90,2,180,CreditCard,Milano,0,GLS,3,8
2632,3632,2024-11-24,,M,Basic,Elettronica,Tablet,624,3,1872,CreditCard,Torino,0,DHL,2,12
2633,3633,2024-04-24,20.0,F,Silver,Libri,Romanzo,12,1,12,Cash,Napoli,0,GLS,2,8
2634,3634,2024-02-20,20.0,F,Silver,Abbigliamento,Scarpe,84,2,168,BankTransfer,Milano,0,GLS,4,0
2635,3635,2024-10-08,44.0,F,Gold,Elettronica,Laptop,354,1,354,BankTransfer,Milano,0,BRT,5,5
2636,3636,2024-03-18,18.0,M,Silver,Libri,Romanzo,48,2,96,BankTransfer,Roma,0,GLS,3,5
2637,3637,2024-05-31,35.0,M,Basic,Casa,Coperta,24,1,24,BankTransfer,Napoli,0,DHL,2,2
2638,3638,2024-04-25,44.0,M,Silver,Abbigliamento,Giacca,50,3,150,Cash,Roma,1,BRT,4,11
2639,3639,2024-09-13,67.0,M,Gold,Libri,Guida,30,1,30,PayPal,Roma,0,GLS,3,0
2640,3640,2024-07-21,34.0,F,Basic,Casa,Cuscino,14,2,28,BankTransfer,Roma,0,DHL,2,8
2641,3641,2024-03-26,,F,Basic,Elettronica,Smartwatch,296,1,296,PayPal,Torino,0,Poste,1,9
2642,3642,2024-11-14,42.0,M,Basic,Casa,Pentola,49,2,98,BankTransfer,Napoli,0,GLS,2,5
2643,3643,2024-03-11,29.0,M,Basic,Sport,Scarpe Running,120,2,240,PayPal,Roma,0,GLS,3,14
2644,3644,2024-09-12,18.0,M,Silver,Abbigliamento,Maglione,52,1,52,BankTransfer,Milano,1,BRT,2,0
2645,3645,2024-12-20,,F,Basic,Abbigliamento,T-shirt,30,1,30,CreditCard,Milano,0,GLS,3,1
2646,3646,2024-08-01,33.0,M,Basic,Abbigliamento,T-shirt,75,1,75,PayPal,Milano,0,GLS,4,6
2647,3647,2024-10-21,27.0,F,Basic,Libri,Enciclopedia,23,1,23,PayPal,Bologna,0,BRT,7,5
2648,3648,2024-01-23,42.0,F,Basic,Abbigliamento,Giacca,157,4,628,BankTransfer,Milano,0,GLS,2,9
2649,3649,2024-03-14,29.0,F,Silver,Casa,Lampada,69,1,69,CreditCard,Roma,0,GLS,2,1
2650,3650,2024-04-23,,F,Basic,Elettronica,Cuffie,315,2,630,BankTransfer,Bologna,1,Poste,7,10
2651,3651,2024-10-30,31.0,F,Basic,Sport,Scarpe Running,142,4,568,Cash,Torino,1,GLS,2,4
2652,3652,2024-02-10,51.0,M,Silver,Sport,Borraccia,140,4,560,CreditCard,Napoli,0,BRT,5,13
2653,3653,2024-12-08,34.0,F,Basic,Casa,Cuscino,126,1,126,PayPal,Milano,1,GLS,3,6
2654,3654,2024-03-01,23.0,F,Basic,Abbigliamento,Jeans,133,3,399,BankTransfer,Roma,0,GLS,4,0
2655,3655,2024-02-01,49.0,M,Gold,Sport,Scarpe Running,140,1,140,PayPal,Torino,0,GLS,4,4
2656,3656,2024-10-18,75.0,M,Basic,Elettronica,Laptop,776,4,3104,PayPal,Roma,0,GLS,3,16
2657,3657,2024-08-30,23.0,M,Basic,Casa,Tappeto,139,1,139,CreditCard,Milano,0,GLS,2,0
2658,3658,2024-06-17,31.0,M,Basic,Libri,Enciclopedia,34,3,102,PayPal,Napoli,0,Poste,4,8
2659,3659,2024-09-26,20.0,F,Gold,Casa,Pentola,33,1,33,CreditCard,Napoli,0,DHL,1,0
2660,3660,2024-07-20,62.0,M,Gold,Sport,Scarpe Running,79,1,79,CreditCard,Roma,0,GLS,3,0
2661,3661,2024-11-30,40.0,F,Basic,Elettronica,Laptop,693,2,1386,BankTransfer,Roma,1,GLS,5,6
2662,3662,2024-09-25,18.0,F,Silver,Sport,Borraccia,148,2,296,CreditCard,Roma,0,BRT,1,7
2663,3663,2024-11-29,18.0,M,Basic,Sport,Scarpe Running,62,1,62,PayPal,Milano,0,BRT,2,0
2664,3664,2024-03-04,,M,Gold,Libri,Romanzo,30,1,30,PayPal,Roma,0,BRT,1,0
2665,3665,2024-04-26,42.0,M,Silver,Elettronica,Smartphone,468,4,1872,CreditCard,Roma,0,GLS,4,12
2666,3666,2024-09-23,18.0,M,Basic,Abbigliamento,T-shirt,52,2,104,Cash,Milano,0,BRT,3,9
2667,3667,2024-08-25,20.0,M,Silver,Elettronica,Tablet,500,1,500,CreditCard,Milano,1,BRT,4,0
2668,3668,2024-04-17,44.0,F,Basic,Libri,Guida,24,1,24,BankTransfer,Roma,0,DHL,2,4
2669,3669,2024-04-13,39.0,M,Basic,Libri,Manuale,31,1,31,CreditCard,Milano,1,BRT,1,3
2670,3670,2024-06-21,,M,Basic,Casa,Pentola,138,1,138,CreditCard,Roma,0,BRT,4,3
2671,3671,2024-05-10,,M,Basic,Abbigliamento,Jeans,95,3,285,Cash,Napoli,1,BRT,2,10
2672,3672,2024-11-24,,M,Silver,Sport,Manubri,114,2,228,Cash,Torino,0,GLS,3,10
2673,3673,2024-03-15,57.0,F,Gold,Sport,Manubri,161,2,322,CreditCard,Torino,0,GLS,5,10
2674,3674,2024-09-09,45.0,F,Silver,Libri,Romanzo,46,2,92,CreditCard,Roma,0,GLS,4,10
2675,3675,2024-09-02,56.0,M,Gold,Casa,Cuscino,108,1,108,CreditCard,Roma,0,BRT,4,3
2676,3676,2024-06-11,18.0,M,Silver,Abbigliamento,Scarpe,81,2,162,PayPal,Roma,0,DHL,1,2
2677,3677,2024-08-12,,F,Basic,Casa,Lampada,126,2,252,PayPal,Roma,0,BRT,5,2
2678,3678,2024-06-21,54.0,F,Gold,Sport,Tappetino Yoga,62,2,124,PayPal,Napoli,0,BRT,1,9
2679,3679,2024-02-21,46.0,F,Silver,Libri,Romanzo,40,3,120,PayPal,Torino,0,GLS,5,12
2680,3680,2024-06-18,,M,Basic,Sport,Manubri,24,5,120,PayPal,Roma,1,DHL,2,22
2681,3681,2024-04-09,37.0,M,Gold,Casa,Lampada,122,2,244,BankTransfer,Roma,0,BRT,2,5
2682,3682,2024-09-29,18.0,F,Basic,Sport,Pallone,170,1,170,PayPal,Torino,0,BRT,1,5
2683,3683,2024-09-04,29.0,M,Silver,Libri,Fumetto,30,1,30,Cash,Milano,0,BRT,3,0
2684,3684,2024-04-23,27.0,F,Basic,Elettronica,Cuffie,153,2,306,Cash,Roma,0,DHL,1,10
2685,3685,2024-12-22,43.0,F,Basic,Libri,Manuale,24,1,24,PayPal,Milano,0,GLS,3,6
2686,3686,2024-07-04,70.0,F,Gold,Elettronica,Smartphone,97,3,291,PayPal,Roma,0,Poste,5,6
2687,3687,2024-07-25,,F,Basic,Libri,Fumetto,23,1,23,BankTransfer,Napoli,0,DHL,3,5
2688,3688,2024-04-02,32.0,M,Basic,Sport,Scarpe Running,162,2,324,CreditCard,Roma,0,Poste,9,10
2689,3689,2024-10-27,52.0,F,Gold,Casa,Coperta,109,1,109,PayPal,Bologna,0,GLS,3,9
2690,3690,2024-10-22,50.0,F,Silver,Abbigliamento,T-shirt,137,2,274,CreditCard,Milano,0,BRT,3,6
2691,3691,2024-03-18,42.0,M,Silver,Sport,Tappetino Yoga,147,4,588,CreditCard,Torino,0,BRT,3,10
2692,3692,2024-04-15,28.0,M,Silver,Abbigliamento,Scarpe,36,3,108,CreditCard,Napoli,1,BRT,5,9
2693,3693,2024-05-03,47.0,F,Basic,Sport,Pallone,86,2,172,CreditCard,Bologna,1,BRT,4,6
2694,3694,2024-08-17,48.0,F,Silver,Libri,Fumetto,44,2,88,PayPal,Napoli,1,Poste,3,18
2695,3695,2024-08-15,42.0,F,Basic,Elettronica,Tablet,532,2,1064,CreditCard,Torino,0,Poste,7,7
2696,3696,2024-05-20,67.0,M,Silver,Libri,Manuale,29,1,29,PayPal,Napoli,0,Poste,5,2
2697,3697,2024-08-10,73.0,M,Gold,Elettronica,Smartwatch,699,4,2796,Cash,Roma,1,GLS,3,14
2698,3698,2024-04-23,23.0,F,Basic,Libri,Guida,44,4,176,CreditCard,Napoli,1,GLS,3,9
2699,3699,2024-06-02,44.0,F,Silver,Libri,Guida,18,5,90,BankTransfer,Roma,0,GLS,3,20
2700,3700,2024-02-11,20.0,F,Basic,Sport,Pallone,133,2,266,PayPal,Roma,0,BRT,2,4
2701,3701,2024-10-16,30.0,M,Gold,Abbigliamento,Scarpe,118,2,236,CreditCard,Torino,0,DHL,2,7
2702,3702,2024-09-08,31.0,M,Basic,Abbigliamento,Scarpe,97,3,291,CreditCard,Roma,1,BRT,4,6
2703,3703,2024-10-05,,F,Basic,Elettronica,Smartphone,247,2,494,CreditCard,Milano,1,BRT,4,2
2704,3704,2024-10-16,64.0,M,Gold,Casa,Tappeto,107,2,214,PayPal,Milano,0,GLS,3,11
2705,3705,2024-02-01,26.0,F,Silver,Casa,Cuscino,126,2,252,CreditCard,Milano,0,BRT,7,8
2706,3706,2024-01-15,46.0,M,Basic,Abbigliamento,Jeans,196,2,392,BankTransfer,Roma,0,GLS,4,9
2707,3707,2024-05-05,50.0,M,Silver,Libri,Guida,13,2,26,CreditCard,Milano,0,Poste,5,0
2708,3708,2024-09-24,42.0,M,Basic,Abbigliamento,T-shirt,58,3,174,PayPal,Roma,0,GLS,3,3
2709,3709,2024-09-25,46.0,M,Gold,Casa,Cuscino,49,3,147,PayPal,Torino,0,BRT,2,14
2710,3710,2024-05-12,28.0,M,Basic,Abbigliamento,T-shirt,65,1,65,CreditCard,Torino,1,GLS,5,6
2711,3711,2024-07-01,,F,Basic,Libri,Romanzo,17,1,17,Cash,Torino,0,BRT,3,8
2712,3712,2024-06-09,28.0,F,Basic,Elettronica,Laptop,89,1,89,Cash,Bologna,0,BRT,4,0
2713,3713,2024-09-06,,F,Silver,Abbigliamento,Jeans,196,1,196,CreditCard,Roma,0,DHL,3,0
2714,3714,2024-04-29,47.0,M,Basic,Sport,Manubri,137,1,137,BankTransfer,Torino,0,BRT,2,5
2715,3715,2024-10-10,32.0,M,Silver,Casa,Pentola,138,1,138,BankTransfer,Bologna,0,Poste,4,2
2716,3716,2024-08-30,35.0,M,Gold,Sport,Scarpe Running,151,2,302,PayPal,Torino,0,DHL,2,6
2717,3717,2024-02-28,48.0,M,Basic,Casa,Cuscino,90,4,360,Cash,Bologna,0,DHL,2,9
2718,3718,2024-02-12,39.0,M,Basic,Elettronica,Smartphone,303,2,606,CreditCard,Roma,0,BRT,1,4
2719,3719,2024-10-01,36.0,M,Basic,Sport,Scarpe Running,144,1,144,PayPal,Roma,1,BRT,2,10
2720,3720,2024-05-25,30.0,F,Basic,Sport,Tappetino Yoga,146,4,584,CreditCard,Roma,1,BRT,2,11
2721,3721,2024-11-20,,M,Basic,Libri,Romanzo,26,1,26,PayPal,Bologna,1,GLS,3,0
2722,3722,2024-11-23,40.0,M,Silver,Casa,Pentola,79,2,158,PayPal,Bologna,1,GLS,3,7
2723,3723,2024-10-15,40.0,F,Silver,Libri,Romanzo,37,2,74,Cash,Torino,0,Poste,8,9
2724,3724,2024-04-20,53.0,F,Gold,Casa,Lampada,56,3,168,PayPal,Torino,0,BRT,4,10
2725,3725,2024-01-20,,F,Basic,Casa,Cuscino,60,2,120,CreditCard,Torino,1,GLS,3,13
2726,3726,2024-02-14,,M,Silver,Casa,Coperta,142,5,710,PayPal,Milano,0,Poste,6,22
2727,3727,2024-04-09,,M,Basic,Elettronica,Cuffie,781,3,2343,PayPal,Milano,0,GLS,3,14
2728,3728,2024-12-31,26.0,M,Basic,Sport,Scarpe Running,106,2,212,BankTransfer,Napoli,0,BRT,1,10
2729,3729,2024-05-19,18.0,F,Silver,Abbigliamento,T-shirt,90,1,90,BankTransfer,Bologna,0,BRT,5,5
2730,3730,2024-12-30,35.0,F,Silver,Casa,Pentola,11,1,11,CreditCard,Milano,1,GLS,4,0
2731,3731,2024-10-26,,M,Basic,Abbigliamento,Jeans,197,2,394,BankTransfer,Milano,1,BRT,3,1
2732,3732,2024-10-31,,F,Basic,Elettronica,Smartphone,54,1,54,PayPal,Milano,0,BRT,4,4
2733,3733,2024-12-09,45.0,F,Gold,Libri,Fumetto,36,4,144,PayPal,Torino,1,Poste,8,10
2734,3734,2024-02-18,49.0,M,Silver,Sport,Scarpe Running,115,2,230,PayPal,Napoli,0,BRT,7,6
2735,3735,2024-09-18,36.0,M,Gold,Libri,Fumetto,30,2,60,PayPal,Milano,0,Poste,3,3
2736,3736,2024-02-01,31.0,F,Basic,Casa,Lampada,63,4,252,CreditCard,Torino,0,BRT,6,4
2737,3737,2024-01-08,27.0,F,Basic,Abbigliamento,Giacca,129,1,129,BankTransfer,Roma,0,BRT,4,1
2738,3738,2024-02-05,34.0,M,Silver,Elettronica,Laptop,660,1,660,PayPal,Roma,0,BRT,3,0
2739,3739,2024-04-01,61.0,M,Gold,Sport,Borraccia,108,1,108,CreditCard,Roma,1,BRT,3,2
2740,3740,2024-02-17,,M,Basic,Elettronica,Smartwatch,633,1,633,PayPal,Bologna,0,GLS,5,1
2741,3741,2024-09-17,31.0,M,Silver,Casa,Coperta,40,5,200,CreditCard,Napoli,1,GLS,3,19
2742,3742,2024-08-06,31.0,F,Basic,Elettronica,Laptop,578,5,2890,CreditCard,Roma,1,DHL,3,11
2743,3743,2024-03-01,39.0,F,Silver,Sport,Scarpe Running,74,3,222,PayPal,Torino,1,GLS,4,7
2744,3744,2024-02-08,40.0,F,Gold,Casa,Lampada,63,1,63,PayPal,Torino,1,GLS,4,0
2745,3745,2024-03-27,58.0,F,Basic,Casa,Pentola,141,1,141,PayPal,Roma,0,GLS,3,6
2746,3746,2024-05-18,32.0,F,Basic,Sport,Pallone,152,5,760,Cash,Napoli,0,BRT,6,19
2747,3747,2024-01-23,53.0,F,Silver,Elettronica,Smartwatch,684,2,1368,BankTransfer,Roma,0,Poste,3,7
2748,3748,2024-07-31,29.0,M,Basic,Abbigliamento,Maglione,148,2,296,CreditCard,Roma,0,GLS,4,1
2749,3749,2024-12-02,41.0,F,Silver,Elettronica,Tablet,747,2,1494,Cash,Roma,0,GLS,3,10
2750,3750,2024-03-12,33.0,M,Basic,Libri,Guida,24,1,24,PayPal,Roma,0,BRT,2,0
2751,3751,2024-02-10,53.0,M,Gold,Libri,Fumetto,17,3,51,Cash,Torino,1,DHL,3,4
2752,3752,2024-07-02,59.0,F,Gold,Libri,Romanzo,9,3,27,PayPal,Roma,0,DHL,2,3
2753,3753,2024-04-02,61.0,M,Basic,Abbigliamento,Giacca,182,2,364,CreditCard,Milano,0,Poste,1,2
2754,3754,2024-08-09,48.0,M,Basic,Elettronica,Smartphone,686,1,686,BankTransfer,Bologna,0,BRT,4,0
2755,3755,2024-05-23,30.0,F,Basic,Elettronica,Smartwatch,65,1,65,BankTransfer,Napoli,0,BRT,1,5
2756,3756,2024-03-18,36.0,M,Basic,Sport,Manubri,126,1,126,PayPal,Torino,0,BRT,2,6
2757,3757,2024-09-21,43.0,M,Basic,Casa,Lampada,87,3,261,PayPal,Bologna,0,GLS,4,10
2758,3758,2024-08-24,18.0,M,Basic,Abbigliamento,Jeans,168,1,168,CreditCard,Torino,1,BRT,3,0
2759,3759,2024-10-31,59.0,M,Silver,Elettronica,Smartwatch,544,1,544,CreditCard,Milano,0,BRT,2,4
2760,3760,2024-06-01,22.0,M,Basic,Sport,Tappetino Yoga,28,1,28,CreditCard,Roma,0,GLS,4,7
2761,3761,2024-01-13,31.0,F,Basic,Libri,Enciclopedia,20,3,60,PayPal,Napoli,0,DHL,3,10
2762,3762,2024-03-25,,M,Gold,Casa,Cuscino,64,3,192,CreditCard,Roma,0,Poste,1,3
2763,3763,2024-03-01,44.0,M,Silver,Sport,Scarpe Running,163,3,489,PayPal,Milano,0,Poste,2,6
2764,3764,2024-11-06,,M,Basic,Sport,Tappetino Yoga,86,2,172,Cash,Milano,0,BRT,6,4
2765,3765,2024-07-19,27.0,M,Basic,Libri,Fumetto,49,4,196,PayPal,Bologna,1,GLS,3,14
2766,3766,2024-01-21,18.0,M,Basic,Libri,Enciclopedia,20,2,40,Cash,Roma,1,DHL,3,4
2767,3767,2024-11-18,26.0,M,Silver,Casa,Pentola,16,1,16,PayPal,Bologna,0,BRT,3,0
2768,3768,2024-06-05,46.0,M,Basic,Casa,Lampada,95,2,190,PayPal,Roma,0,BRT,5,0
2769,3769,2024-10-08,49.0,M,Silver,Libri,Manuale,45,2,90,CreditCard,Roma,0,BRT,1,11
2770,3770,2024-06-22,39.0,M,Silver,Casa,Pentola,147,4,588,PayPal,Roma,0,GLS,4,16
2771,3771,2024-10-12,,M,Basic,Sport,Borraccia,142,4,568,CreditCard,Bologna,0,DHL,2,12
2772,3772,2024-11-23,44.0,F,Silver,Libri,Fumetto,21,1,21,BankTransfer,Bologna,0,DHL,2,8
2773,3773,2024-08-03,29.0,M,Silver,Sport,Manubri,59,1,59,PayPal,Torino,0,BRT,4,0
2774,3774,2024-03-24,46.0,M,Gold,Casa,Tappeto,109,2,218,BankTransfer,Milano,0,GLS,4,9
2775,3775,2024-05-23,21.0,M,Basic,Casa,Tappeto,54,3,162,PayPal,Bologna,0,GLS,3,10
2776,3776,2024-01-28,66.0,F,Gold,Abbigliamento,Jeans,195,2,390,Cash,Milano,0,Poste,4,1
2777,3777,2024-03-30,18.0,F,Basic,Casa,Coperta,122,1,122,CreditCard,Milano,0,DHL,1,4
2778,3778,2024-07-20,59.0,M,Gold,Elettronica,Tablet,537,2,1074,BankTransfer,Roma,0,Poste,5,5
2779,3779,2024-01-22,28.0,F,Silver,Casa,Cuscino,67,3,201,CreditCard,Napoli,1,GLS,4,7
2780,3780,2024-12-17,57.0,M,Gold,Casa,Tappeto,140,2,280,BankTransfer,Bologna,0,BRT,2,8
2781,3781,2024-06-18,18.0,F,Silver,Casa,Pentola,71,3,213,CreditCard,Roma,0,DHL,2,17
2782,3782,2024-10-17,33.0,M,Gold,Casa,Pentola,119,1,119,CreditCard,Roma,0,DHL,3,3
2783,3783,2024-05-14,41.0,M,Gold,Elettronica,Smartphone,506,2,1012,CreditCard,Milano,0,GLS,2,11
2784,3784,2024-02-06,23.0,F,Basic,Sport,Pallone,131,1,131,PayPal,Roma,0,DHL,3,0
2785,3785,2024-04-28,30.0,M,Gold,Abbigliamento,Jeans,57,1,57,PayPal,Bologna,1,BRT,1,2
2786,3786,2024-11-02,45.0,F,Basic,Casa,Lampada,149,1,149,Cash,Roma,0,BRT,6,1
2787,3787,2024-08-04,46.0,F,Basic,Abbigliamento,Jeans,35,3,105,BankTransfer,Roma,0,DHL,2,14
2788,3788,2024-08-11,20.0,F,Basic,Casa,Lampada,71,1,71,CreditCard,Roma,0,BRT,4,6
2789,3789,2024-06-21,23.0,F,Silver,Elettronica,Tablet,338,1,338,PayPal,Bologna,0,GLS,5,5
2790,3790,2024-02-14,41.0,F,Basic,Casa,Lampada,141,2,282,CreditCard,Torino,0,BRT,2,2
2791,3791,2024-04-11,59.0,F,Gold,Libri,Romanzo,27,1,27,PayPal,Roma,0,BRT,5,0
2792,3792,2024-07-08,,M,Basic,Casa,Cuscino,22,4,88,PayPal,Milano,1,GLS,3,11
2793,3793,2024-11-25,18.0,F,Basic,Elettronica,Tablet,92,2,184,Cash,Roma,0,Poste,7,10
2794,3794,2024-08-25,27.0,M,Silver,Casa,Lampada,132,2,264,CreditCard,Torino,1,Poste,6,5
2795,3795,2024-10-30,18.0,M,Basic,Libri,Fumetto,29,3,87,PayPal,Roma,0,BRT,3,14
2796,3796,2024-05-24,50.0,F,Silver,Casa,Tappeto,134,1,134,PayPal,Milano,0,BRT,1,1
2797,3797,2024-11-16,25.0,M,Gold,Abbigliamento,Scarpe,100,1,100,CreditCard,Roma,1,Poste,6,2
2798,3798,2024-05-07,38.0,M,Basic,Libri,Romanzo,20,2,40,BankTransfer,Napoli,0,Poste,5,3
2799,3799,2024-04-19,47.0,M,Gold,Libri,Manuale,47,3,141,Cash,Milano,0,BRT,4,9
2800,3800,2024-11-06,36.0,F,Silver,Elettronica,Cuffie,172,2,344,BankTransfer,Torino,0,Poste,5,2
2801,3801,2024-12-06,25.0,M,Silver,Casa,Cuscino,57,1,57,CreditCard,Roma,1,Poste,3,7
2802,3802,2024-02-21,40.0,M,Basic,Abbigliamento,Scarpe,154,2,308,CreditCard,Napoli,1,BRT,2,3
2803,3803,2024-09-30,18.0,F,Basic,Casa,Pentola,65,1,65,CreditCard,Milano,0,GLS,2,0
2804,3804,2024-11-06,74.0,F,Gold,Casa,Lampada,84,2,168,PayPal,Napoli,0,BRT,1,2
2805,3805,2024-09-07,18.0,F,Basic,Casa,Lampada,134,2,268,Cash,Bologna,0,BRT,4,3
2806,3806,2024-02-05,71.0,M,Gold,Abbigliamento,Scarpe,131,1,131,CreditCard,Milano,0,BRT,3,8
2807,3807,2024-07-26,,M,Silver,Libri,Romanzo,37,5,185,BankTransfer,Torino,1,GLS,2,23
2808,3808,2024-07-26,29.0,M,Basic,Libri,Romanzo,10,2,20,CreditCard,Napoli,0,Poste,6,9
2809,3809,2024-06-02,42.0,F,Basic,Casa,Lampada,108,1,108,CreditCard,Milano,0,DHL,2,5
2810,3810,2024-11-05,37.0,M,Silver,Casa,Coperta,17,1,17,BankTransfer,Milano,1,DHL,3,2
2811,3811,2024-12-03,72.0,M,Basic,Libri,Manuale,21,2,42,BankTransfer,Roma,1,BRT,4,4
2812,3812,2024-11-11,71.0,F,Basic,Abbigliamento,Jeans,51,4,204,BankTransfer,Roma,0,DHL,3,24
2813,3813,2024-04-18,50.0,F,Silver,Elettronica,Smartwatch,245,3,735,CreditCard,Napoli,1,BRT,4,10
2814,3814,2024-09-13,34.0,F,Basic,Libri,Guida,36,3,108,Cash,Napoli,1,BRT,2,15
2815,3815,2024-07-11,40.0,M,Gold,Elettronica,Laptop,734,1,734,BankTransfer,Napoli,0,BRT,2,5
2816,3816,2024-07-16,26.0,F,Basic,Libri,Guida,47,4,188,CreditCard,Torino,0,BRT,2,5
2817,3817,2024-05-23,,M,Basic,Elettronica,Smartphone,608,2,1216,PayPal,Roma,0,Poste,8,3
2818,3818,2024-12-11,33.0,M,Gold,Sport,Tappetino Yoga,147,2,294,PayPal,Napoli,0,GLS,2,8
2819,3819,2024-03-05,61.0,M,Silver,Libri,Enciclopedia,23,2,46,PayPal,Torino,0,BRT,2,4
2820,3820,2024-01-30,31.0,M,Basic,Abbigliamento,Giacca,102,2,204,PayPal,Torino,1,GLS,4,4
2821,3821,2024-07-11,,M,Silver,Abbigliamento,Jeans,103,4,412,Cash,Torino,1,DHL,1,8
2822,3822,2024-06-13,57.0,M,Silver,Libri,Manuale,40,4,160,CreditCard,Milano,0,BRT,1,15
2823,3823,2024-03-22,44.0,F,Silver,Elettronica,Smartphone,741,4,2964,CreditCard,Torino,0,Poste,1,13
2824,3824,2024-12-30,46.0,F,Silver,Abbigliamento,Giacca,79,4,316,BankTransfer,Torino,1,Poste,5,9
2825,3825,2024-06-16,28.0,M,Basic,Sport,Pallone,49,1,49,CreditCard,Roma,0,GLS,2,1
2826,3826,2024-04-26,40.0,F,Silver,Libri,Romanzo,46,2,92,CreditCard,Napoli,0,Poste,1,6
2827,3827,2024-06-18,23.0,F,Basic,Elettronica,Laptop,509,5,2545,CreditCard,Torino,1,GLS,4,14
2828,3828,2024-08-04,27.0,F,Basic,Sport,Pallone,95,1,95,PayPal,Torino,0,Poste,1,0
2829,3829,2024-07-15,21.0,M,Silver,Casa,Lampada,13,1,13,CreditCard,Napoli,0,GLS,3,0
2830,3830,2024-10-11,31.0,M,Gold,Elettronica,Smartwatch,457,1,457,BankTransfer,Torino,1,GLS,3,3
2831,3831,2024-10-29,43.0,F,Basic,Sport,Manubri,68,1,68,CreditCard,Torino,1,BRT,2,2
2832,3832,2024-10-12,,F,Basic,Elettronica,Cuffie,387,2,774,Cash,Torino,0,BRT,2,4
2833,3833,2024-05-07,23.0,M,Basic,Sport,Scarpe Running,154,2,308,CreditCard,Napoli,0,DHL,3,0
2834,3834,2024-09-27,23.0,M,Basic,Casa,Lampada,109,2,218,PayPal,Bologna,0,GLS,3,10
2835,3835,2024-11-16,,F,Basic,Abbigliamento,T-shirt,129,4,516,CreditCard,Roma,1,GLS,4,13
2836,3836,2024-03-17,44.0,M,Basic,Abbigliamento,Jeans,145,2,290,PayPal,Milano,1,BRT,4,8
2837,3837,2024-01-12,,M,Basic,Libri,Romanzo,14,1,14,CreditCard,Milano,0,GLS,3,7
2838,3838,2024-03-13,18.0,M,Basic,Libri,Fumetto,33,2,66,CreditCard,Milano,0,BRT,4,4
2839,3839,2024-09-06,18.0,M,Silver,Sport,Pallone,139,2,278,CreditCard,Milano,1,GLS,3,10
2840,3840,2024-05-05,37.0,F,Basic,Libri,Manuale,11,4,44,PayPal,Roma,0,DHL,2,10
2841,3841,2024-03-12,31.0,F,Basic,Elettronica,Cuffie,92,2,184,CreditCard,Milano,0,Poste,3,2
2842,3842,2024-06-10,20.0,F,Basic,Casa,Lampada,76,1,76,CreditCard,Milano,0,GLS,3,4
2843,3843,2024-12-13,54.0,F,Basic,Elettronica,Tablet,609,1,609,PayPal,Bologna,0,GLS,4,6
2844,3844,2024-04-17,,F,Basic,Casa,Pentola,92,1,92,CreditCard,Milano,0,BRT,1,2
2845,3845,2024-02-17,38.0,M,Silver,Elettronica,Laptop,150,1,150,Cash,Bologna,0,Poste,3,3
2846,3846,2024-12-11,47.0,M,Basic,Casa,Coperta,44,1,44,CreditCard,Milano,0,BRT,2,1
2847,3847,2024-02-26,44.0,F,Basic,Casa,Coperta,20,2,40,CreditCard,Napoli,0,Poste,6,11
2848,3848,2024-02-06,33.0,M,Basic,Abbigliamento,T-shirt,32,1,32,CreditCard,Torino,0,DHL,2,10
2849,3849,2024-02-11,,M,Gold,Sport,Pallone,62,1,62,CreditCard,Bologna,0,Poste,4,5
2850,3850,2024-07-05,56.0,M,Silver,Elettronica,Cuffie,626,2,1252,CreditCard,Torino,0,BRT,5,8
2851,3851,2024-04-10,18.0,M,Basic,Sport,Pallone,117,2,234,BankTransfer,Torino,0,GLS,2,0
2852,3852,2024-08-09,59.0,F,Gold,Casa,Lampada,78,3,234,BankTransfer,Bologna,0,BRT,3,12
2853,3853,2024-07-06,30.0,M,Basic,Abbigliamento,Giacca,157,1,157,BankTransfer,Bologna,0,GLS,3,0
2854,3854,2024-05-12,69.0,F,Silver,Casa,Tappeto,74,2,148,BankTransfer,Napoli,0,BRT,1,2
2855,3855,2024-12-12,35.0,F,Basic,Casa,Cuscino,137,2,274,CreditCard,Milano,1,GLS,2,2
2856,3856,2024-05-05,30.0,F,Basic,Casa,Lampada,98,1,98,PayPal,Roma,0,BRT,3,5
2857,3857,2024-03-21,39.0,M,Silver,Casa,Tappeto,65,3,195,CreditCard,Bologna,1,BRT,2,8
2858,3858,2024-08-05,58.0,M,Basic,Libri,Fumetto,20,1,20,CreditCard,Bologna,0,DHL,3,0
2859,3859,2024-06-09,18.0,M,Basic,Libri,Fumetto,10,3,30,CreditCard,Bologna,0,BRT,2,14
2860,3860,2024-12-08,,M,Basic,Casa,Tappeto,116,5,580,Cash,Torino,0,DHL,2,11
2861,3861,2024-11-08,42.0,M,Silver,Libri,Fumetto,32,1,32,PayPal,Milano,1,BRT,5,2
2862,3862,2024-06-28,40.0,F,Silver,Libri,Fumetto,15,1,15,Cash,Milano,0,GLS,2,0
2863,3863,2024-08-10,40.0,M,Silver,Abbigliamento,T-shirt,162,2,324,BankTransfer,Roma,0,GLS,3,2
2864,3864,2024-07-30,33.0,F,Basic,Casa,Lampada,39,1,39,PayPal,Milano,1,Poste,7,7
2865,3865,2024-06-24,,M,Gold,Casa,Cuscino,130,5,650,PayPal,Roma,0,DHL,2,8
2866,3866,2024-11-14,,F,Silver,Sport,Manubri,112,2,224,BankTransfer,Roma,0,GLS,3,8
2867,3867,2024-06-24,18.0,M,Silver,Abbigliamento,Giacca,132,5,660,Cash,Roma,1,Poste,7,16
2868,3868,2024-04-23,,F,Silver,Libri,Guida,20,1,20,PayPal,Torino,0,BRT,1,5
2869,3869,2024-05-14,21.0,F,Basic,Sport,Pallone,150,1,150,BankTransfer,Napoli,0,BRT,3,0
2870,3870,2024-02-20,18.0,M,Basic,Elettronica,Smartphone,569,3,1707,PayPal,Milano,1,BRT,2,6
2871,3871,2024-11-12,40.0,F,Gold,Sport,Scarpe Running,134,1,134,CreditCard,Milano,0,GLS,4,2
2872,3872,2024-01-22,70.0,F,Silver,Elettronica,Smartwatch,314,4,1256,BankTransfer,Napoli,1,GLS,3,13
2873,3873,2024-10-25,47.0,F,Silver,Abbigliamento,Scarpe,157,4,628,BankTransfer,Napoli,1,GLS,3,13
2874,3874,2024-01-20,18.0,F,Silver,Elettronica,Smartwatch,546,1,546,CreditCard,Milano,0,GLS,4,0
2875,3875,2024-06-13,28.0,F,Basic,Abbigliamento,Maglione,136,1,136,CreditCard,Roma,1,BRT,3,9
2876,3876,2024-06-05,,M,Basic,Casa,Cuscino,106,1,106,Cash,Torino,0,GLS,4,3
2877,3877,2024-07-23,21.0,F,Basic,Elettronica,Smartwatch,564,1,564,Cash,Bologna,0,BRT,4,2
2878,3878,2024-11-02,53.0,M,Silver,Libri,Fumetto,9,2,18,Cash,Bologna,0,DHL,1,15
2879,3879,2024-01-22,75.0,F,Gold,Libri,Manuale,34,4,136,BankTransfer,Roma,0,BRT,2,11
2880,3880,2024-06-14,18.0,M,Basic,Casa,Cuscino,61,2,122,CreditCard,Milano,0,BRT,3,3
2881,3881,2024-05-30,50.0,M,Basic,Abbigliamento,T-shirt,72,1,72,Cash,Bologna,0,BRT,4,7
2882,3882,2024-04-03,22.0,F,Basic,Elettronica,Cuffie,341,4,1364,PayPal,Napoli,0,Poste,1,8
2883,3883,2024-05-12,54.0,F,Gold,Elettronica,Smartphone,375,1,375,CreditCard,Bologna,0,BRT,4,3
2884,3884,2024-02-28,41.0,M,Gold,Elettronica,Tablet,235,2,470,CreditCard,Milano,0,GLS,4,7
2885,3885,2024-09-26,34.0,F,Silver,Casa,Coperta,88,3,264,PayPal,Napoli,1,Poste,3,4
2886,3886,2024-03-17,49.0,M,Gold,Libri,Fumetto,34,2,68,CreditCard,Torino,0,BRT,4,10
2887,3887,2024-06-15,71.0,F,Basic,Sport,Scarpe Running,167,1,167,CreditCard,Torino,0,Poste,4,0
2888,3888,2024-01-29,59.0,F,Basic,Casa,Coperta,110,4,440,PayPal,Roma,0,DHL,3,10
2889,3889,2024-12-02,35.0,M,Silver,Sport,Pallone,122,1,122,PayPal,Roma,1,BRT,5,3
2890,3890,2024-04-10,49.0,F,Basic,Sport,Scarpe Running,114,4,456,CreditCard,Roma,1,BRT,4,9
2891,3891,2024-10-17,22.0,F,Basic,Sport,Scarpe Running,105,2,210,CreditCard,Milano,1,GLS,5,21
2892,3892,2024-10-09,,M,Silver,Libri,Manuale,47,1,47,PayPal,Roma,0,BRT,2,0
2893,3893,2024-08-15,52.0,M,Silver,Abbigliamento,Maglione,18,2,36,CreditCard,Torino,0,DHL,3,4
2894,3894,2024-05-19,45.0,F,Silver,Abbigliamento,T-shirt,193,3,579,Cash,Bologna,1,DHL,4,11
2895,3895,2024-11-14,29.0,M,Basic,Abbigliamento,Scarpe,168,2,336,Cash,Napoli,1,GLS,3,8
2896,3896,2024-10-03,37.0,M,Gold,Elettronica,Tablet,296,1,296,PayPal,Torino,1,Poste,4,0
2897,3897,2024-11-15,,M,Basic,Elettronica,Laptop,104,3,312,PayPal,Roma,0,BRT,2,7
2898,3898,2024-10-29,,M,Basic,Elettronica,Cuffie,639,1,639,PayPal,Milano,1,Poste,2,4
2899,3899,2024-07-06,,M,Silver,Libri,Manuale,17,1,17,CreditCard,Milano,0,BRT,1,3
2900,3900,2024-08-01,35.0,M,Basic,Elettronica,Smartphone,576,2,1152,BankTransfer,Milano,0,GLS,5,2
2901,3901,2024-03-25,29.0,F,Silver,Sport,Tappetino Yoga,63,3,189,CreditCard,Milano,0,DHL,2,9
2902,3902,2024-12-30,54.0,F,Basic,Casa,Tappeto,117,1,117,CreditCard,Milano,1,BRT,5,4
2903,3903,2024-05-11,,F,Silver,Abbigliamento,Jeans,148,3,444,CreditCard,Milano,1,Poste,7,12
2904,3904,2024-05-14,24.0,M,Basic,Elettronica,Smartphone,704,2,1408,CreditCard,Bologna,0,BRT,5,8
2905,3905,2024-08-19,42.0,M,Basic,Casa,Coperta,37,1,37,CreditCard,Roma,0,Poste,1,5
2906,3906,2024-05-16,30.0,F,Silver,Libri,Romanzo,48,1,48,BankTransfer,Torino,1,BRT,2,7
2907,3907,2024-01-29,40.0,M,Basic,Elettronica,Laptop,485,2,970,CreditCard,Roma,0,BRT,4,6
2908,3908,2024-04-03,,M,Basic,Sport,Tappetino Yoga,59,3,177,Cash,Bologna,1,BRT,3,4
2909,3909,2024-12-06,22.0,F,Silver,Casa,Pentola,54,4,216,CreditCard,Torino,0,Poste,5,9
2910,3910,2024-05-15,41.0,F,Basic,Libri,Romanzo,48,2,96,BankTransfer,Napoli,1,GLS,3,4
2911,3911,2024-01-21,,F,Silver,Abbigliamento,Maglione,123,3,369,CreditCard,Milano,1,BRT,1,9
2912,3912,2024-04-15,47.0,M,Basic,Libri,Romanzo,45,1,45,CreditCard,Torino,0,Poste,5,1
2913,3913,2024-04-20,18.0,M,Basic,Sport,Manubri,150,2,300,Cash,Milano,0,Poste,4,9
2914,3914,2024-03-06,,M,Silver,Abbigliamento,Scarpe,127,3,381,CreditCard,Roma,0,BRT,1,10
2915,3915,2024-09-12,46.0,M,Gold,Abbigliamento,Scarpe,87,1,87,PayPal,Napoli,0,GLS,3,3
2916,3916,2024-04-03,27.0,M,Silver,Casa,Coperta,131,5,655,PayPal,Torino,0,GLS,3,13
2917,3917,2024-01-22,18.0,M,Basic,Elettronica,Smartphone,391,1,391,CreditCard,Torino,0,DHL,3,2
2918,3918,2024-08-17,18.0,M,Silver,Sport,Tappetino Yoga,38,2,76,CreditCard,Torino,0,DHL,1,0
2919,3919,2024-04-13,,M,Basic,Libri,Romanzo,24,5,120,BankTransfer,Bologna,1,GLS,3,17
2920,3920,2024-07-21,41.0,M,Silver,Sport,Tappetino Yoga,92,4,368,Cash,Roma,0,GLS,4,9
2921,3921,2024-01-10,41.0,F,Basic,Sport,Borraccia,177,1,177,CreditCard,Roma,1,GLS,3,4
2922,3922,2024-09-21,51.0,M,Gold,Sport,Borraccia,83,2,166,PayPal,Napoli,0,BRT,6,9
2923,3923,2024-02-10,41.0,F,Silver,Sport,Scarpe Running,117,3,351,BankTransfer,Torino,0,Poste,4,10
2924,3924,2024-11-18,18.0,M,Silver,Libri,Guida,27,2,54,CreditCard,Roma,0,Poste,5,5
2925,3925,2024-09-02,38.0,M,Silver,Sport,Pallone,163,2,326,CreditCard,Napoli,0,BRT,4,9
2926,3926,2024-07-01,18.0,F,Basic,Sport,Pallone,53,5,265,CreditCard,Torino,0,Poste,11,17
2927,3927,2024-01-08,24.0,M,Basic,Libri,Romanzo,11,5,55,CreditCard,Milano,1,DHL,2,15
2928,3928,2024-08-02,18.0,M,Basic,Casa,Tappeto,45,1,45,BankTransfer,Napoli,0,GLS,4,7
2929,3929,2024-07-10,44.0,F,Silver,Sport,Manubri,132,1,132,Cash,Milano,0,BRT,3,2
2930,3930,2024-03-13,72.0,M,Gold,Casa,Lampada,123,2,246,CreditCard,Roma,0,BRT,3,18
2931,3931,2024-04-17,45.0,M,Silver,Abbigliamento,T-shirt,29,4,116,BankTransfer,Napoli,1,Poste,9,6
2932,3932,2024-08-15,67.0,F,Silver,Libri,Manuale,19,2,38,BankTransfer,Torino,0,BRT,4,10
2933,3933,2024-05-24,35.0,F,Basic,Abbigliamento,Scarpe,48,2,96,CreditCard,Roma,1,DHL,2,2
2934,3934,2024-02-29,30.0,M,Silver,Abbigliamento,Maglione,153,1,153,PayPal,Milano,1,BRT,1,4
2935,3935,2024-08-18,50.0,F,Silver,Elettronica,Tablet,324,3,972,Cash,Torino,1,BRT,3,16
2936,3936,2024-09-22,19.0,F,Basic,Elettronica,Smartphone,450,2,900,PayPal,Bologna,0,DHL,2,5
2937,3937,2024-12-04,18.0,M,Silver,Libri,Enciclopedia,24,1,24,PayPal,Napoli,1,DHL,1,0
2938,3938,2024-11-12,18.0,M,Silver,Libri,Manuale,34,2,68,Cash,Napoli,0,GLS,3,4
2939,3939,2024-03-11,18.0,F,Basic,Abbigliamento,T-shirt,162,1,162,PayPal,Bologna,0,BRT,1,4
2940,3940,2024-07-08,31.0,F,Basic,Casa,Pentola,107,2,214,CreditCard,Roma,0,Poste,6,1
2941,3941,2024-10-07,40.0,F,Basic,Abbigliamento,Jeans,144,2,288,BankTransfer,Roma,1,GLS,3,4
2942,3942,2024-09-12,33.0,M,Basic,Casa,Pentola,146,1,146,PayPal,Napoli,1,Poste,1,0
2943,3943,2024-12-27,18.0,M,Basic,Abbigliamento,Maglione,194,2,388,BankTransfer,Milano,1,GLS,3,5
2944,3944,2024-11-27,21.0,F,Basic,Elettronica,Tablet,655,4,2620,CreditCard,Milano,1,GLS,4,8
2945,3945,2024-09-02,26.0,F,Basic,Sport,Pallone,92,1,92,PayPal,Torino,0,GLS,3,7
2946,3946,2024-03-16,51.0,M,Gold,Sport,Tappetino Yoga,123,1,123,CreditCard,Milano,0,BRT,1,5
2947,3947,2024-04-10,43.0,F,Gold,Libri,Enciclopedia,12,1,12,BankTransfer,Napoli,0,BRT,3,7
2948,3948,2024-06-09,26.0,F,Basic,Libri,Guida,24,2,48,BankTransfer,Bologna,0,BRT,3,6
2949,3949,2024-01-09,,M,Basic,Sport,Pallone,51,2,102,CreditCard,Milano,0,Poste,2,1
2950,3950,2024-09-24,36.0,M,Gold,Elettronica,Tablet,383,1,383,PayPal,Milano,0,DHL,1,4
2951,3951,2024-10-30,18.0,F,Basic,Libri,Romanzo,35,5,175,BankTransfer,Napoli,1,DHL,3,17
2952,3952,2024-08-03,,F,Gold,Casa,Pentola,60,2,120,PayPal,Bologna,0,BRT,3,6
2953,3953,2024-07-05,33.0,F,Basic,Abbigliamento,Scarpe,98,3,294,PayPal,Torino,0,Poste,6,12
2954,3954,2024-09-19,56.0,F,Basic,Abbigliamento,Maglione,63,3,189,CreditCard,Torino,1,BRT,3,11
2955,3955,2024-09-22,,F,Silver,Elettronica,Smartwatch,524,2,1048,Cash,Napoli,0,DHL,2,4
2956,3956,2024-08-26,41.0,M,Silver,Libri,Guida,10,3,30,CreditCard,Roma,0,BRT,4,11
2957,3957,2024-04-23,35.0,M,Basic,Libri,Fumetto,39,3,117,CreditCard,Torino,1,GLS,4,14
2958,3958,2024-09-24,31.0,M,Basic,Abbigliamento,Maglione,196,2,392,PayPal,Torino,1,BRT,4,11
2959,3959,2024-11-03,47.0,M,Silver,Elettronica,Cuffie,90,3,270,PayPal,Milano,0,GLS,4,10
2960,3960,2024-05-11,18.0,M,Silver,Elettronica,Cuffie,345,1,345,CreditCard,Roma,0,DHL,2,5
2961,3961,2024-09-04,33.0,F,Basic,Sport,Scarpe Running,95,1,95,PayPal,Roma,0,DHL,2,0
2962,3962,2024-06-17,56.0,M,Silver,Elettronica,Tablet,599,2,1198,CreditCard,Torino,0,GLS,3,0
2963,3963,2024-05-18,26.0,M,Basic,Sport,Tappetino Yoga,147,1,147,CreditCard,Napoli,1,BRT,2,1
2964,3964,2024-02-03,18.0,F,Silver,Elettronica,Smartphone,584,1,584,PayPal,Torino,1,GLS,1,6
2965,3965,2024-09-15,38.0,M,Basic,Elettronica,Laptop,564,3,1692,Cash,Napoli,0,Poste,1,12
2966,3966,2024-02-18,42.0,F,Basic,Libri,Manuale,39,4,156,CreditCard,Torino,0,DHL,3,14
2967,3967,2024-08-06,64.0,F,Basic,Sport,Borraccia,140,1,140,Cash,Bologna,1,Poste,2,10
2968,3968,2024-03-31,24.0,M,Basic,Elettronica,Smartwatch,108,3,324,CreditCard,Bologna,0,DHL,2,10
2969,3969,2024-10-06,30.0,M,Basic,Sport,Tappetino Yoga,23,1,23,CreditCard,Roma,0,Poste,5,8
2970,3970,2024-03-30,57.0,M,Gold,Abbigliamento,Maglione,77,2,154,PayPal,Bologna,1,GLS,2,6
2971,3971,2024-07-12,34.0,M,Basic,Libri,Romanzo,42,1,42,CreditCard,Milano,0,DHL,3,4
2972,3972,2024-05-07,43.0,M,Silver,Abbigliamento,Scarpe,192,2,384,CreditCard,Napoli,1,BRT,5,10
2973,3973,2024-10-19,,F,Basic,Casa,Lampada,110,4,440,CreditCard,Roma,0,GLS,2,13
2974,3974,2024-11-03,57.0,M,Basic,Casa,Pentola,96,1,96,CreditCard,Torino,1,GLS,4,9
2975,3975,2024-04-14,52.0,F,Basic,Elettronica,Smartwatch,437,4,1748,Cash,Roma,1,GLS,4,14
2976,3976,2024-06-13,37.0,F,Silver,Casa,Cuscino,62,2,124,BankTransfer,Torino,0,Poste,7,16
2977,3977,2024-01-02,19.0,M,Basic,Sport,Borraccia,89,2,178,PayPal,Napoli,1,GLS,2,2
2978,3978,2024-09-23,37.0,F,Basic,Casa,Pentola,43,3,129,PayPal,Roma,0,BRT,2,13
2979,3979,2024-04-01,49.0,F,Silver,Sport,Tappetino Yoga,117,4,468,PayPal,Torino,1,Poste,5,9
2980,3980,2024-07-12,57.0,F,Silver,Elettronica,Smartphone,317,5,1585,CreditCard,Napoli,0,Poste,4,14
2981,3981,2024-02-12,48.0,M,Gold,Sport,Pallone,73,4,292,PayPal,Torino,0,BRT,4,17
2982,3982,2024-12-30,18.0,F,Basic,Abbigliamento,Scarpe,111,3,333,CreditCard,Bologna,0,Poste,5,10
2983,3983,2024-10-22,,F,Basic,Casa,Cuscino,143,1,143,CreditCard,Milano,0,BRT,5,3
2984,3984,2024-05-25,21.0,F,Basic,Libri,Guida,36,3,108,PayPal,Roma,0,GLS,2,1
2985,3985,2024-01-27,31.0,F,Basic,Libri,Guida,45,2,90,CreditCard,Napoli,0,GLS,4,13
2986,3986,2024-04-01,22.0,M,Basic,Abbigliamento,Maglione,147,5,735,Cash,Milano,1,BRT,4,19
2987,3987,2024-06-14,64.0,F,Gold,Elettronica,Tablet,690,1,690,Cash,Milano,0,GLS,5,8
2988,3988,2024-12-01,,F,Silver,Sport,Scarpe Running,167,1,167,Cash,Bologna,1,BRT,1,0
2989,3989,2024-05-28,66.0,M,Basic,Casa,Pentola,80,4,320,BankTransfer,Napoli,0,Poste,1,12
2990,3990,2024-03-11,18.0,M,Silver,Elettronica,Laptop,97,5,485,PayPal,Bologna,1,BRT,2,13
2991,3991,2024-07-17,26.0,M,Basic,Casa,Pentola,127,1,127,BankTransfer,Milano,0,BRT,4,1
2992,3992,2024-11-15,50.0,F,Silver,Elettronica,Laptop,589,5,2945,CreditCard,Napoli,0,BRT,2,17
2993,3993,2024-11-08,30.0,M,Basic,Abbigliamento,Maglione,33,1,33,CreditCard,Roma,0,GLS,5,6
2994,3994,2024-02-08,68.0,M,Gold,Sport,Pallone,48,2,96,BankTransfer,Milano,0,DHL,2,3
2995,3995,2024-09-29,28.0,M,Silver,Casa,Cuscino,31,1,31,CreditCard,Milano,1,GLS,4,1
2996,3996,2024-06-10,18.0,F,Basic,Abbigliamento,Scarpe,113,5,565,Cash,Milano,1,DHL,2,9
2997,3997,2024-01-07,37.0,F,Basic,Elettronica,Tablet,400,1,400,BankTransfer,Torino,0,GLS,4,5
2998,3998,2024-09-10,32.0,F,Basic,Abbigliamento,Jeans,32,1,32,CreditCard,Roma,0,Poste,5,5
2999,3999,2024-05-28,36.0,F,Silver,Abbigliamento,Maglione,46,2,92,Cash,Torino,0,GLS,3,6
3000,4000,2024-02-19,,F,Gold,Elettronica,Smartphone,573,1,573,PayPal,Torino,1,DHL,1,3
3001,4001,2024-11-24,28.0,M,Basic,Libri,Manuale,26,1,26,PayPal,Bologna,1,BRT,3,0
3002,4002,2024-06-20,,F,Basic,Libri,Fumetto,17,1,17,BankTransfer,Milano,0,GLS,5,3
3003,4003,2024-08-06,32.0,F,Silver,Elettronica,Tablet,220,1,220,Cash,Bologna,1,BRT,2,5
3004,4004,2024-02-13,21.0,M,Basic,Elettronica,Tablet,246,5,1230,Cash,Roma,0,BRT,3,12
3005,4005,2024-12-14,55.0,F,Gold,Elettronica,Smartphone,302,2,604,BankTransfer,Napoli,0,GLS,4,0
3006,4006,2024-10-25,25.0,F,Basic,Elettronica,Smartphone,370,2,740,BankTransfer,Milano,0,BRT,1,9
3007,4007,2024-12-07,,F,Basic,Sport,Scarpe Running,83,1,83,Cash,Milano,0,DHL,2,9
3008,4008,2024-04-09,18.0,M,Basic,Sport,Manubri,85,3,255,BankTransfer,Bologna,1,BRT,4,5
3009,4009,2024-01-27,,F,Basic,Casa,Tappeto,50,1,50,CreditCard,Napoli,0,BRT,2,3
3010,4010,2024-08-30,29.0,M,Basic,Abbigliamento,Scarpe,80,2,160,CreditCard,Torino,1,BRT,4,6
3011,4011,2024-07-28,40.0,M,Silver,Libri,Fumetto,32,4,128,BankTransfer,Bologna,0,GLS,4,7
3012,4012,2024-03-23,49.0,F,Silver,Elettronica,Laptop,545,5,2725,PayPal,Bologna,0,GLS,3,16
3013,4013,2024-12-25,24.0,M,Basic,Libri,Romanzo,22,2,44,BankTransfer,Torino,1,BRT,5,8
3014,4014,2024-05-14,42.0,F,Silver,Elettronica,Smartphone,682,1,682,BankTransfer,Bologna,1,BRT,1,4
3015,4015,2024-11-16,37.0,M,Gold,Libri,Romanzo,43,1,43,BankTransfer,Milano,0,GLS,3,0
3016,4016,2024-08-04,21.0,F,Silver,Casa,Cuscino,51,3,153,Cash,Torino,0,BRT,5,16
3017,4017,2024-08-09,47.0,M,Basic,Elettronica,Laptop,548,2,1096,CreditCard,Bologna,1,GLS,4,3
3018,4018,2024-05-08,18.0,F,Basic,Libri,Fumetto,23,1,23,CreditCard,Roma,0,Poste,5,1
3019,4019,2024-09-09,61.0,M,Basic,Casa,Lampada,127,1,127,PayPal,Roma,1,Poste,7,5
3020,4020,2024-06-08,56.0,M,Basic,Libri,Enciclopedia,38,2,76,CreditCard,Milano,0,GLS,5,5
3021,4021,2024-11-03,,F,Silver,Elettronica,Cuffie,469,3,1407,Cash,Milano,0,GLS,3,1
3022,4022,2024-03-02,32.0,F,Basic,Abbigliamento,T-shirt,179,3,537,BankTransfer,Torino,1,GLS,4,13
3023,4023,2024-12-31,43.0,M,Gold,Elettronica,Cuffie,169,2,338,PayPal,Torino,0,BRT,3,0
3024,4024,2024-06-22,31.0,F,Basic,Elettronica,Smartphone,404,1,404,BankTransfer,Bologna,1,DHL,3,0
3025,4025,2024-03-17,35.0,F,Basic,Libri,Romanzo,14,2,28,Cash,Bologna,1,BRT,2,10
3026,4026,2024-01-25,41.0,F,Basic,Libri,Guida,42,2,84,PayPal,Bologna,0,Poste,6,8
3027,4027,2024-05-14,,M,Silver,Elettronica,Smartphone,458,2,916,BankTransfer,Milano,0,BRT,1,9
3028,4028,2024-02-26,,M,Silver,Sport,Tappetino Yoga,86,4,344,PayPal,Bologna,0,DHL,2,10
3029,4029,2024-05-06,33.0,M,Silver,Libri,Romanzo,36,4,144,CreditCard,Milano,1,DHL,2,11
3030,4030,2024-11-23,,F,Basic,Libri,Manuale,45,3,135,CreditCard,Bologna,1,GLS,5,14
3031,4031,2024-06-10,,F,Basic,Libri,Manuale,47,4,188,Cash,Bologna,1,Poste,5,14
3032,4032,2024-07-20,30.0,M,Silver,Abbigliamento,Scarpe,66,1,66,PayPal,Torino,1,DHL,3,2
3033,4033,2024-04-13,,M,Basic,Libri,Fumetto,47,2,94,Cash,Milano,0,BRT,4,8
3034,4034,2024-02-22,52.0,M,Gold,Casa,Tappeto,122,1,122,BankTransfer,Torino,0,BRT,3,3
3035,4035,2024-01-19,,M,Silver,Elettronica,Cuffie,442,5,2210,CreditCard,Roma,0,DHL,2,18
3036,4036,2024-11-23,36.0,F,Silver,Libri,Romanzo,26,1,26,PayPal,Milano,0,Poste,2,1
3037,4037,2024-11-16,38.0,M,Basic,Libri,Fumetto,43,1,43,BankTransfer,Roma,1,DHL,1,4
3038,4038,2024-04-30,24.0,F,Silver,Sport,Manubri,137,3,411,CreditCard,Napoli,0,BRT,6,16
3039,4039,2024-09-08,73.0,F,Gold,Elettronica,Tablet,528,2,1056,BankTransfer,Bologna,0,Poste,2,4
3040,4040,2024-05-01,,M,Basic,Sport,Borraccia,53,1,53,CreditCard,Torino,0,Poste,8,7
3041,4041,2024-02-08,50.0,M,Silver,Libri,Fumetto,39,1,39,CreditCard,Napoli,1,Poste,4,8
3042,4042,2024-01-30,41.0,M,Gold,Casa,Pentola,36,1,36,Cash,Torino,0,DHL,2,0
3043,4043,2024-11-28,40.0,M,Basic,Abbigliamento,Scarpe,38,1,38,PayPal,Roma,0,DHL,2,0
3044,4044,2024-05-30,48.0,F,Basic,Elettronica,Smartphone,616,2,1232,PayPal,Bologna,1,DHL,2,0
3045,4045,2024-04-23,45.0,M,Silver,Abbigliamento,T-shirt,168,2,336,PayPal,Milano,1,GLS,2,3
3046,4046,2024-08-23,50.0,F,Silver,Sport,Tappetino Yoga,92,1,92,BankTransfer,Roma,0,BRT,4,0
3047,4047,2024-03-11,31.0,F,Basic,Libri,Manuale,25,2,50,Cash,Bologna,0,GLS,4,12
3048,4048,2024-05-22,57.0,F,Gold,Sport,Borraccia,44,2,88,Cash,Torino,0,BRT,1,8
3049,4049,2024-05-01,18.0,M,Basic,Elettronica,Smartwatch,492,1,492,BankTransfer,Milano,1,GLS,4,2
3050,4050,2024-12-07,65.0,F,Gold,Casa,Coperta,59,1,59,PayPal,Milano,0,BRT,3,0
3051,4051,2024-02-29,37.0,F,Silver,Elettronica,Smartphone,76,1,76,CreditCard,Milano,0,BRT,3,0
3052,4052,2024-09-05,41.0,F,Basic,Abbigliamento,Scarpe,34,4,136,CreditCard,Bologna,1,DHL,1,15
3053,4053,2024-01-22,37.0,M,Basic,Sport,Borraccia,63,1,63,PayPal,Roma,0,GLS,4,2
3054,4054,2024-12-16,25.0,M,Silver,Casa,Cuscino,82,2,164,CreditCard,Torino,1,DHL,3,5
3055,4055,2024-01-31,31.0,M,Gold,Casa,Cuscino,24,3,72,Cash,Roma,0,GLS,4,9
3056,4056,2024-12-14,61.0,F,Gold,Abbigliamento,T-shirt,29,1,29,PayPal,Milano,0,GLS,2,0
3057,4057,2024-09-06,69.0,F,Basic,Libri,Romanzo,36,3,108,PayPal,Roma,1,BRT,4,9
3058,4058,2024-04-07,22.0,M,Silver,Sport,Scarpe Running,27,1,27,BankTransfer,Bologna,1,Poste,9,7
3059,4059,2024-05-23,43.0,F,Silver,Sport,Pallone,121,1,121,CreditCard,Roma,1,BRT,3,0
3060,4060,2024-08-20,30.0,M,Basic,Abbigliamento,T-shirt,185,2,370,CreditCard,Bologna,1,DHL,3,4
3061,4061,2024-04-05,39.0,M,Basic,Casa,Tappeto,27,1,27,CreditCard,Roma,1,Poste,1,4
3062,4062,2024-03-25,43.0,F,Silver,Libri,Fumetto,21,2,42,PayPal,Napoli,0,GLS,3,0
3063,4063,2024-05-29,30.0,M,Silver,Abbigliamento,Jeans,85,2,170,PayPal,Roma,0,Poste,5,7
3064,4064,2024-08-13,42.0,M,Basic,Elettronica,Tablet,545,4,2180,CreditCard,Torino,1,BRT,6,15
3065,4065,2024-07-29,63.0,M,Gold,Sport,Borraccia,53,4,212,BankTransfer,Milano,0,GLS,3,10
3066,4066,2024-05-27,22.0,M,Basic,Elettronica,Smartwatch,55,3,165,PayPal,Roma,0,Poste,2,21
3067,4067,2024-10-22,32.0,F,Basic,Abbigliamento,Giacca,118,1,118,PayPal,Milano,1,BRT,1,7
3068,4068,2024-09-15,42.0,M,Basic,Sport,Borraccia,84,1,84,PayPal,Roma,1,GLS,3,1
3069,4069,2024-04-25,,M,Basic,Abbigliamento,Scarpe,124,4,496,CreditCard,Milano,1,DHL,2,14
3070,4070,2024-12-25,39.0,F,Silver,Casa,Tappeto,18,2,36,CreditCard,Milano,0,GLS,4,5
3071,4071,2024-02-14,43.0,M,Basic,Abbigliamento,Giacca,18,1,18,CreditCard,Roma,1,BRT,2,0
3072,4072,2024-12-28,36.0,M,Basic,Casa,Cuscino,28,4,112,PayPal,Bologna,0,BRT,1,6
3073,4073,2024-09-23,41.0,M,Basic,Elettronica,Tablet,63,1,63,CreditCard,Torino,0,BRT,7,2
3074,4074,2024-02-07,37.0,M,Silver,Elettronica,Smartwatch,122,1,122,CreditCard,Napoli,0,BRT,4,3
3075,4075,2024-12-11,,F,Basic,Sport,Tappetino Yoga,109,1,109,CreditCard,Roma,1,DHL,2,0
3076,4076,2024-10-16,49.0,F,Basic,Elettronica,Laptop,318,2,636,CreditCard,Milano,0,GLS,3,10
3077,4077,2024-02-26,38.0,M,Silver,Casa,Pentola,66,5,330,CreditCard,Napoli,0,GLS,4,13
3078,4078,2024-01-05,58.0,F,Gold,Abbigliamento,Maglione,56,1,56,PayPal,Roma,0,BRT,1,4
3079,4079,2024-06-29,41.0,M,Basic,Abbigliamento,Giacca,139,1,139,PayPal,Milano,0,GLS,3,0
3080,4080,2024-12-21,47.0,F,Silver,Elettronica,Laptop,326,2,652,PayPal,Napoli,0,BRT,2,4
3081,4081,2024-03-26,41.0,M,Gold,Libri,Fumetto,46,1,46,CreditCard,Torino,0,BRT,1,1
3082,4082,2024-01-29,29.0,M,Silver,Abbigliamento,Giacca,40,5,200,CreditCard,Napoli,1,GLS,2,12
3083,4083,2024-03-17,49.0,F,Silver,Libri,Manuale,42,3,126,BankTransfer,Torino,0,DHL,2,7
3084,4084,2024-12-14,18.0,F,Basic,Sport,Borraccia,75,1,75,PayPal,Roma,0,BRT,4,7
3085,4085,2024-09-06,,M,Silver,Sport,Tappetino Yoga,105,1,105,BankTransfer,Bologna,1,GLS,3,7
3086,4086,2024-09-07,47.0,M,Basic,Casa,Lampada,96,4,384,BankTransfer,Torino,0,GLS,3,18
3087,4087,2024-08-06,57.0,F,Basic,Casa,Pentola,108,1,108,Cash,Bologna,0,GLS,4,4
3088,4088,2024-02-08,18.0,F,Basic,Libri,Guida,34,3,102,BankTransfer,Torino,1,DHL,3,5
3089,4089,2024-12-17,,M,Basic,Casa,Cuscino,83,1,83,PayPal,Napoli,0,BRT,4,13
3090,4090,2024-05-13,18.0,M,Silver,Sport,Borraccia,56,1,56,CreditCard,Torino,0,GLS,4,3
3091,4091,2024-11-18,29.0,M,Basic,Elettronica,Tablet,485,3,1455,Cash,Milano,1,DHL,2,3
3092,4092,2024-10-07,18.0,M,Basic,Sport,Scarpe Running,32,2,64,PayPal,Milano,1,GLS,3,8
3093,4093,2024-08-12,35.0,M,Basic,Casa,Cuscino,109,1,109,CreditCard,Napoli,0,BRT,3,0
3094,4094,2024-07-25,39.0,F,Basic,Sport,Pallone,116,4,464,CreditCard,Milano,0,BRT,1,22
3095,4095,2024-04-23,44.0,F,Basic,Abbigliamento,Jeans,169,1,169,CreditCard,Roma,0,GLS,4,3
3096,4096,2024-10-09,,M,Silver,Casa,Cuscino,32,1,32,Cash,Roma,0,GLS,3,0
3097,4097,2024-11-26,38.0,F,Basic,Casa,Pentola,38,1,38,PayPal,Roma,0,GLS,3,5
3098,4098,2024-05-23,43.0,M,Basic,Casa,Cuscino,127,4,508,BankTransfer,Napoli,0,BRT,3,15
3099,4099,2024-05-25,23.0,M,Basic,Libri,Romanzo,12,4,48,CreditCard,Roma,0,BRT,3,9
3100,4100,2024-03-19,27.0,F,Basic,Elettronica,Tablet,639,1,639,CreditCard,Torino,0,BRT,6,1
3101,4101,2024-03-27,59.0,F,Gold,Elettronica,Tablet,776,2,1552,CreditCard,Torino,0,GLS,3,7
3102,4102,2024-09-14,18.0,M,Silver,Abbigliamento,Giacca,197,2,394,PayPal,Roma,0,DHL,3,11
3103,4103,2024-10-18,52.0,F,Silver,Libri,Enciclopedia,17,1,17,PayPal,Roma,0,Poste,7,3
3104,4104,2024-07-18,54.0,M,Gold,Abbigliamento,Scarpe,20,3,60,PayPal,Roma,0,BRT,2,7
3105,4105,2024-03-10,58.0,F,Gold,Elettronica,Smartwatch,778,1,778,CreditCard,Bologna,0,DHL,3,3
3106,4106,2024-11-17,32.0,M,Basic,Libri,Fumetto,48,1,48,PayPal,Roma,1,GLS,3,7
3107,4107,2024-11-19,51.0,M,Gold,Libri,Guida,41,1,41,Cash,Torino,0,BRT,2,7
3108,4108,2024-11-09,41.0,F,Silver,Sport,Pallone,43,3,129,CreditCard,Napoli,0,GLS,3,10
3109,4109,2024-10-05,28.0,F,Basic,Sport,Scarpe Running,68,4,272,CreditCard,Torino,1,BRT,3,19
3110,4110,2024-07-15,,M,Silver,Casa,Tappeto,75,5,375,PayPal,Torino,0,BRT,1,14
3111,4111,2024-07-04,44.0,M,Silver,Elettronica,Cuffie,264,2,528,Cash,Milano,0,Poste,9,5
3112,4112,2024-05-20,32.0,F,Basic,Libri,Enciclopedia,9,2,18,CreditCard,Napoli,0,GLS,4,8
3113,4113,2024-08-31,31.0,M,Silver,Libri,Romanzo,36,3,108,PayPal,Torino,0,DHL,1,7
3114,4114,2024-11-03,34.0,M,Silver,Casa,Lampada,130,3,390,PayPal,Torino,1,Poste,6,15
3115,4115,2024-01-26,46.0,M,Silver,Casa,Pentola,148,1,148,Cash,Milano,0,DHL,3,0
3116,4116,2024-08-02,37.0,M,Basic,Sport,Pallone,60,2,120,Cash,Bologna,0,GLS,3,8
3117,4117,2024-11-24,18.0,F,Basic,Elettronica,Smartwatch,619,1,619,CreditCard,Torino,0,GLS,3,0
3118,4118,2024-05-20,43.0,M,Basic,Abbigliamento,Maglione,190,4,760,PayPal,Torino,1,DHL,2,15
3119,4119,2024-07-13,32.0,F,Basic,Abbigliamento,Jeans,95,1,95,CreditCard,Roma,0,DHL,2,4
3120,4120,2024-10-04,49.0,F,Silver,Elettronica,Tablet,542,2,1084,CreditCard,Bologna,0,BRT,4,9
3121,4121,2024-04-20,,M,Silver,Elettronica,Cuffie,676,1,676,BankTransfer,Bologna,0,GLS,2,1
3122,4122,2024-04-01,18.0,F,Gold,Abbigliamento,Scarpe,148,2,296,BankTransfer,Milano,0,Poste,3,18
3123,4123,2024-03-11,31.0,F,Basic,Casa,Lampada,73,2,146,BankTransfer,Torino,0,GLS,3,5
3124,4124,2024-07-16,28.0,M,Basic,Sport,Borraccia,153,1,153,PayPal,Bologna,1,BRT,6,0
3125,4125,2024-01-21,,M,Gold,Abbigliamento,T-shirt,105,5,525,Cash,Torino,1,DHL,2,15
3126,4126,2024-07-03,,F,Basic,Libri,Romanzo,16,3,48,CreditCard,Torino,1,GLS,4,13
3127,4127,2024-11-12,22.0,F,Basic,Abbigliamento,Giacca,68,5,340,CreditCard,Bologna,1,BRT,1,16
3128,4128,2024-08-18,36.0,F,Silver,Casa,Tappeto,59,2,118,CreditCard,Torino,0,Poste,4,0
3129,4129,2024-02-02,27.0,M,Silver,Sport,Borraccia,101,2,202,BankTransfer,Bologna,0,Poste,3,9
3130,4130,2024-01-13,35.0,F,Silver,Libri,Manuale,21,4,84,PayPal,Torino,1,BRT,1,10
3131,4131,2024-01-20,20.0,M,Basic,Abbigliamento,Jeans,181,3,543,CreditCard,Milano,0,Poste,7,10
3132,4132,2024-08-06,26.0,M,Basic,Libri,Guida,15,1,15,CreditCard,Bologna,0,BRT,2,4
3133,4133,2024-06-19,24.0,F,Silver,Casa,Tappeto,125,2,250,CreditCard,Napoli,0,Poste,7,12
3134,4134,2024-07-13,18.0,M,Silver,Elettronica,Smartphone,154,5,770,PayPal,Roma,0,GLS,4,17
3135,4135,2024-01-16,44.0,M,Basic,Sport,Borraccia,70,1,70,PayPal,Bologna,0,BRT,1,0
3136,4136,2024-03-02,30.0,F,Basic,Casa,Tappeto,127,1,127,CreditCard,Roma,1,BRT,1,8
3137,4137,2024-06-19,30.0,M,Basic,Abbigliamento,T-shirt,170,1,170,CreditCard,Napoli,1,BRT,3,6
3138,4138,2024-07-01,55.0,M,Silver,Casa,Pentola,28,4,112,BankTransfer,Torino,1,BRT,3,11
3139,4139,2024-05-04,48.0,F,Silver,Casa,Tappeto,51,3,153,CreditCard,Napoli,0,GLS,3,11
3140,4140,2024-11-21,28.0,M,Basic,Sport,Scarpe Running,76,3,228,CreditCard,Torino,1,GLS,3,12
3141,4141,2024-11-19,51.0,M,Basic,Elettronica,Tablet,418,1,418,CreditCard,Roma,0,Poste,8,4
3142,4142,2024-08-15,32.0,F,Basic,Libri,Romanzo,24,2,48,Cash,Torino,1,GLS,3,3
3143,4143,2024-11-19,32.0,M,Basic,Sport,Scarpe Running,70,1,70,PayPal,Milano,1,GLS,3,6
3144,4144,2024-11-22,40.0,F,Basic,Casa,Lampada,52,1,52,CreditCard,Torino,0,GLS,5,1
3145,4145,2024-06-16,40.0,F,Silver,Libri,Enciclopedia,49,3,147,CreditCard,Napoli,1,Poste,9,14
3146,4146,2024-05-04,36.0,M,Silver,Abbigliamento,Maglione,49,2,98,PayPal,Torino,1,GLS,4,6
3147,4147,2024-01-13,34.0,M,Basic,Elettronica,Smartphone,722,2,1444,CreditCard,Napoli,0,GLS,4,15
3148,4148,2024-12-19,44.0,F,Basic,Libri,Romanzo,23,3,69,PayPal,Torino,0,GLS,4,10
3149,4149,2024-11-17,53.0,M,Gold,Libri,Enciclopedia,15,3,45,CreditCard,Torino,1,BRT,4,13
3150,4150,2024-09-29,32.0,F,Basic,Abbigliamento,Jeans,149,1,149,BankTransfer,Milano,0,DHL,2,1
3151,4151,2024-06-22,60.0,F,Gold,Casa,Tappeto,136,1,136,BankTransfer,Milano,0,DHL,3,3
3152,4152,2024-11-26,25.0,M,Basic,Abbigliamento,Giacca,70,2,140,CreditCard,Torino,0,BRT,4,12
3153,4153,2024-03-28,68.0,M,Gold,Casa,Lampada,129,3,387,CreditCard,Roma,0,Poste,4,6
3154,4154,2024-12-18,50.0,M,Basic,Casa,Coperta,100,1,100,CreditCard,Torino,0,BRT,2,1
3155,4155,2024-07-30,33.0,M,Basic,Elettronica,Laptop,462,5,2310,CreditCard,Milano,0,GLS,2,15
3156,4156,2024-08-07,,F,Basic,Casa,Lampada,149,2,298,PayPal,Bologna,0,DHL,3,6
3157,4157,2024-12-27,32.0,F,Basic,Abbigliamento,Jeans,147,3,441,PayPal,Roma,1,Poste,1,14
3158,4158,2024-01-13,33.0,F,Silver,Elettronica,Cuffie,658,1,658,BankTransfer,Napoli,0,GLS,3,5
3159,4159,2024-08-07,60.0,M,Gold,Libri,Guida,42,1,42,CreditCard,Milano,0,BRT,1,1
3160,4160,2024-09-21,44.0,M,Silver,Sport,Borraccia,130,2,260,PayPal,Torino,0,DHL,3,5
3161,4161,2024-11-18,18.0,F,Silver,Elettronica,Laptop,621,2,1242,CreditCard,Roma,0,GLS,5,8
3162,4162,2024-03-03,42.0,M,Basic,Libri,Guida,29,3,87,PayPal,Milano,1,GLS,4,12
3163,4163,2024-06-01,24.0,M,Basic,Libri,Manuale,35,4,140,CreditCard,Torino,0,GLS,4,7
3164,4164,2024-09-01,18.0,F,Silver,Sport,Borraccia,32,3,96,CreditCard,Napoli,1,Poste,2,4
3165,4165,2024-06-05,52.0,F,Basic,Libri,Romanzo,21,1,21,BankTransfer,Bologna,0,BRT,6,1
3166,4166,2024-09-19,47.0,F,Basic,Sport,Scarpe Running,137,2,274,CreditCard,Bologna,0,BRT,3,7
3167,4167,2024-12-15,32.0,F,Basic,Sport,Manubri,179,3,537,CreditCard,Roma,0,GLS,4,7
3168,4168,2024-12-09,,F,Silver,Casa,Tappeto,46,2,92,CreditCard,Bologna,1,BRT,7,0
3169,4169,2024-11-23,33.0,M,Silver,Sport,Manubri,150,2,300,PayPal,Roma,0,GLS,2,6
3170,4170,2024-01-19,18.0,M,Basic,Libri,Manuale,45,2,90,CreditCard,Napoli,1,GLS,2,3
3171,4171,2024-08-09,52.0,M,Gold,Libri,Enciclopedia,20,1,20,PayPal,Milano,0,BRT,7,4
3172,4172,2024-02-02,28.0,M,Basic,Libri,Romanzo,14,4,56,PayPal,Roma,0,BRT,3,11
3173,4173,2024-05-17,40.0,F,Silver,Abbigliamento,Maglione,54,2,108,CreditCard,Torino,1,GLS,4,4
3174,4174,2024-01-21,24.0,F,Basic,Abbigliamento,Jeans,35,2,70,CreditCard,Torino,1,GLS,3,6
3175,4175,2024-10-04,18.0,M,Silver,Casa,Lampada,90,1,90,PayPal,Torino,0,GLS,4,1
3176,4176,2024-02-18,45.0,F,Gold,Elettronica,Smartwatch,239,1,239,CreditCard,Roma,0,DHL,2,4
3177,4177,2024-06-01,,M,Basic,Sport,Borraccia,116,1,116,PayPal,Torino,0,GLS,4,3
3178,4178,2024-06-02,30.0,F,Basic,Libri,Romanzo,31,1,31,CreditCard,Bologna,0,BRT,3,8
3179,4179,2024-04-07,,M,Basic,Casa,Lampada,84,3,252,CreditCard,Milano,0,BRT,2,8
3180,4180,2024-06-09,18.0,F,Gold,Libri,Fumetto,34,3,102,BankTransfer,Torino,0,GLS,3,8
3181,4181,2024-11-25,24.0,F,Basic,Abbigliamento,Scarpe,78,1,78,CreditCard,Bologna,1,GLS,3,2
3182,4182,2024-01-15,61.0,F,Silver,Libri,Guida,32,3,96,CreditCard,Torino,1,BRT,5,3
3183,4183,2024-06-23,38.0,F,Basic,Abbigliamento,Maglione,117,4,468,CreditCard,Milano,1,BRT,3,8
3184,4184,2024-04-25,18.0,F,Silver,Abbigliamento,Giacca,200,2,400,CreditCard,Roma,0,BRT,4,16
3185,4185,2024-06-11,37.0,F,Gold,Abbigliamento,T-shirt,110,2,220,BankTransfer,Milano,1,DHL,3,4
3186,4186,2024-04-26,39.0,M,Basic,Casa,Tappeto,140,1,140,PayPal,Milano,1,Poste,6,8
3187,4187,2024-08-28,26.0,F,Silver,Casa,Pentola,35,1,35,CreditCard,Torino,0,DHL,2,2
3188,4188,2024-11-25,28.0,M,Silver,Abbigliamento,T-shirt,164,1,164,PayPal,Torino,0,Poste,4,6
3189,4189,2024-05-05,37.0,F,Basic,Libri,Romanzo,36,1,36,Cash,Milano,0,Poste,1,2
3190,4190,2024-09-07,51.0,M,Gold,Libri,Enciclopedia,31,2,62,CreditCard,Bologna,0,DHL,2,12
3191,4191,2024-12-24,25.0,M,Silver,Casa,Pentola,42,2,84,CreditCard,Torino,1,Poste,3,8
3192,4192,2024-11-16,49.0,F,Silver,Casa,Tappeto,39,2,78,Cash,Milano,0,BRT,4,5
3193,4193,2024-03-19,,M,Silver,Sport,Scarpe Running,99,4,396,BankTransfer,Milano,0,BRT,3,8
3194,4194,2024-03-27,68.0,F,Gold,Casa,Coperta,136,1,136,Cash,Torino,0,Poste,1,0
3195,4195,2024-10-14,50.0,F,Basic,Casa,Pentola,17,1,17,CreditCard,Milano,0,DHL,2,0
3196,4196,2024-12-04,29.0,M,Basic,Casa,Lampada,75,2,150,CreditCard,Roma,0,BRT,1,8
3197,4197,2024-12-01,36.0,M,Silver,Sport,Scarpe Running,75,2,150,PayPal,Milano,0,GLS,3,5
3198,4198,2024-01-13,,F,Basic,Abbigliamento,Giacca,21,3,63,CreditCard,Milano,1,BRT,3,3
3199,4199,2024-10-20,24.0,M,Silver,Libri,Romanzo,19,1,19,CreditCard,Milano,1,GLS,3,3
3200,4200,2024-11-12,42.0,M,Basic,Abbigliamento,Scarpe,43,2,86,CreditCard,Milano,0,BRT,1,3
3201,4201,2024-02-06,18.0,M,Basic,Abbigliamento,Jeans,91,2,182,Cash,Milano,1,BRT,2,6
3202,4202,2024-02-17,48.0,M,Basic,Abbigliamento,Maglione,53,1,53,CreditCard,Roma,1,Poste,7,0
3203,4203,2024-08-29,51.0,M,Silver,Casa,Lampada,29,3,87,PayPal,Roma,1,GLS,2,5
3204,4204,2024-01-19,40.0,F,Silver,Sport,Tappetino Yoga,159,1,159,CreditCard,Bologna,0,Poste,5,4
3205,4205,2024-11-27,26.0,F,Gold,Sport,Manubri,160,2,320,CreditCard,Torino,1,GLS,4,2
3206,4206,2024-12-05,,M,Basic,Abbigliamento,Maglione,101,1,101,BankTransfer,Torino,0,DHL,2,1
3207,4207,2024-10-27,,F,Basic,Libri,Romanzo,38,2,76,BankTransfer,Roma,1,BRT,4,2
3208,4208,2024-12-26,65.0,M,Basic,Sport,Scarpe Running,153,3,459,BankTransfer,Roma,0,BRT,5,16
3209,4209,2024-12-15,46.0,F,Gold,Libri,Fumetto,19,2,38,PayPal,Torino,0,BRT,1,6
3210,4210,2024-02-15,66.0,M,Basic,Casa,Lampada,11,2,22,CreditCard,Torino,0,BRT,2,3
3211,4211,2024-06-20,,M,Basic,Abbigliamento,Jeans,136,2,272,PayPal,Roma,0,Poste,6,4
3212,4212,2024-01-25,55.0,M,Silver,Casa,Lampada,36,2,72,BankTransfer,Bologna,0,DHL,3,5
3213,4213,2024-08-03,53.0,F,Basic,Elettronica,Laptop,349,1,349,CreditCard,Roma,1,GLS,2,2
3214,4214,2024-07-09,48.0,F,Gold,Abbigliamento,Maglione,140,1,140,PayPal,Napoli,0,BRT,4,10
3215,4215,2024-12-03,,F,Basic,Casa,Cuscino,54,3,162,Cash,Roma,1,BRT,3,0
3216,4216,2024-02-25,,F,Gold,Libri,Guida,21,1,21,CreditCard,Roma,1,Poste,6,1
3217,4217,2024-07-02,55.0,M,Gold,Elettronica,Smartwatch,692,5,3460,BankTransfer,Roma,0,BRT,3,14
3218,4218,2024-04-04,,M,Basic,Casa,Coperta,48,1,48,BankTransfer,Torino,0,Poste,5,10
3219,4219,2024-09-20,27.0,M,Silver,Abbigliamento,Maglione,43,2,86,CreditCard,Milano,0,BRT,4,9
3220,4220,2024-06-05,48.0,F,Basic,Casa,Lampada,40,1,40,CreditCard,Napoli,0,Poste,5,7
3221,4221,2024-10-16,57.0,M,Gold,Elettronica,Laptop,350,1,350,BankTransfer,Milano,0,GLS,5,2
3222,4222,2024-01-30,,M,Silver,Sport,Scarpe Running,97,2,194,PayPal,Roma,0,GLS,3,3
3223,4223,2024-11-29,57.0,F,Silver,Abbigliamento,Giacca,181,1,181,CreditCard,Milano,1,BRT,3,2
3224,4224,2024-02-20,22.0,M,Basic,Abbigliamento,Scarpe,109,2,218,Cash,Napoli,1,GLS,4,3
3225,4225,2024-07-24,18.0,M,Basic,Casa,Cuscino,61,1,61,CreditCard,Torino,0,Poste,9,8
3226,4226,2024-01-31,36.0,M,Basic,Abbigliamento,Giacca,15,1,15,CreditCard,Milano,0,BRT,2,3
3227,4227,2024-10-20,18.0,M,Silver,Abbigliamento,Giacca,157,4,628,BankTransfer,Roma,1,BRT,4,10
3228,4228,2024-04-02,26.0,F,Basic,Sport,Tappetino Yoga,127,4,508,CreditCard,Torino,1,Poste,6,13
3229,4229,2024-09-16,,M,Silver,Sport,Scarpe Running,74,3,222,PayPal,Milano,1,BRT,4,12
3230,4230,2024-12-21,39.0,M,Silver,Libri,Romanzo,34,4,136,CreditCard,Roma,0,Poste,1,14
3231,4231,2024-05-15,57.0,F,Silver,Abbigliamento,Giacca,184,2,368,PayPal,Roma,0,GLS,3,2
3232,4232,2024-02-17,42.0,F,Basic,Casa,Cuscino,145,1,145,PayPal,Roma,0,Poste,6,0
3233,4233,2024-08-30,,M,Silver,Elettronica,Smartphone,122,1,122,CreditCard,Roma,0,DHL,2,5
3234,4234,2024-09-28,21.0,M,Silver,Abbigliamento,Giacca,55,1,55,PayPal,Milano,1,BRT,6,0
3235,4235,2024-08-17,40.0,M,Silver,Elettronica,Laptop,601,3,1803,Cash,Milano,0,DHL,2,20
3236,4236,2024-10-13,,M,Basic,Abbigliamento,Giacca,69,2,138,CreditCard,Bologna,0,DHL,1,8
3237,4237,2024-11-15,52.0,M,Basic,Abbigliamento,Scarpe,195,2,390,PayPal,Napoli,1,GLS,4,7
3238,4238,2024-12-23,40.0,M,Basic,Elettronica,Smartphone,641,1,641,CreditCard,Napoli,0,BRT,1,0
3239,4239,2024-11-21,21.0,M,Basic,Sport,Scarpe Running,158,1,158,PayPal,Roma,0,Poste,6,10
3240,4240,2024-09-19,30.0,M,Basic,Elettronica,Tablet,243,4,972,Cash,Bologna,0,GLS,4,10
3241,4241,2024-08-19,53.0,M,Basic,Casa,Lampada,33,1,33,BankTransfer,Torino,0,BRT,2,0
3242,4242,2024-10-10,24.0,M,Basic,Libri,Romanzo,22,3,66,PayPal,Roma,0,BRT,3,12
3243,4243,2024-09-23,18.0,F,Basic,Libri,Enciclopedia,34,1,34,Cash,Roma,0,GLS,3,6
3244,4244,2024-06-08,46.0,F,Basic,Libri,Guida,43,3,129,CreditCard,Torino,0,BRT,6,8
3245,4245,2024-03-10,41.0,F,Gold,Elettronica,Laptop,298,3,894,CreditCard,Roma,0,GLS,2,7
3246,4246,2024-08-23,26.0,F,Basic,Abbigliamento,Giacca,169,3,507,PayPal,Bologna,1,BRT,4,11
3247,4247,2024-12-12,37.0,F,Basic,Casa,Pentola,99,1,99,CreditCard,Bologna,0,Poste,4,0
3248,4248,2024-11-24,40.0,F,Silver,Libri,Romanzo,30,3,90,BankTransfer,Napoli,0,GLS,3,16
3249,4249,2024-08-02,27.0,M,Basic,Elettronica,Laptop,622,1,622,PayPal,Bologna,0,BRT,1,5
3250,4250,2024-10-30,43.0,M,Silver,Casa,Pentola,67,2,134,BankTransfer,Milano,0,GLS,3,13
3251,4251,2024-08-21,28.0,F,Basic,Libri,Fumetto,38,3,114,CreditCard,Torino,1,BRT,2,6
3252,4252,2024-01-28,,M,Silver,Elettronica,Cuffie,277,2,554,PayPal,Roma,1,BRT,4,9
3253,4253,2024-07-19,49.0,F,Basic,Casa,Lampada,27,1,27,BankTransfer,Roma,0,GLS,4,4
3254,4254,2024-05-20,34.0,M,Basic,Casa,Coperta,115,4,460,BankTransfer,Milano,0,BRT,3,12
3255,4255,2024-05-27,18.0,M,Basic,Sport,Manubri,132,3,396,PayPal,Roma,0,GLS,2,7
3256,4256,2024-07-09,34.0,F,Basic,Abbigliamento,Maglione,49,1,49,CreditCard,Milano,0,GLS,2,5
3257,4257,2024-10-05,18.0,F,Basic,Abbigliamento,Giacca,49,1,49,PayPal,Bologna,0,GLS,2,2
3258,4258,2024-02-27,30.0,M,Silver,Abbigliamento,Giacca,56,1,56,CreditCard,Milano,0,GLS,4,1
3259,4259,2024-10-17,28.0,M,Silver,Abbigliamento,Scarpe,175,1,175,BankTransfer,Napoli,1,Poste,5,3
3260,4260,2024-06-28,75.0,F,Silver,Libri,Enciclopedia,9,1,9,BankTransfer,Torino,0,DHL,2,2
3261,4261,2024-12-30,45.0,M,Silver,Sport,Pallone,134,1,134,Cash,Napoli,0,BRT,3,8
3262,4262,2024-07-14,45.0,M,Silver,Libri,Fumetto,31,4,124,PayPal,Roma,0,GLS,3,12
3263,4263,2024-05-11,41.0,F,Gold,Elettronica,Cuffie,451,3,1353,CreditCard,Roma,0,BRT,3,15
3264,4264,2024-08-23,,F,Silver,Libri,Enciclopedia,42,2,84,PayPal,Milano,0,GLS,3,5
3265,4265,2024-01-28,18.0,F,Basic,Casa,Lampada,50,3,150,CreditCard,Torino,1,GLS,4,4
3266,4266,2024-08-07,,F,Basic,Casa,Tappeto,145,1,145,CreditCard,Milano,1,BRT,3,7
3267,4267,2024-08-12,30.0,M,Silver,Abbigliamento,Scarpe,37,3,111,PayPal,Roma,1,DHL,2,7
3268,4268,2024-02-26,25.0,M,Silver,Casa,Lampada,47,1,47,Cash,Roma,0,GLS,2,0
3269,4269,2024-12-02,29.0,M,Gold,Elettronica,Laptop,411,1,411,CreditCard,Torino,0,GLS,3,13
3270,4270,2024-10-06,54.0,M,Gold,Abbigliamento,Scarpe,120,5,600,CreditCard,Roma,1,Poste,4,17
3271,4271,2024-02-11,49.0,F,Silver,Abbigliamento,Giacca,88,2,176,PayPal,Napoli,0,GLS,2,4
3272,4272,2024-03-06,58.0,M,Gold,Casa,Coperta,97,4,388,PayPal,Milano,0,DHL,2,13
3273,4273,2024-10-18,42.0,F,Gold,Abbigliamento,Maglione,174,3,522,PayPal,Milano,0,BRT,7,14
3274,4274,2024-12-17,36.0,M,Basic,Elettronica,Laptop,685,1,685,PayPal,Roma,0,BRT,3,5
3275,4275,2024-08-13,34.0,F,Basic,Abbigliamento,Giacca,29,2,58,CreditCard,Milano,0,BRT,4,9
3276,4276,2024-12-11,18.0,M,Basic,Elettronica,Smartwatch,770,2,1540,PayPal,Milano,0,GLS,4,6
3277,4277,2024-03-02,42.0,F,Basic,Libri,Fumetto,46,5,230,CreditCard,Roma,0,GLS,4,23
3278,4278,2024-03-02,33.0,M,Basic,Sport,Borraccia,124,4,496,PayPal,Bologna,1,BRT,5,10
3279,4279,2024-05-24,32.0,M,Basic,Casa,Coperta,75,2,150,CreditCard,Bologna,0,BRT,4,6
3280,4280,2024-11-24,54.0,M,Basic,Sport,Manubri,64,2,128,CreditCard,Roma,1,GLS,3,10
3281,4281,2024-05-29,56.0,M,Gold,Elettronica,Cuffie,751,2,1502,Cash,Napoli,0,DHL,2,11
3282,4282,2024-07-25,75.0,F,Gold,Casa,Lampada,104,3,312,PayPal,Milano,0,BRT,3,6
3283,4283,2024-10-01,,M,Basic,Abbigliamento,Jeans,149,4,596,BankTransfer,Bologna,0,GLS,3,17
3284,4284,2024-09-01,37.0,M,Basic,Elettronica,Smartwatch,255,2,510,CreditCard,Roma,1,Poste,9,13
3285,4285,2024-01-25,24.0,F,Silver,Sport,Tappetino Yoga,164,3,492,BankTransfer,Bologna,0,Poste,5,4
3286,4286,2024-05-03,37.0,M,Silver,Libri,Romanzo,27,4,108,Cash,Torino,0,GLS,4,8
3287,4287,2024-10-01,,M,Silver,Elettronica,Tablet,121,2,242,CreditCard,Milano,0,Poste,4,0
3288,4288,2024-06-29,,F,Basic,Sport,Tappetino Yoga,124,2,248,PayPal,Roma,0,GLS,4,13
3289,4289,2024-11-03,64.0,M,Silver,Abbigliamento,Jeans,166,2,332,CreditCard,Napoli,0,Poste,6,5
3290,4290,2024-01-02,35.0,M,Basic,Abbigliamento,Scarpe,181,3,543,BankTransfer,Milano,0,BRT,1,15
3291,4291,2024-07-29,,M,Basic,Libri,Romanzo,32,1,32,PayPal,Milano,0,BRT,6,1
3292,4292,2024-09-27,75.0,M,Gold,Sport,Tappetino Yoga,102,1,102,CreditCard,Roma,0,GLS,3,6
3293,4293,2024-07-18,38.0,F,Gold,Libri,Enciclopedia,48,2,96,BankTransfer,Milano,0,Poste,1,4
3294,4294,2024-07-14,18.0,F,Silver,Libri,Guida,10,1,10,CreditCard,Milano,1,DHL,2,2
3295,4295,2024-03-22,28.0,F,Basic,Libri,Romanzo,20,1,20,CreditCard,Torino,1,GLS,3,6
3296,4296,2024-12-08,,M,Basic,Casa,Cuscino,48,1,48,CreditCard,Roma,0,GLS,4,3
3297,4297,2024-06-02,,M,Gold,Elettronica,Laptop,355,3,1065,Cash,Milano,0,DHL,2,8
3298,4298,2024-07-06,29.0,M,Basic,Elettronica,Cuffie,464,1,464,BankTransfer,Torino,0,DHL,2,3
3299,4299,2024-09-05,44.0,M,Basic,Casa,Coperta,24,3,72,Cash,Roma,1,GLS,4,7
3300,4300,2024-11-28,62.0,F,Gold,Abbigliamento,Giacca,60,5,300,PayPal,Roma,1,BRT,6,21
3301,4301,2024-03-20,23.0,F,Silver,Elettronica,Tablet,227,2,454,BankTransfer,Roma,0,BRT,6,5
3302,4302,2024-12-08,23.0,F,Silver,Abbigliamento,Maglione,177,2,354,Cash,Milano,0,BRT,1,4
3303,4303,2024-10-25,34.0,F,Basic,Sport,Scarpe Running,115,1,115,BankTransfer,Roma,0,BRT,1,0
3304,4304,2024-01-16,51.0,M,Silver,Abbigliamento,T-shirt,187,2,374,Cash,Napoli,1,BRT,6,7
3305,4305,2024-08-24,44.0,F,Basic,Sport,Scarpe Running,47,1,47,CreditCard,Milano,0,GLS,3,6
3306,4306,2024-06-19,40.0,M,Basic,Sport,Scarpe Running,179,1,179,PayPal,Napoli,1,GLS,5,8
3307,4307,2024-11-13,62.0,M,Basic,Abbigliamento,Maglione,155,4,620,Cash,Milano,1,BRT,3,2
3308,4308,2024-09-17,34.0,M,Gold,Casa,Lampada,108,2,216,BankTransfer,Bologna,0,GLS,3,9
3309,4309,2024-12-23,66.0,F,Silver,Elettronica,Smartwatch,760,1,760,Cash,Torino,1,BRT,3,10
3310,4310,2024-03-22,,F,Basic,Libri,Manuale,48,2,96,Cash,Milano,0,DHL,2,8
3311,4311,2024-07-25,42.0,M,Basic,Sport,Borraccia,65,5,325,CreditCard,Torino,0,BRT,4,18
3312,4312,2024-04-19,,F,Silver,Libri,Manuale,42,3,126,CreditCard,Bologna,0,BRT,2,11
3313,4313,2024-08-17,55.0,F,Silver,Libri,Fumetto,11,2,22,PayPal,Torino,0,Poste,6,4
3314,4314,2024-07-16,18.0,F,Basic,Casa,Tappeto,33,1,33,Cash,Roma,0,GLS,3,5
3315,4315,2024-09-22,29.0,F,Silver,Casa,Tappeto,142,1,142,BankTransfer,Bologna,0,BRT,1,3
3316,4316,2024-12-04,18.0,F,Silver,Casa,Coperta,62,2,124,CreditCard,Milano,1,Poste,4,6
3317,4317,2024-04-17,34.0,F,Basic,Casa,Lampada,149,2,298,CreditCard,Napoli,0,DHL,2,1
3318,4318,2024-09-16,30.0,M,Silver,Elettronica,Tablet,474,5,2370,CreditCard,Milano,0,BRT,6,17
3319,4319,2024-07-29,53.0,F,Gold,Casa,Coperta,124,1,124,CreditCard,Roma,0,DHL,3,9
3320,4320,2024-04-14,44.0,F,Gold,Elettronica,Smartphone,659,4,2636,Cash,Torino,1,GLS,3,11
3321,4321,2024-02-18,34.0,M,Silver,Elettronica,Smartphone,86,2,172,BankTransfer,Torino,0,Poste,4,8
3322,4322,2024-12-02,58.0,F,Silver,Casa,Pentola,59,1,59,CreditCard,Roma,0,Poste,4,3
3323,4323,2024-04-14,36.0,F,Gold,Libri,Romanzo,21,5,105,BankTransfer,Napoli,1,BRT,1,14
3324,4324,2024-10-19,,F,Silver,Elettronica,Smartphone,381,2,762,PayPal,Milano,0,GLS,2,0
3325,4325,2024-02-14,48.0,M,Basic,Casa,Lampada,96,1,96,Cash,Napoli,1,BRT,3,0
3326,4326,2024-09-02,,F,Gold,Libri,Fumetto,45,3,135,BankTransfer,Napoli,1,GLS,4,11
3327,4327,2024-09-28,52.0,M,Silver,Sport,Scarpe Running,119,2,238,CreditCard,Torino,0,BRT,5,7
3328,4328,2024-08-18,29.0,M,Basic,Casa,Cuscino,108,4,432,CreditCard,Napoli,1,BRT,2,13
3329,4329,2024-11-27,18.0,F,Basic,Libri,Manuale,41,4,164,CreditCard,Bologna,0,BRT,1,10
3330,4330,2024-02-18,50.0,F,Basic,Libri,Fumetto,24,2,48,Cash,Milano,1,BRT,1,5
3331,4331,2024-09-19,18.0,M,Silver,Elettronica,Laptop,139,2,278,PayPal,Bologna,1,Poste,5,7
3332,4332,2024-03-25,24.0,F,Basic,Casa,Tappeto,102,2,204,CreditCard,Milano,1,GLS,4,14
3333,4333,2024-06-06,,M,Gold,Elettronica,Laptop,537,1,537,BankTransfer,Roma,0,BRT,1,1
3334,4334,2024-03-27,46.0,M,Silver,Casa,Cuscino,57,2,114,PayPal,Milano,0,BRT,5,3
3335,4335,2024-10-31,47.0,F,Basic,Casa,Tappeto,141,4,564,CreditCard,Bologna,1,GLS,4,9
3336,4336,2024-02-04,18.0,M,Basic,Elettronica,Laptop,258,2,516,BankTransfer,Roma,0,Poste,3,5
3337,4337,2024-05-27,,F,Basic,Sport,Scarpe Running,108,1,108,CreditCard,Napoli,1,BRT,5,4
3338,4338,2024-12-02,18.0,F,Silver,Abbigliamento,Scarpe,55,2,110,Cash,Roma,1,GLS,3,4
3339,4339,2024-10-06,72.0,F,Silver,Libri,Guida,38,1,38,PayPal,Roma,0,GLS,5,7
3340,4340,2024-12-26,24.0,F,Basic,Sport,Manubri,88,1,88,CreditCard,Bologna,1,GLS,4,0
3341,4341,2024-02-18,63.0,M,Gold,Sport,Scarpe Running,102,1,102,CreditCard,Milano,0,BRT,3,0
3342,4342,2024-06-27,33.0,M,Basic,Abbigliamento,Giacca,83,1,83,CreditCard,Milano,0,GLS,4,5
3343,4343,2024-01-26,,M,Silver,Sport,Scarpe Running,61,1,61,CreditCard,Roma,0,GLS,4,6
3344,4344,2024-08-16,26.0,F,Basic,Casa,Pentola,89,5,445,CreditCard,Roma,0,GLS,3,7
3345,4345,2024-07-30,,M,Basic,Libri,Enciclopedia,13,2,26,PayPal,Torino,0,Poste,2,17
3346,4346,2024-10-29,,F,Gold,Elettronica,Cuffie,343,1,343,PayPal,Milano,0,GLS,4,2
3347,4347,2024-10-26,61.0,F,Basic,Libri,Fumetto,43,2,86,PayPal,Napoli,1,GLS,4,7
3348,4348,2024-08-15,29.0,M,Gold,Libri,Fumetto,35,2,70,CreditCard,Milano,0,GLS,3,0
3349,4349,2024-01-07,18.0,M,Gold,Casa,Lampada,53,3,159,CreditCard,Milano,0,DHL,3,2
3350,4350,2024-02-21,,M,Silver,Libri,Fumetto,22,1,22,CreditCard,Milano,1,BRT,1,0
3351,4351,2024-12-27,40.0,M,Basic,Libri,Fumetto,33,1,33,BankTransfer,Milano,1,Poste,4,0
3352,4352,2024-08-08,42.0,F,Basic,Sport,Scarpe Running,137,3,411,PayPal,Torino,1,GLS,3,18
3353,4353,2024-07-02,34.0,F,Basic,Sport,Scarpe Running,49,2,98,CreditCard,Milano,1,BRT,2,4
3354,4354,2024-04-11,39.0,M,Gold,Libri,Fumetto,19,2,38,Cash,Torino,0,Poste,6,3
3355,4355,2024-01-17,33.0,M,Basic,Libri,Guida,11,2,22,BankTransfer,Napoli,1,DHL,2,5
3356,4356,2024-01-29,32.0,M,Basic,Casa,Coperta,97,1,97,PayPal,Roma,1,GLS,3,5
3357,4357,2024-03-09,72.0,M,Basic,Sport,Scarpe Running,164,4,656,BankTransfer,Roma,1,DHL,1,24
3358,4358,2024-07-14,39.0,F,Basic,Abbigliamento,Giacca,140,1,140,CreditCard,Torino,1,BRT,2,5
3359,4359,2024-07-15,56.0,F,Basic,Sport,Tappetino Yoga,171,2,342,CreditCard,Roma,0,BRT,4,7
3360,4360,2024-01-03,75.0,F,Silver,Sport,Borraccia,57,1,57,PayPal,Bologna,0,GLS,5,2
3361,4361,2024-10-28,18.0,F,Silver,Abbigliamento,Maglione,143,3,429,CreditCard,Torino,0,GLS,2,5
3362,4362,2024-01-20,36.0,F,Basic,Sport,Tappetino Yoga,68,4,272,Cash,Torino,0,BRT,3,14
3363,4363,2024-05-27,,M,Gold,Elettronica,Smartphone,568,3,1704,BankTransfer,Roma,0,Poste,5,7
3364,4364,2024-11-27,56.0,F,Basic,Sport,Borraccia,74,3,222,BankTransfer,Torino,1,DHL,2,15
3365,4365,2024-08-19,33.0,M,Basic,Sport,Pallone,95,2,190,Cash,Torino,0,GLS,3,12
3366,4366,2024-06-13,,F,Basic,Sport,Pallone,24,2,48,Cash,Bologna,1,BRT,4,6
3367,4367,2024-01-12,41.0,F,Gold,Abbigliamento,Jeans,16,4,64,CreditCard,Roma,1,BRT,2,15
3368,4368,2024-11-21,,F,Silver,Libri,Fumetto,35,2,70,PayPal,Torino,0,DHL,2,2
3369,4369,2024-05-01,28.0,M,Basic,Abbigliamento,Giacca,84,5,420,BankTransfer,Milano,1,DHL,2,28
3370,4370,2024-07-21,75.0,M,Silver,Libri,Guida,25,1,25,PayPal,Bologna,0,Poste,3,10
3371,4371,2024-03-18,21.0,M,Basic,Elettronica,Smartwatch,510,1,510,PayPal,Napoli,1,GLS,4,1
3372,4372,2024-10-22,33.0,M,Basic,Abbigliamento,Giacca,181,5,905,Cash,Bologna,0,BRT,4,13
3373,4373,2024-11-13,44.0,M,Silver,Elettronica,Smartphone,505,2,1010,PayPal,Roma,0,GLS,3,5
3374,4374,2024-07-25,44.0,F,Basic,Abbigliamento,Maglione,101,2,202,PayPal,Napoli,1,BRT,3,0
3375,4375,2024-05-18,20.0,F,Silver,Abbigliamento,Giacca,40,2,80,Cash,Torino,0,DHL,2,3
3376,4376,2024-04-19,36.0,F,Basic,Sport,Borraccia,120,3,360,Cash,Napoli,1,BRT,2,6
3377,4377,2024-05-30,18.0,F,Basic,Elettronica,Laptop,171,1,171,CreditCard,Milano,1,BRT,3,2
3378,4378,2024-03-24,52.0,F,Silver,Sport,Tappetino Yoga,91,2,182,PayPal,Milano,1,BRT,6,9
3379,4379,2024-09-19,,F,Silver,Libri,Enciclopedia,46,1,46,PayPal,Napoli,0,GLS,3,0
3380,4380,2024-09-22,21.0,M,Gold,Casa,Coperta,85,4,340,CreditCard,Roma,0,GLS,3,6
3381,4381,2024-12-16,38.0,M,Silver,Sport,Borraccia,150,2,300,PayPal,Milano,0,GLS,4,12
3382,4382,2024-06-07,19.0,M,Silver,Elettronica,Smartphone,337,1,337,PayPal,Roma,0,BRT,5,6
3383,4383,2024-08-30,41.0,M,Silver,Abbigliamento,Giacca,152,5,760,BankTransfer,Torino,0,BRT,4,19
3384,4384,2024-05-25,30.0,M,Basic,Casa,Pentola,14,2,28,CreditCard,Roma,0,GLS,3,4
3385,4385,2024-07-01,29.0,M,Basic,Elettronica,Cuffie,606,1,606,BankTransfer,Roma,1,BRT,3,5
3386,4386,2024-09-06,18.0,F,Basic,Abbigliamento,Scarpe,133,3,399,Cash,Milano,1,DHL,3,0
3387,4387,2024-03-26,,F,Gold,Elettronica,Smartwatch,451,5,2255,CreditCard,Torino,0,DHL,3,9
3388,4388,2024-01-01,55.0,F,Silver,Sport,Manubri,71,4,284,BankTransfer,Bologna,0,GLS,3,12
3389,4389,2024-01-04,,M,Basic,Libri,Manuale,10,2,20,PayPal,Roma,0,Poste,6,11
3390,4390,2024-12-23,57.0,F,Gold,Abbigliamento,Giacca,40,2,80,CreditCard,Napoli,0,BRT,4,4
3391,4391,2024-08-30,37.0,M,Basic,Elettronica,Smartphone,308,1,308,PayPal,Roma,1,BRT,4,4
3392,4392,2024-03-13,40.0,F,Basic,Sport,Scarpe Running,48,1,48,CreditCard,Roma,0,BRT,1,3
3393,4393,2024-09-30,43.0,M,Silver,Libri,Romanzo,17,3,51,PayPal,Torino,0,GLS,4,13
3394,4394,2024-05-20,33.0,M,Silver,Casa,Pentola,38,3,114,BankTransfer,Milano,1,BRT,2,15
3395,4395,2024-06-17,45.0,M,Basic,Abbigliamento,T-shirt,128,2,256,Cash,Milano,1,Poste,4,5
3396,4396,2024-06-03,50.0,F,Basic,Elettronica,Laptop,215,2,430,PayPal,Napoli,1,Poste,1,5
3397,4397,2024-05-15,52.0,M,Gold,Elettronica,Smartphone,267,3,801,CreditCard,Milano,0,DHL,1,5
3398,4398,2024-05-18,55.0,F,Silver,Casa,Cuscino,80,5,400,BankTransfer,Napoli,0,DHL,2,18
3399,4399,2024-10-11,,F,Silver,Casa,Pentola,115,1,115,PayPal,Milano,0,GLS,5,3
3400,4400,2024-12-23,43.0,F,Silver,Elettronica,Smartwatch,87,2,174,CreditCard,Roma,0,Poste,5,1
3401,4401,2024-10-25,36.0,F,Silver,Elettronica,Cuffie,115,5,575,CreditCard,Milano,1,GLS,4,11
3402,4402,2024-07-29,19.0,M,Basic,Abbigliamento,T-shirt,112,1,112,CreditCard,Roma,0,BRT,2,5
3403,4403,2024-06-04,24.0,F,Basic,Sport,Tappetino Yoga,72,1,72,CreditCard,Roma,0,GLS,4,11
3404,4404,2024-07-25,34.0,M,Basic,Sport,Scarpe Running,157,4,628,PayPal,Milano,1,BRT,2,8
3405,4405,2024-05-16,42.0,M,Silver,Sport,Tappetino Yoga,161,2,322,BankTransfer,Roma,0,BRT,4,4
3406,4406,2024-04-09,56.0,M,Basic,Libri,Guida,13,4,52,CreditCard,Milano,0,Poste,5,11
3407,4407,2024-10-19,50.0,F,Gold,Libri,Fumetto,45,2,90,PayPal,Torino,1,GLS,3,6
3408,4408,2024-03-13,19.0,M,Silver,Sport,Scarpe Running,94,4,376,Cash,Torino,1,BRT,4,12
3409,4409,2024-02-22,47.0,F,Silver,Casa,Coperta,92,2,184,CreditCard,Milano,0,GLS,4,6
3410,4410,2024-05-21,24.0,M,Basic,Libri,Fumetto,35,1,35,PayPal,Milano,0,BRT,1,0
3411,4411,2024-08-14,,F,Basic,Libri,Enciclopedia,26,1,26,PayPal,Bologna,0,GLS,4,4
3412,4412,2024-09-01,,M,Basic,Elettronica,Smartwatch,516,1,516,BankTransfer,Bologna,0,BRT,3,0
3413,4413,2024-04-30,19.0,F,Silver,Abbigliamento,Jeans,148,1,148,CreditCard,Milano,1,BRT,3,11
3414,4414,2024-06-14,39.0,F,Silver,Abbigliamento,Jeans,134,2,268,PayPal,Bologna,0,Poste,5,2
3415,4415,2024-05-22,,M,Basic,Abbigliamento,Giacca,65,1,65,CreditCard,Napoli,1,DHL,1,0
3416,4416,2024-02-25,54.0,F,Silver,Sport,Pallone,70,2,140,CreditCard,Bologna,0,GLS,3,6
3417,4417,2024-04-20,22.0,M,Basic,Libri,Enciclopedia,9,2,18,Cash,Napoli,1,BRT,1,10
3418,4418,2024-10-13,46.0,F,Basic,Elettronica,Smartwatch,77,2,154,CreditCard,Roma,0,BRT,4,3
3419,4419,2024-10-01,53.0,M,Gold,Elettronica,Tablet,351,2,702,PayPal,Roma,0,GLS,3,6
3420,4420,2024-12-12,33.0,F,Silver,Abbigliamento,Maglione,165,1,165,Cash,Napoli,0,Poste,7,10
3421,4421,2024-08-15,45.0,M,Silver,Casa,Lampada,97,5,485,CreditCard,Torino,0,BRT,2,11
3422,4422,2024-01-27,,F,Basic,Elettronica,Tablet,475,1,475,CreditCard,Milano,0,DHL,3,2
3423,4423,2024-02-21,21.0,F,Basic,Libri,Manuale,21,1,21,BankTransfer,Roma,0,GLS,4,5
3424,4424,2024-08-10,18.0,M,Basic,Abbigliamento,T-shirt,105,2,210,PayPal,Milano,0,DHL,1,5
3425,4425,2024-09-17,24.0,F,Basic,Abbigliamento,Jeans,61,2,122,CreditCard,Roma,1,DHL,2,6
3426,4426,2024-09-19,44.0,F,Silver,Abbigliamento,Giacca,50,1,50,PayPal,Milano,0,Poste,8,0
3427,4427,2024-11-27,39.0,M,Silver,Abbigliamento,T-shirt,181,1,181,CreditCard,Milano,1,BRT,4,6
3428,4428,2024-08-08,22.0,F,Basic,Abbigliamento,Maglione,50,3,150,PayPal,Bologna,0,GLS,2,7
3429,4429,2024-01-08,37.0,M,Basic,Casa,Coperta,45,4,180,PayPal,Torino,0,BRT,3,12
3430,4430,2024-03-26,,M,Basic,Elettronica,Laptop,436,1,436,PayPal,Roma,0,GLS,4,3
3431,4431,2024-12-27,,M,Basic,Sport,Pallone,176,5,880,CreditCard,Milano,0,GLS,4,14
3432,4432,2024-04-02,25.0,M,Basic,Elettronica,Laptop,618,2,1236,Cash,Napoli,0,BRT,2,13
3433,4433,2024-04-13,36.0,M,Basic,Abbigliamento,Giacca,70,5,350,PayPal,Milano,1,GLS,4,13
3434,4434,2024-06-16,44.0,M,Silver,Casa,Coperta,113,2,226,PayPal,Milano,0,BRT,4,0
3435,4435,2024-07-13,25.0,M,Basic,Abbigliamento,T-shirt,35,1,35,PayPal,Roma,1,DHL,3,4
3436,4436,2024-03-18,60.0,F,Silver,Abbigliamento,Jeans,140,4,560,CreditCard,Milano,1,BRT,5,11
3437,4437,2024-03-09,43.0,F,Basic,Abbigliamento,Giacca,185,2,370,BankTransfer,Napoli,0,BRT,3,8
3438,4438,2024-02-17,44.0,M,Gold,Elettronica,Laptop,86,3,258,PayPal,Roma,0,GLS,4,10
3439,4439,2024-03-31,50.0,F,Basic,Sport,Tappetino Yoga,92,2,184,BankTransfer,Milano,0,Poste,2,3
3440,4440,2024-10-06,52.0,M,Gold,Elettronica,Laptop,251,1,251,CreditCard,Torino,0,DHL,2,3
3441,4441,2024-02-20,,F,Basic,Libri,Romanzo,44,4,176,CreditCard,Bologna,1,GLS,4,18
3442,4442,2024-01-25,74.0,M,Silver,Elettronica,Cuffie,705,2,1410,CreditCard,Milano,0,GLS,2,6
3443,4443,2024-01-18,29.0,F,Silver,Sport,Tappetino Yoga,159,3,477,CreditCard,Torino,0,BRT,1,7
3444,4444,2024-08-14,,F,Basic,Sport,Tappetino Yoga,87,2,174,PayPal,Napoli,1,DHL,2,3
3445,4445,2024-03-06,18.0,M,Basic,Sport,Borraccia,82,1,82,CreditCard,Roma,1,BRT,4,5
3446,4446,2024-06-29,30.0,M,Silver,Libri,Fumetto,35,1,35,CreditCard,Milano,0,BRT,2,0
3447,4447,2024-08-26,31.0,F,Silver,Abbigliamento,T-shirt,85,1,85,BankTransfer,Napoli,0,BRT,6,8
3448,4448,2024-01-22,25.0,F,Gold,Casa,Coperta,97,2,194,CreditCard,Bologna,0,Poste,6,1
3449,4449,2024-01-23,40.0,M,Basic,Sport,Scarpe Running,27,5,135,CreditCard,Napoli,1,BRT,1,13
3450,4450,2024-07-10,48.0,M,Silver,Libri,Fumetto,13,1,13,BankTransfer,Roma,0,Poste,4,2
3451,4451,2024-11-20,26.0,M,Basic,Elettronica,Laptop,614,1,614,Cash,Torino,0,Poste,4,8
3452,4452,2024-09-11,43.0,F,Basic,Casa,Tappeto,143,2,286,CreditCard,Roma,0,Poste,1,9
3453,4453,2024-01-30,47.0,F,Silver,Libri,Manuale,19,3,57,BankTransfer,Bologna,0,BRT,3,10
3454,4454,2024-12-27,39.0,F,Basic,Sport,Manubri,142,3,426,BankTransfer,Milano,0,Poste,3,6
3455,4455,2024-08-18,26.0,M,Silver,Casa,Lampada,136,1,136,PayPal,Roma,0,DHL,2,4
3456,4456,2024-02-28,21.0,F,Silver,Sport,Scarpe Running,72,1,72,CreditCard,Roma,0,Poste,6,4
3457,4457,2024-12-22,25.0,M,Gold,Casa,Lampada,49,1,49,CreditCard,Roma,0,BRT,2,1
3458,4458,2024-12-02,46.0,M,Basic,Abbigliamento,Scarpe,130,1,130,CreditCard,Torino,0,BRT,4,2
3459,4459,2024-01-29,65.0,F,Gold,Libri,Fumetto,14,2,28,PayPal,Torino,0,GLS,4,9
3460,4460,2024-08-27,29.0,M,Basic,Libri,Enciclopedia,34,1,34,PayPal,Torino,1,BRT,2,3
3461,4461,2024-07-21,60.0,F,Silver,Abbigliamento,Scarpe,22,2,44,CreditCard,Napoli,1,BRT,1,2
3462,4462,2024-03-29,22.0,M,Silver,Sport,Scarpe Running,44,2,88,CreditCard,Milano,1,BRT,4,4
3463,4463,2024-02-01,29.0,F,Silver,Libri,Fumetto,37,2,74,BankTransfer,Roma,0,GLS,5,4
3464,4464,2024-08-29,,F,Basic,Elettronica,Tablet,334,1,334,PayPal,Torino,1,Poste,1,5
3465,4465,2024-06-05,,F,Silver,Libri,Manuale,27,5,135,BankTransfer,Torino,0,BRT,3,21
3466,4466,2024-12-17,41.0,M,Silver,Casa,Lampada,133,3,399,Cash,Torino,1,BRT,3,7
3467,4467,2024-12-21,51.0,M,Basic,Abbigliamento,Jeans,73,1,73,PayPal,Roma,0,BRT,3,4
3468,4468,2024-04-14,54.0,M,Silver,Libri,Enciclopedia,31,1,31,CreditCard,Roma,1,Poste,6,5
3469,4469,2024-09-26,49.0,F,Gold,Abbigliamento,Giacca,87,3,261,Cash,Napoli,1,BRT,3,5
3470,4470,2024-03-05,18.0,M,Silver,Abbigliamento,T-shirt,182,4,728,CreditCard,Roma,1,BRT,4,16
3471,4471,2024-12-18,29.0,F,Basic,Casa,Cuscino,132,1,132,CreditCard,Torino,1,Poste,5,3
3472,4472,2024-08-10,,F,Silver,Libri,Romanzo,44,2,88,BankTransfer,Torino,0,Poste,6,11
3473,4473,2024-10-31,48.0,M,Gold,Libri,Romanzo,47,1,47,PayPal,Milano,0,BRT,1,4
3474,4474,2024-01-13,18.0,F,Silver,Casa,Coperta,116,3,348,BankTransfer,Torino,0,BRT,4,21
3475,4475,2024-11-19,28.0,F,Basic,Sport,Pallone,25,2,50,CreditCard,Milano,0,DHL,3,12
3476,4476,2024-02-02,48.0,M,Silver,Abbigliamento,Maglione,46,2,92,Cash,Bologna,1,BRT,2,9
3477,4477,2024-07-02,52.0,F,Silver,Casa,Lampada,70,1,70,BankTransfer,Torino,0,Poste,6,6
3478,4478,2024-08-24,42.0,M,Silver,Abbigliamento,Jeans,62,5,310,BankTransfer,Bologna,1,GLS,4,12
3479,4479,2024-04-19,63.0,M,Basic,Casa,Coperta,35,3,105,Cash,Torino,1,Poste,3,12
3480,4480,2024-08-11,18.0,M,Basic,Libri,Guida,25,1,25,PayPal,Bologna,1,BRT,4,6
3481,4481,2024-10-28,41.0,M,Basic,Elettronica,Tablet,150,2,300,Cash,Bologna,1,GLS,1,11
3482,4482,2024-05-11,37.0,F,Basic,Sport,Tappetino Yoga,41,1,41,PayPal,Milano,0,BRT,5,6
3483,4483,2024-09-17,23.0,M,Basic,Sport,Scarpe Running,136,1,136,CreditCard,Napoli,0,Poste,4,0
3484,4484,2024-03-22,30.0,F,Basic,Sport,Scarpe Running,138,3,414,Cash,Bologna,1,DHL,2,9
3485,4485,2024-05-31,42.0,M,Gold,Sport,Tappetino Yoga,85,4,340,PayPal,Torino,0,GLS,2,8
3486,4486,2024-05-17,56.0,M,Silver,Sport,Scarpe Running,164,1,164,PayPal,Roma,0,GLS,3,3
3487,4487,2024-08-24,,M,Basic,Casa,Lampada,15,1,15,BankTransfer,Torino,0,Poste,1,3
3488,4488,2024-07-09,48.0,F,Silver,Casa,Coperta,25,1,25,PayPal,Torino,1,Poste,8,0
3489,4489,2024-11-07,24.0,M,Basic,Casa,Lampada,35,1,35,CreditCard,Roma,0,Poste,5,3
3490,4490,2024-09-26,,F,Basic,Casa,Tappeto,23,3,69,PayPal,Milano,0,BRT,1,12
3491,4491,2024-04-20,,F,Basic,Abbigliamento,Maglione,20,1,20,Cash,Torino,0,Poste,1,5
3492,4492,2024-12-15,40.0,M,Basic,Abbigliamento,Maglione,119,2,238,PayPal,Torino,0,DHL,3,4
3493,4493,2024-02-07,46.0,M,Gold,Casa,Cuscino,145,1,145,CreditCard,Roma,0,Poste,9,2
3494,4494,2024-06-20,35.0,M,Silver,Abbigliamento,Giacca,164,3,492,BankTransfer,Milano,1,BRT,4,8
3495,4495,2024-09-21,50.0,F,Silver,Libri,Romanzo,16,3,48,PayPal,Roma,1,GLS,3,9
3496,4496,2024-02-13,42.0,M,Basic,Elettronica,Cuffie,400,2,800,Cash,Roma,1,GLS,5,5
3497,4497,2024-05-14,18.0,F,Silver,Casa,Lampada,124,1,124,BankTransfer,Torino,0,DHL,2,3
3498,4498,2024-01-21,43.0,M,Basic,Sport,Pallone,130,1,130,CreditCard,Napoli,0,GLS,3,0
3499,4499,2024-10-01,18.0,M,Basic,Casa,Cuscino,122,1,122,PayPal,Roma,0,GLS,3,0
3500,4500,2024-03-01,28.0,F,Basic,Libri,Manuale,18,2,36,PayPal,Bologna,0,GLS,4,4
3501,4501,2024-07-20,42.0,M,Silver,Abbigliamento,T-shirt,33,2,66,BankTransfer,Napoli,0,BRT,2,0
3502,4502,2024-07-27,18.0,M,Silver,Elettronica,Smartwatch,704,2,1408,BankTransfer,Torino,0,DHL,3,9
3503,4503,2024-11-12,36.0,F,Silver,Elettronica,Tablet,412,2,824,CreditCard,Torino,0,Poste,6,2
3504,4504,2024-07-16,37.0,M,Basic,Abbigliamento,Giacca,125,3,375,CreditCard,Roma,1,Poste,6,6
3505,4505,2024-07-27,36.0,M,Basic,Sport,Pallone,169,3,507,PayPal,Milano,1,GLS,4,7
3506,4506,2024-07-29,,M,Basic,Casa,Cuscino,83,1,83,BankTransfer,Torino,0,BRT,2,0
3507,4507,2024-12-15,47.0,F,Silver,Libri,Romanzo,20,4,80,BankTransfer,Milano,1,Poste,2,14
3508,4508,2024-07-11,49.0,F,Silver,Casa,Lampada,58,1,58,PayPal,Torino,1,BRT,1,0
3509,4509,2024-03-01,32.0,M,Basic,Elettronica,Laptop,786,3,2358,Cash,Bologna,0,BRT,1,17
3510,4510,2024-09-22,44.0,F,Silver,Casa,Lampada,26,1,26,CreditCard,Milano,0,GLS,3,2
3511,4511,2024-06-17,25.0,M,Basic,Abbigliamento,Scarpe,153,3,459,PayPal,Torino,1,GLS,5,10
3512,4512,2024-10-27,38.0,F,Basic,Sport,Tappetino Yoga,161,2,322,BankTransfer,Torino,0,GLS,6,4
3513,4513,2024-02-23,49.0,M,Basic,Casa,Lampada,127,1,127,CreditCard,Napoli,1,DHL,1,0
3514,4514,2024-10-06,42.0,M,Gold,Libri,Guida,41,5,205,CreditCard,Torino,1,BRT,1,7
3515,4515,2024-01-14,40.0,M,Gold,Libri,Enciclopedia,11,1,11,BankTransfer,Bologna,1,Poste,4,8
3516,4516,2024-02-09,,M,Silver,Libri,Fumetto,41,1,41,PayPal,Napoli,0,BRT,2,9
3517,4517,2024-12-14,27.0,F,Basic,Abbigliamento,Giacca,162,1,162,PayPal,Milano,1,Poste,4,3
3518,4518,2024-04-06,50.0,F,Basic,Abbigliamento,Giacca,73,1,73,BankTransfer,Roma,1,GLS,3,9
3519,4519,2024-11-22,41.0,M,Silver,Libri,Romanzo,15,2,30,PayPal,Bologna,0,GLS,3,8
3520,4520,2024-08-13,27.0,M,Silver,Sport,Tappetino Yoga,62,2,124,Cash,Roma,0,GLS,4,4
3521,4521,2024-03-19,37.0,F,Basic,Libri,Guida,47,1,47,BankTransfer,Napoli,0,GLS,3,10
3522,4522,2024-02-10,32.0,F,Basic,Libri,Manuale,12,3,36,PayPal,Bologna,1,GLS,2,4
3523,4523,2024-07-29,48.0,M,Silver,Casa,Cuscino,16,3,48,PayPal,Milano,1,Poste,4,7
3524,4524,2024-11-20,44.0,M,Basic,Sport,Manubri,74,1,74,CreditCard,Bologna,0,BRT,3,4
3525,4525,2024-09-11,18.0,F,Basic,Libri,Guida,20,2,40,PayPal,Bologna,0,BRT,3,4
3526,4526,2024-11-14,63.0,M,Basic,Elettronica,Laptop,307,1,307,PayPal,Milano,0,Poste,2,3
3527,4527,2024-03-12,18.0,F,Silver,Elettronica,Smartwatch,745,3,2235,PayPal,Milano,0,GLS,5,11
3528,4528,2024-11-22,,F,Basic,Sport,Manubri,169,1,169,PayPal,Bologna,1,GLS,4,0
3529,4529,2024-11-13,27.0,M,Basic,Elettronica,Cuffie,677,2,1354,CreditCard,Roma,1,DHL,2,4
3530,4530,2024-11-09,,F,Basic,Sport,Tappetino Yoga,128,4,512,CreditCard,Bologna,0,GLS,4,6
3531,4531,2024-11-28,44.0,M,Silver,Casa,Coperta,94,3,282,BankTransfer,Torino,0,DHL,2,12
3532,4532,2024-11-07,59.0,M,Silver,Elettronica,Smartphone,760,1,760,BankTransfer,Milano,0,BRT,3,0
3533,4533,2024-10-03,35.0,M,Basic,Sport,Borraccia,32,2,64,BankTransfer,Torino,0,Poste,2,5
3534,4534,2024-06-06,18.0,F,Basic,Abbigliamento,Maglione,27,2,54,CreditCard,Bologna,1,Poste,4,4
3535,4535,2024-09-24,35.0,M,Basic,Sport,Pallone,39,1,39,PayPal,Roma,0,GLS,4,4
3536,4536,2024-02-19,,F,Silver,Libri,Manuale,38,1,38,Cash,Roma,0,BRT,1,8
3537,4537,2024-06-09,56.0,M,Gold,Abbigliamento,T-shirt,51,1,51,Cash,Milano,0,BRT,3,0
3538,4538,2024-09-26,,M,Basic,Sport,Borraccia,148,1,148,PayPal,Milano,1,GLS,4,10
3539,4539,2024-06-13,34.0,F,Silver,Abbigliamento,Giacca,74,2,148,CreditCard,Bologna,1,BRT,1,14
3540,4540,2024-03-31,31.0,F,Basic,Casa,Cuscino,71,2,142,CreditCard,Bologna,0,GLS,4,3
3541,4541,2024-09-20,61.0,M,Gold,Abbigliamento,T-shirt,36,3,108,CreditCard,Torino,1,GLS,3,10
3542,4542,2024-08-23,18.0,M,Basic,Abbigliamento,Jeans,109,2,218,PayPal,Torino,0,DHL,2,3
3543,4543,2024-11-25,54.0,F,Gold,Abbigliamento,Scarpe,78,4,312,BankTransfer,Roma,0,DHL,2,10
3544,4544,2024-09-29,55.0,F,Silver,Abbigliamento,Maglione,126,2,252,CreditCard,Roma,0,GLS,3,1
3545,4545,2024-07-29,36.0,F,Silver,Casa,Lampada,97,2,194,PayPal,Torino,0,DHL,2,7
3546,4546,2024-07-28,51.0,F,Gold,Elettronica,Cuffie,290,3,870,PayPal,Roma,0,GLS,3,18
3547,4547,2024-10-30,46.0,M,Basic,Abbigliamento,Maglione,107,2,214,PayPal,Torino,0,GLS,3,9
3548,4548,2024-07-14,,F,Basic,Libri,Enciclopedia,28,1,28,CreditCard,Napoli,1,GLS,4,0
3549,4549,2024-12-25,28.0,M,Silver,Elettronica,Smartwatch,587,2,1174,PayPal,Roma,0,Poste,4,8
3550,4550,2024-11-11,18.0,M,Silver,Sport,Scarpe Running,31,1,31,BankTransfer,Torino,0,BRT,2,0
3551,4551,2024-05-06,62.0,F,Gold,Abbigliamento,Jeans,199,4,796,CreditCard,Roma,1,BRT,1,8
3552,4552,2024-02-27,57.0,F,Silver,Libri,Fumetto,48,1,48,Cash,Bologna,0,Poste,7,4
3553,4553,2024-09-22,57.0,M,Silver,Sport,Tappetino Yoga,106,3,318,PayPal,Roma,1,Poste,7,9
3554,4554,2024-04-09,38.0,M,Gold,Elettronica,Smartphone,96,4,384,CreditCard,Torino,0,BRT,6,12
3555,4555,2024-04-03,29.0,F,Basic,Abbigliamento,Giacca,18,3,54,Cash,Napoli,1,DHL,2,9
3556,4556,2024-02-22,18.0,M,Basic,Libri,Manuale,26,2,52,CreditCard,Bologna,1,Poste,5,9
3557,4557,2024-03-21,29.0,M,Basic,Elettronica,Cuffie,730,4,2920,Cash,Napoli,1,BRT,2,12
3558,4558,2024-03-02,24.0,F,Silver,Casa,Tappeto,13,1,13,CreditCard,Roma,1,Poste,4,3
3559,4559,2024-10-16,18.0,F,Basic,Elettronica,Smartwatch,767,3,2301,PayPal,Torino,0,BRT,4,3
3560,4560,2024-08-12,43.0,F,Silver,Abbigliamento,Scarpe,85,3,255,Cash,Napoli,0,Poste,2,10
3561,4561,2024-12-15,31.0,F,Basic,Casa,Tappeto,43,2,86,CreditCard,Milano,1,BRT,5,6
3562,4562,2024-02-09,,F,Basic,Libri,Fumetto,15,2,30,Cash,Roma,1,BRT,1,0
3563,4563,2024-12-01,26.0,F,Basic,Libri,Manuale,23,2,46,BankTransfer,Napoli,0,GLS,4,1
3564,4564,2024-01-05,69.0,F,Gold,Sport,Manubri,39,1,39,Cash,Roma,0,GLS,3,8
3565,4565,2024-09-03,75.0,M,Basic,Abbigliamento,Maglione,111,1,111,PayPal,Torino,1,GLS,4,6
3566,4566,2024-02-26,,M,Silver,Casa,Cuscino,140,2,280,CreditCard,Bologna,0,GLS,3,1
3567,4567,2024-03-12,36.0,F,Gold,Abbigliamento,Giacca,38,3,114,PayPal,Bologna,1,Poste,4,5
3568,4568,2024-08-22,48.0,M,Basic,Elettronica,Smartphone,770,4,3080,Cash,Torino,1,GLS,4,15
3569,4569,2024-06-02,18.0,M,Silver,Abbigliamento,Jeans,129,5,645,CreditCard,Bologna,1,GLS,3,13
3570,4570,2024-01-08,,F,Basic,Casa,Pentola,78,2,156,Cash,Roma,0,Poste,7,6
3571,4571,2024-12-07,31.0,M,Silver,Casa,Coperta,119,3,357,PayPal,Napoli,1,Poste,8,2
3572,4572,2024-08-13,63.0,F,Gold,Libri,Fumetto,28,4,112,CreditCard,Milano,0,DHL,3,12
3573,4573,2024-09-09,,M,Gold,Abbigliamento,Maglione,86,2,172,CreditCard,Roma,0,BRT,2,9
3574,4574,2024-07-14,52.0,F,Silver,Libri,Enciclopedia,37,2,74,PayPal,Milano,0,DHL,2,4
3575,4575,2024-05-22,37.0,M,Silver,Abbigliamento,Scarpe,121,1,121,Cash,Roma,1,BRT,1,4
3576,4576,2024-12-21,33.0,M,Basic,Libri,Enciclopedia,14,3,42,CreditCard,Milano,0,BRT,4,5
3577,4577,2024-09-10,41.0,F,Gold,Casa,Pentola,60,1,60,PayPal,Torino,0,Poste,3,0
3578,4578,2024-05-13,36.0,M,Silver,Libri,Fumetto,45,4,180,Cash,Milano,0,BRT,4,16
3579,4579,2024-05-14,60.0,F,Basic,Sport,Pallone,125,3,375,Cash,Roma,0,GLS,3,7
3580,4580,2024-12-10,18.0,M,Silver,Abbigliamento,Jeans,22,2,44,CreditCard,Milano,0,GLS,2,10
3581,4581,2024-07-17,40.0,M,Basic,Sport,Tappetino Yoga,154,1,154,CreditCard,Milano,1,DHL,1,0
3582,4582,2024-08-11,,M,Basic,Casa,Tappeto,78,1,78,CreditCard,Milano,0,Poste,1,9
3583,4583,2024-12-19,36.0,M,Gold,Casa,Pentola,29,1,29,PayPal,Torino,1,GLS,5,1
3584,4584,2024-07-07,28.0,F,Basic,Abbigliamento,Scarpe,85,2,170,PayPal,Napoli,0,Poste,6,5
3585,4585,2024-03-19,49.0,M,Basic,Sport,Pallone,86,1,86,CreditCard,Napoli,1,BRT,2,5
3586,4586,2024-12-17,,M,Basic,Elettronica,Cuffie,154,1,154,CreditCard,Milano,0,GLS,4,0
3587,4587,2024-07-19,49.0,M,Silver,Casa,Pentola,130,2,260,PayPal,Napoli,0,Poste,7,1
3588,4588,2024-10-26,18.0,F,Basic,Elettronica,Tablet,720,1,720,CreditCard,Bologna,0,GLS,4,2
3589,4589,2024-04-14,,M,Basic,Sport,Scarpe Running,100,1,100,CreditCard,Napoli,0,GLS,4,8
3590,4590,2024-12-10,49.0,M,Basic,Elettronica,Cuffie,487,3,1461,CreditCard,Napoli,0,BRT,3,10
3591,4591,2024-05-05,39.0,F,Gold,Libri,Guida,43,4,172,PayPal,Milano,0,GLS,2,15
3592,4592,2024-09-22,18.0,M,Basic,Libri,Manuale,30,4,120,Cash,Milano,0,Poste,4,12
3593,4593,2024-11-11,37.0,F,Silver,Elettronica,Laptop,473,1,473,CreditCard,Milano,0,Poste,5,0
3594,4594,2024-07-23,27.0,M,Basic,Libri,Guida,27,5,135,Cash,Napoli,0,BRT,3,14
3595,4595,2024-12-10,56.0,F,Gold,Sport,Manubri,91,2,182,Cash,Torino,0,BRT,1,4
3596,4596,2024-01-05,18.0,M,Basic,Sport,Pallone,158,1,158,CreditCard,Bologna,1,GLS,3,1
3597,4597,2024-09-28,18.0,M,Silver,Elettronica,Cuffie,615,3,1845,Cash,Milano,0,GLS,5,10
3598,4598,2024-06-08,35.0,F,Basic,Abbigliamento,Giacca,57,2,114,PayPal,Napoli,0,DHL,2,7
3599,4599,2024-02-12,37.0,F,Silver,Libri,Enciclopedia,38,3,114,PayPal,Bologna,0,Poste,4,6
3600,4600,2024-03-17,,M,Gold,Sport,Borraccia,64,2,128,BankTransfer,Milano,0,BRT,9,12
3601,4601,2024-09-19,35.0,F,Basic,Abbigliamento,Giacca,196,2,392,PayPal,Bologna,1,GLS,4,8
3602,4602,2024-03-11,,F,Basic,Casa,Cuscino,122,3,366,PayPal,Torino,0,BRT,2,10
3603,4603,2024-06-22,30.0,M,Basic,Sport,Pallone,60,1,60,CreditCard,Milano,0,GLS,3,3
3604,4604,2024-06-11,28.0,M,Basic,Abbigliamento,Giacca,114,2,228,CreditCard,Milano,0,GLS,4,12
3605,4605,2024-10-08,36.0,F,Basic,Casa,Tappeto,94,1,94,Cash,Napoli,0,GLS,2,2
3606,4606,2024-07-25,53.0,F,Gold,Abbigliamento,Scarpe,118,2,236,CreditCard,Roma,0,GLS,2,13
3607,4607,2024-01-10,,F,Basic,Casa,Coperta,32,1,32,CreditCard,Napoli,0,GLS,5,8
3608,4608,2024-11-05,53.0,F,Gold,Abbigliamento,Giacca,81,1,81,Cash,Bologna,1,BRT,2,1
3609,4609,2024-03-20,39.0,F,Gold,Casa,Cuscino,84,3,252,CreditCard,Napoli,0,BRT,2,5
3610,4610,2024-02-07,20.0,M,Silver,Libri,Romanzo,14,2,28,CreditCard,Torino,0,GLS,3,4
3611,4611,2024-11-09,52.0,M,Silver,Libri,Romanzo,33,2,66,BankTransfer,Napoli,0,GLS,3,8
3612,4612,2024-07-18,60.0,F,Basic,Casa,Lampada,118,1,118,PayPal,Bologna,0,DHL,3,0
3613,4613,2024-07-01,35.0,M,Silver,Casa,Tappeto,24,1,24,Cash,Roma,0,BRT,4,6
3614,4614,2024-02-22,35.0,F,Basic,Casa,Cuscino,60,1,60,BankTransfer,Torino,1,DHL,2,4
3615,4615,2024-11-11,57.0,F,Gold,Elettronica,Smartphone,373,2,746,CreditCard,Milano,0,BRT,2,11
3616,4616,2024-09-15,41.0,F,Basic,Libri,Romanzo,47,4,188,CreditCard,Milano,0,Poste,2,11
3617,4617,2024-02-08,72.0,F,Silver,Elettronica,Cuffie,347,1,347,BankTransfer,Torino,0,GLS,3,2
3618,4618,2024-09-25,37.0,F,Silver,Elettronica,Tablet,162,2,324,CreditCard,Roma,1,DHL,2,5
3619,4619,2024-12-07,,F,Basic,Abbigliamento,Scarpe,59,1,59,CreditCard,Torino,1,BRT,3,6
3620,4620,2024-10-19,54.0,F,Silver,Abbigliamento,Maglione,192,1,192,CreditCard,Torino,1,BRT,6,2
3621,4621,2024-04-24,43.0,M,Gold,Sport,Pallone,39,1,39,CreditCard,Bologna,0,GLS,5,0
3622,4622,2024-06-14,34.0,M,Basic,Sport,Scarpe Running,165,1,165,PayPal,Roma,0,Poste,2,0
3623,4623,2024-07-16,,F,Basic,Abbigliamento,Scarpe,102,2,204,Cash,Bologna,0,Poste,5,6
3624,4624,2024-11-12,51.0,M,Silver,Libri,Guida,34,2,68,Cash,Napoli,1,DHL,2,4
3625,4625,2024-03-13,,F,Gold,Sport,Manubri,95,2,190,Cash,Napoli,1,Poste,3,2
3626,4626,2024-08-31,42.0,M,Basic,Elettronica,Cuffie,109,3,327,Cash,Napoli,0,DHL,2,16
3627,4627,2024-05-22,61.0,M,Basic,Abbigliamento,Scarpe,188,1,188,CreditCard,Torino,1,BRT,5,6
3628,4628,2024-07-03,22.0,M,Basic,Abbigliamento,Scarpe,163,1,163,PayPal,Milano,1,GLS,4,0
3629,4629,2024-02-04,,M,Basic,Libri,Manuale,27,2,54,Cash,Milano,1,BRT,2,1
3630,4630,2024-07-11,34.0,M,Silver,Libri,Fumetto,48,2,96,PayPal,Roma,0,Poste,2,11
3631,4631,2024-04-21,46.0,F,Basic,Sport,Pallone,76,1,76,CreditCard,Bologna,0,GLS,2,10
3632,4632,2024-08-22,45.0,F,Basic,Abbigliamento,Maglione,69,1,69,BankTransfer,Torino,0,GLS,4,2
3633,4633,2024-03-23,36.0,F,Gold,Libri,Fumetto,46,2,92,Cash,Torino,0,BRT,2,9
3634,4634,2024-01-28,18.0,M,Basic,Casa,Coperta,146,3,438,BankTransfer,Bologna,0,DHL,1,6
3635,4635,2024-07-25,,F,Basic,Libri,Guida,41,2,82,CreditCard,Napoli,0,GLS,4,8
3636,4636,2024-07-14,60.0,M,Gold,Casa,Lampada,120,1,120,PayPal,Torino,0,BRT,2,0
3637,4637,2024-07-23,18.0,M,Basic,Sport,Tappetino Yoga,128,1,128,Cash,Milano,1,BRT,1,2
3638,4638,2024-04-27,30.0,M,Silver,Casa,Lampada,71,1,71,BankTransfer,Roma,0,GLS,5,0
3639,4639,2024-12-05,46.0,M,Silver,Elettronica,Tablet,660,1,660,BankTransfer,Milano,0,GLS,3,1
3640,4640,2024-01-25,,M,Basic,Sport,Borraccia,70,1,70,CreditCard,Bologna,1,Poste,7,2
3641,4641,2024-03-29,23.0,F,Basic,Sport,Manubri,39,1,39,PayPal,Milano,1,BRT,4,0
3642,4642,2024-06-12,23.0,M,Silver,Libri,Manuale,20,1,20,PayPal,Napoli,0,BRT,6,3
3643,4643,2024-04-17,26.0,M,Basic,Sport,Tappetino Yoga,144,1,144,PayPal,Torino,1,GLS,4,6
3644,4644,2024-11-20,43.0,M,Silver,Abbigliamento,Maglione,20,2,40,BankTransfer,Milano,0,BRT,3,10
3645,4645,2024-04-21,68.0,M,Gold,Sport,Borraccia,32,1,32,PayPal,Torino,0,GLS,2,0
3646,4646,2024-05-19,46.0,M,Basic,Elettronica,Cuffie,601,2,1202,CreditCard,Milano,1,Poste,1,11
3647,4647,2024-07-22,26.0,F,Basic,Elettronica,Smartwatch,723,1,723,CreditCard,Bologna,0,GLS,4,3
3648,4648,2024-07-07,30.0,M,Basic,Sport,Tappetino Yoga,45,2,90,Cash,Napoli,1,BRT,4,6
3649,4649,2024-07-07,22.0,M,Silver,Elettronica,Tablet,243,1,243,BankTransfer,Napoli,0,DHL,2,0
3650,4650,2024-07-04,27.0,F,Basic,Libri,Fumetto,25,2,50,PayPal,Milano,0,DHL,2,7
3651,4651,2024-05-22,28.0,M,Basic,Libri,Guida,50,1,50,PayPal,Roma,0,BRT,4,5
3652,4652,2024-05-04,59.0,F,Basic,Casa,Lampada,123,1,123,BankTransfer,Torino,1,Poste,2,0
3653,4653,2024-11-25,48.0,F,Silver,Sport,Manubri,65,5,325,Cash,Roma,0,BRT,4,13
3654,4654,2024-01-27,,M,Gold,Sport,Tappetino Yoga,68,1,68,CreditCard,Napoli,0,Poste,8,1
3655,4655,2024-01-15,50.0,M,Silver,Abbigliamento,Jeans,163,1,163,BankTransfer,Roma,0,BRT,3,2
3656,4656,2024-12-15,,M,Basic,Sport,Borraccia,154,3,462,CreditCard,Torino,0,Poste,8,7
3657,4657,2024-08-01,35.0,F,Basic,Elettronica,Tablet,231,5,1155,CreditCard,Milano,0,BRT,3,15
3658,4658,2024-03-27,58.0,F,Gold,Casa,Coperta,62,4,248,PayPal,Roma,1,GLS,4,9
3659,4659,2024-09-03,43.0,F,Basic,Libri,Enciclopedia,32,1,32,Cash,Torino,1,GLS,3,3
3660,4660,2024-04-15,,F,Basic,Casa,Tappeto,87,2,174,CreditCard,Napoli,1,Poste,1,4
3661,4661,2024-10-21,33.0,M,Basic,Abbigliamento,Scarpe,41,3,123,BankTransfer,Roma,1,GLS,4,11
3662,4662,2024-04-07,,M,Basic,Libri,Romanzo,19,1,19,PayPal,Torino,1,GLS,3,3
3663,4663,2024-11-02,,M,Basic,Libri,Enciclopedia,21,2,42,PayPal,Roma,0,BRT,4,10
3664,4664,2024-09-07,34.0,F,Basic,Casa,Coperta,116,1,116,PayPal,Roma,1,GLS,4,12
3665,4665,2024-06-20,45.0,M,Silver,Libri,Guida,47,2,94,CreditCard,Roma,0,GLS,3,1
3666,4666,2024-02-24,36.0,F,Basic,Elettronica,Cuffie,490,2,980,Cash,Roma,0,GLS,3,4
3667,4667,2024-05-04,34.0,M,Basic,Elettronica,Cuffie,715,2,1430,CreditCard,Torino,0,GLS,3,9
3668,4668,2024-09-03,49.0,F,Basic,Abbigliamento,Scarpe,180,4,720,PayPal,Bologna,0,DHL,3,15
3669,4669,2024-11-03,35.0,M,Silver,Libri,Romanzo,14,5,70,Cash,Milano,0,BRT,3,18
3670,4670,2024-07-03,32.0,M,Basic,Libri,Guida,14,4,56,CreditCard,Roma,0,GLS,4,17
3671,4671,2024-07-28,30.0,M,Basic,Abbigliamento,Maglione,143,1,143,PayPal,Napoli,1,BRT,4,4
3672,4672,2024-04-10,18.0,F,Basic,Elettronica,Laptop,582,2,1164,CreditCard,Milano,1,BRT,3,2
3673,4673,2024-04-04,,F,Basic,Casa,Pentola,52,2,104,PayPal,Bologna,1,BRT,1,12
3674,4674,2024-09-25,28.0,F,Basic,Elettronica,Smartwatch,482,1,482,BankTransfer,Milano,0,DHL,2,4
3675,4675,2024-06-11,,M,Silver,Sport,Pallone,140,1,140,PayPal,Milano,0,DHL,3,3
3676,4676,2024-10-21,39.0,F,Gold,Casa,Tappeto,62,2,124,BankTransfer,Torino,1,BRT,2,2
3677,4677,2024-12-24,28.0,M,Gold,Abbigliamento,T-shirt,167,1,167,PayPal,Napoli,0,Poste,2,6
3678,4678,2024-11-02,18.0,M,Basic,Elettronica,Laptop,64,1,64,PayPal,Bologna,1,BRT,4,5
3679,4679,2024-01-27,45.0,M,Silver,Libri,Manuale,32,1,32,BankTransfer,Bologna,1,GLS,3,4
3680,4680,2024-04-22,46.0,F,Silver,Libri,Manuale,9,2,18,CreditCard,Milano,0,GLS,4,2
3681,4681,2024-10-19,34.0,F,Silver,Casa,Lampada,93,1,93,Cash,Torino,0,Poste,6,8
3682,4682,2024-01-28,30.0,F,Gold,Elettronica,Smartwatch,68,1,68,BankTransfer,Torino,0,GLS,4,1
3683,4683,2024-10-16,26.0,M,Basic,Abbigliamento,Scarpe,67,5,335,PayPal,Torino,1,Poste,5,17
3684,4684,2024-09-24,,M,Gold,Libri,Guida,47,1,47,BankTransfer,Torino,0,Poste,9,8
3685,4685,2024-08-09,34.0,M,Basic,Libri,Guida,27,3,81,PayPal,Milano,1,DHL,2,7
3686,4686,2024-02-26,37.0,F,Basic,Casa,Cuscino,96,2,192,BankTransfer,Napoli,0,Poste,6,5
3687,4687,2024-10-14,40.0,M,Silver,Abbigliamento,Maglione,179,1,179,Cash,Napoli,0,Poste,2,6
3688,4688,2024-08-23,,F,Gold,Abbigliamento,Maglione,132,1,132,Cash,Milano,0,GLS,3,7
3689,4689,2024-12-09,74.0,M,Silver,Elettronica,Cuffie,515,4,2060,PayPal,Milano,0,GLS,5,17
3690,4690,2024-06-17,38.0,M,Basic,Sport,Manubri,48,2,96,PayPal,Milano,0,BRT,6,1
3691,4691,2024-11-10,22.0,M,Gold,Sport,Scarpe Running,23,1,23,BankTransfer,Torino,0,Poste,1,6
3692,4692,2024-02-15,43.0,M,Silver,Abbigliamento,Scarpe,68,4,272,CreditCard,Milano,1,BRT,5,14
3693,4693,2024-03-14,54.0,F,Basic,Casa,Coperta,42,2,84,BankTransfer,Milano,0,BRT,2,0
3694,4694,2024-05-16,23.0,M,Basic,Abbigliamento,Giacca,90,1,90,PayPal,Bologna,1,GLS,3,0
3695,4695,2024-09-03,63.0,M,Basic,Abbigliamento,Giacca,120,3,360,CreditCard,Torino,0,GLS,4,9
3696,4696,2024-04-19,42.0,M,Basic,Elettronica,Tablet,708,3,2124,PayPal,Bologna,0,DHL,3,11
3697,4697,2024-08-24,35.0,M,Silver,Casa,Pentola,131,1,131,CreditCard,Roma,1,GLS,3,10
3698,4698,2024-06-13,51.0,F,Gold,Abbigliamento,Scarpe,38,1,38,CreditCard,Milano,0,GLS,1,6
3699,4699,2024-01-16,18.0,M,Basic,Casa,Cuscino,79,1,79,PayPal,Bologna,1,DHL,2,7
3700,4700,2024-02-06,60.0,M,Gold,Sport,Pallone,44,3,132,BankTransfer,Napoli,0,DHL,2,9
3701,4701,2024-07-19,29.0,M,Basic,Libri,Manuale,45,2,90,Cash,Roma,0,GLS,3,8
3702,4702,2024-08-27,25.0,F,Basic,Elettronica,Cuffie,296,2,592,BankTransfer,Torino,1,BRT,3,11
3703,4703,2024-12-30,30.0,M,Silver,Sport,Tappetino Yoga,22,1,22,PayPal,Milano,0,GLS,5,2
3704,4704,2024-07-28,38.0,M,Basic,Libri,Manuale,47,2,94,CreditCard,Bologna,0,DHL,3,4
3705,4705,2024-07-13,24.0,M,Basic,Elettronica,Tablet,376,2,752,PayPal,Bologna,0,Poste,3,6
3706,4706,2024-05-16,18.0,F,Silver,Sport,Borraccia,160,2,320,BankTransfer,Roma,1,BRT,3,4
3707,4707,2024-08-30,40.0,M,Silver,Libri,Enciclopedia,34,4,136,CreditCard,Milano,0,GLS,3,7
3708,4708,2024-10-31,51.0,M,Gold,Sport,Pallone,124,5,620,BankTransfer,Napoli,1,Poste,5,9
3709,4709,2024-09-05,35.0,F,Basic,Sport,Pallone,112,4,448,PayPal,Milano,1,GLS,3,17
3710,4710,2024-07-26,44.0,M,Basic,Sport,Pallone,33,1,33,PayPal,Bologna,0,GLS,4,0
3711,4711,2024-07-16,,M,Basic,Libri,Manuale,45,1,45,CreditCard,Napoli,1,DHL,3,0
3712,4712,2024-11-14,24.0,F,Basic,Abbigliamento,Scarpe,177,2,354,BankTransfer,Milano,0,BRT,3,4
3713,4713,2024-10-15,64.0,F,Silver,Libri,Guida,19,2,38,PayPal,Torino,1,Poste,3,3
3714,4714,2024-12-11,26.0,F,Silver,Sport,Borraccia,105,1,105,Cash,Torino,0,DHL,2,0
3715,4715,2024-01-11,39.0,M,Basic,Abbigliamento,Jeans,161,3,483,Cash,Bologna,1,GLS,2,11
3716,4716,2024-05-11,65.0,F,Gold,Libri,Enciclopedia,27,2,54,PayPal,Torino,0,GLS,3,7
3717,4717,2024-07-17,,F,Gold,Abbigliamento,T-shirt,23,4,92,BankTransfer,Roma,0,BRT,4,14
3718,4718,2024-11-16,38.0,M,Basic,Libri,Fumetto,42,4,168,BankTransfer,Roma,0,GLS,3,16
3719,4719,2024-06-08,21.0,F,Basic,Sport,Borraccia,128,1,128,PayPal,Milano,0,Poste,3,6
3720,4720,2024-04-26,21.0,M,Silver,Elettronica,Smartphone,659,2,1318,BankTransfer,Bologna,0,Poste,8,3
3721,4721,2024-11-13,,F,Silver,Sport,Manubri,82,1,82,BankTransfer,Napoli,1,GLS,3,6
3722,4722,2024-07-15,31.0,M,Silver,Elettronica,Smartwatch,771,1,771,Cash,Torino,1,GLS,3,1
3723,4723,2024-05-06,,M,Silver,Libri,Enciclopedia,30,4,120,Cash,Roma,1,Poste,4,19
3724,4724,2024-03-01,30.0,F,Basic,Abbigliamento,Scarpe,195,4,780,CreditCard,Bologna,0,BRT,3,9
3725,4725,2024-01-03,21.0,F,Basic,Abbigliamento,Scarpe,43,2,86,CreditCard,Napoli,1,GLS,5,6
3726,4726,2024-09-08,,M,Basic,Libri,Guida,31,1,31,PayPal,Torino,0,DHL,2,0
3727,4727,2024-01-23,40.0,M,Basic,Libri,Enciclopedia,29,2,58,CreditCard,Milano,1,BRT,5,6
3728,4728,2024-07-09,40.0,M,Silver,Sport,Pallone,40,1,40,CreditCard,Milano,0,Poste,1,7
3729,4729,2024-12-11,,M,Basic,Libri,Guida,25,1,25,BankTransfer,Milano,0,GLS,3,11
3730,4730,2024-12-20,53.0,M,Gold,Casa,Cuscino,51,4,204,BankTransfer,Torino,1,BRT,3,7
3731,4731,2024-08-16,,F,Gold,Abbigliamento,Giacca,173,1,173,CreditCard,Roma,0,GLS,4,4
3732,4732,2024-01-31,,M,Silver,Libri,Manuale,33,2,66,Cash,Roma,0,Poste,5,7
3733,4733,2024-06-07,35.0,M,Basic,Libri,Romanzo,29,3,87,BankTransfer,Milano,0,GLS,4,9
3734,4734,2024-09-28,37.0,M,Basic,Libri,Guida,27,1,27,BankTransfer,Milano,0,Poste,6,6
3735,4735,2024-10-11,26.0,F,Basic,Libri,Enciclopedia,42,1,42,CreditCard,Torino,1,GLS,4,1
3736,4736,2024-02-11,20.0,M,Basic,Elettronica,Smartphone,790,1,790,CreditCard,Roma,0,BRT,2,0
3737,4737,2024-12-27,44.0,M,Silver,Sport,Borraccia,179,1,179,CreditCard,Torino,0,BRT,4,1
3738,4738,2024-09-02,35.0,F,Silver,Abbigliamento,Maglione,97,4,388,CreditCard,Milano,0,DHL,3,17
3739,4739,2024-05-09,,M,Basic,Sport,Scarpe Running,162,5,810,PayPal,Torino,1,GLS,4,13
3740,4740,2024-04-08,56.0,M,Gold,Sport,Scarpe Running,110,2,220,BankTransfer,Milano,0,Poste,5,10
3741,4741,2024-12-02,28.0,M,Silver,Libri,Guida,29,5,145,Cash,Bologna,1,GLS,4,18
3742,4742,2024-06-10,67.0,F,Silver,Libri,Guida,48,1,48,CreditCard,Roma,0,GLS,3,0
3743,4743,2024-01-07,31.0,M,Silver,Casa,Cuscino,76,2,152,BankTransfer,Torino,0,DHL,2,2
3744,4744,2024-01-06,50.0,M,Basic,Casa,Coperta,123,1,123,CreditCard,Napoli,0,BRT,1,4
3745,4745,2024-03-22,21.0,M,Basic,Elettronica,Smartwatch,718,2,1436,CreditCard,Roma,0,GLS,2,8
3746,4746,2024-12-14,42.0,F,Basic,Libri,Fumetto,42,2,84,CreditCard,Torino,0,BRT,1,11
3747,4747,2024-11-19,27.0,M,Basic,Elettronica,Smartwatch,158,2,316,PayPal,Milano,0,DHL,3,7
3748,4748,2024-02-18,,M,Basic,Abbigliamento,Jeans,44,2,88,CreditCard,Napoli,0,DHL,2,12
3749,4749,2024-07-15,19.0,F,Basic,Casa,Pentola,11,2,22,PayPal,Napoli,0,GLS,3,4
3750,4750,2024-11-18,38.0,M,Silver,Abbigliamento,Maglione,161,2,322,Cash,Milano,1,BRT,3,6
3751,4751,2024-09-23,49.0,M,Basic,Sport,Tappetino Yoga,93,1,93,Cash,Milano,0,GLS,4,6
3752,4752,2024-10-22,35.0,F,Basic,Casa,Tappeto,67,1,67,PayPal,Torino,0,DHL,2,4
3753,4753,2024-02-20,34.0,F,Basic,Abbigliamento,Maglione,116,3,348,BankTransfer,Bologna,1,GLS,4,11
3754,4754,2024-04-23,32.0,F,Gold,Libri,Manuale,36,2,72,CreditCard,Roma,0,Poste,4,2
3755,4755,2024-05-21,48.0,M,Silver,Abbigliamento,Jeans,149,1,149,BankTransfer,Milano,1,Poste,3,4
3756,4756,2024-11-01,,F,Silver,Libri,Fumetto,19,3,57,BankTransfer,Milano,0,BRT,5,9
3757,4757,2024-05-02,18.0,M,Silver,Sport,Borraccia,63,3,189,BankTransfer,Milano,0,GLS,3,11
3758,4758,2024-12-18,30.0,F,Basic,Elettronica,Cuffie,712,2,1424,CreditCard,Roma,0,BRT,2,3
3759,4759,2024-03-01,51.0,F,Silver,Elettronica,Laptop,775,2,1550,CreditCard,Milano,0,BRT,4,11
3760,4760,2024-12-27,61.0,F,Gold,Abbigliamento,Giacca,142,1,142,BankTransfer,Roma,0,BRT,4,5
3761,4761,2024-09-03,47.0,M,Basic,Elettronica,Cuffie,419,1,419,PayPal,Bologna,1,DHL,4,0
3762,4762,2024-03-13,36.0,F,Silver,Abbigliamento,Maglione,38,3,114,CreditCard,Napoli,1,Poste,3,12
3763,4763,2024-02-04,,F,Basic,Casa,Lampada,46,1,46,CreditCard,Milano,0,DHL,1,3
3764,4764,2024-08-29,41.0,F,Basic,Abbigliamento,Giacca,131,2,262,CreditCard,Roma,1,BRT,3,9
3765,4765,2024-04-23,,F,Silver,Abbigliamento,Giacca,30,1,30,BankTransfer,Napoli,0,BRT,1,7
3766,4766,2024-03-14,45.0,M,Silver,Elettronica,Cuffie,311,1,311,CreditCard,Milano,0,BRT,6,0
3767,4767,2024-04-13,61.0,M,Basic,Casa,Lampada,13,2,26,Cash,Torino,0,GLS,4,5
3768,4768,2024-08-22,43.0,F,Basic,Casa,Cuscino,53,2,106,Cash,Torino,0,Poste,6,3
3769,4769,2024-03-06,32.0,F,Basic,Libri,Fumetto,40,1,40,CreditCard,Roma,0,GLS,4,8
3770,4770,2024-04-21,53.0,F,Gold,Elettronica,Smartphone,491,1,491,PayPal,Roma,0,GLS,3,4
3771,4771,2024-12-21,26.0,F,Silver,Elettronica,Tablet,380,1,380,Cash,Torino,0,DHL,2,5
3772,4772,2024-05-13,34.0,F,Silver,Casa,Tappeto,94,2,188,CreditCard,Torino,1,GLS,3,8
3773,4773,2024-12-21,,F,Gold,Sport,Tappetino Yoga,67,1,67,PayPal,Roma,0,DHL,3,1
3774,4774,2024-12-06,,F,Basic,Sport,Borraccia,118,1,118,CreditCard,Milano,1,DHL,2,3
3775,4775,2024-10-05,47.0,M,Silver,Casa,Lampada,105,2,210,CreditCard,Roma,0,GLS,2,7
3776,4776,2024-04-17,18.0,M,Basic,Sport,Scarpe Running,102,2,204,CreditCard,Milano,0,Poste,6,5
3777,4777,2024-04-17,75.0,F,Gold,Sport,Tappetino Yoga,82,2,164,Cash,Napoli,0,Poste,6,4
3778,4778,2024-05-29,24.0,F,Silver,Casa,Coperta,85,2,170,BankTransfer,Roma,0,BRT,1,4
3779,4779,2024-01-01,19.0,M,Basic,Elettronica,Tablet,149,1,149,BankTransfer,Bologna,1,GLS,3,0
3780,4780,2024-12-22,33.0,M,Silver,Casa,Cuscino,49,2,98,BankTransfer,Roma,0,BRT,1,3
3781,4781,2024-03-12,,M,Basic,Casa,Tappeto,121,1,121,CreditCard,Torino,0,DHL,2,3
3782,4782,2024-06-09,31.0,M,Silver,Elettronica,Smartphone,506,2,1012,CreditCard,Bologna,0,GLS,3,0
3783,4783,2024-10-05,,F,Basic,Casa,Coperta,21,2,42,Cash,Roma,0,GLS,4,8
3784,4784,2024-07-18,25.0,F,Silver,Casa,Coperta,109,1,109,BankTransfer,Bologna,0,BRT,4,6
3785,4785,2024-09-24,49.0,M,Basic,Elettronica,Smartphone,570,2,1140,PayPal,Roma,0,DHL,3,2
3786,4786,2024-12-20,40.0,M,Basic,Elettronica,Smartphone,476,1,476,Cash,Milano,1,GLS,3,2
3787,4787,2024-03-29,66.0,F,Gold,Casa,Tappeto,133,1,133,CreditCard,Napoli,0,BRT,3,5
3788,4788,2024-12-01,44.0,F,Basic,Elettronica,Cuffie,517,5,2585,CreditCard,Bologna,0,GLS,3,10
3789,4789,2024-08-17,37.0,F,Basic,Elettronica,Tablet,277,1,277,BankTransfer,Roma,0,GLS,4,13
3790,4790,2024-06-03,40.0,F,Gold,Casa,Cuscino,24,3,72,BankTransfer,Roma,0,GLS,3,11
3791,4791,2024-06-27,46.0,M,Basic,Libri,Enciclopedia,8,3,24,PayPal,Torino,0,GLS,4,11
3792,4792,2024-06-06,,F,Basic,Sport,Pallone,43,2,86,PayPal,Roma,0,BRT,4,12
3793,4793,2024-01-17,23.0,M,Silver,Libri,Fumetto,48,1,48,CreditCard,Milano,0,BRT,2,7
3794,4794,2024-04-04,51.0,M,Basic,Abbigliamento,T-shirt,44,3,132,BankTransfer,Roma,0,BRT,2,12
3795,4795,2024-04-27,39.0,F,Basic,Casa,Tappeto,14,3,42,Cash,Bologna,1,GLS,4,12
3796,4796,2024-11-20,18.0,M,Silver,Elettronica,Laptop,345,1,345,PayPal,Napoli,0,Poste,3,7
3797,4797,2024-05-19,24.0,M,Basic,Elettronica,Laptop,659,3,1977,PayPal,Roma,0,BRT,2,7
3798,4798,2024-07-14,40.0,F,Basic,Sport,Tappetino Yoga,72,3,216,CreditCard,Roma,0,GLS,3,9
3799,4799,2024-08-03,56.0,F,Basic,Elettronica,Smartwatch,651,5,3255,Cash,Milano,0,Poste,2,13
3800,4800,2024-12-31,41.0,F,Silver,Casa,Tappeto,30,1,30,PayPal,Milano,0,BRT,4,2
3801,4801,2024-08-24,38.0,M,Basic,Casa,Tappeto,144,1,144,PayPal,Milano,0,Poste,5,4
3802,4802,2024-07-07,31.0,M,Basic,Abbigliamento,T-shirt,119,2,238,BankTransfer,Bologna,1,BRT,2,0
3803,4803,2024-03-27,27.0,F,Silver,Libri,Fumetto,39,2,78,CreditCard,Roma,0,Poste,4,7
3804,4804,2024-05-13,,M,Basic,Sport,Borraccia,142,3,426,Cash,Milano,1,GLS,4,11
3805,4805,2024-02-29,45.0,M,Silver,Sport,Scarpe Running,57,3,171,CreditCard,Milano,1,GLS,4,10
3806,4806,2024-03-22,,F,Basic,Casa,Lampada,66,1,66,BankTransfer,Napoli,0,BRT,5,0
3807,4807,2024-05-09,41.0,M,Gold,Elettronica,Tablet,436,1,436,CreditCard,Roma,0,DHL,3,3
3808,4808,2024-09-01,33.0,F,Silver,Elettronica,Cuffie,224,1,224,PayPal,Milano,0,GLS,3,8
3809,4809,2024-05-26,40.0,M,Gold,Libri,Fumetto,48,4,192,PayPal,Roma,0,GLS,3,17
3810,4810,2024-01-19,53.0,M,Basic,Abbigliamento,Scarpe,75,1,75,BankTransfer,Roma,0,DHL,2,3
3811,4811,2024-08-29,,M,Silver,Libri,Romanzo,26,1,26,CreditCard,Bologna,1,BRT,6,0
3812,4812,2024-08-23,37.0,M,Basic,Abbigliamento,Giacca,16,3,48,Cash,Roma,0,DHL,2,9
3813,4813,2024-11-26,23.0,M,Silver,Libri,Enciclopedia,47,4,188,CreditCard,Milano,1,BRT,4,7
3814,4814,2024-04-07,47.0,F,Silver,Elettronica,Smartwatch,227,1,227,PayPal,Napoli,0,DHL,1,4
3815,4815,2024-12-23,40.0,M,Basic,Libri,Romanzo,9,3,27,PayPal,Torino,1,BRT,1,6
3816,4816,2024-05-23,23.0,M,Basic,Elettronica,Smartphone,744,2,1488,BankTransfer,Milano,0,DHL,2,7
3817,4817,2024-07-31,53.0,F,Gold,Elettronica,Laptop,251,2,502,BankTransfer,Torino,0,BRT,1,2
3818,4818,2024-04-02,51.0,M,Gold,Libri,Manuale,29,1,29,CreditCard,Napoli,1,GLS,4,4
3819,4819,2024-09-19,28.0,M,Silver,Elettronica,Tablet,152,3,456,BankTransfer,Roma,1,Poste,7,9
3820,4820,2024-07-04,75.0,F,Silver,Sport,Borraccia,144,1,144,CreditCard,Milano,1,BRT,1,0
3821,4821,2024-10-22,18.0,M,Silver,Casa,Lampada,120,1,120,CreditCard,Milano,0,BRT,2,8
3822,4822,2024-11-01,48.0,F,Silver,Libri,Guida,21,4,84,BankTransfer,Milano,0,GLS,4,9
3823,4823,2024-07-21,31.0,M,Silver,Sport,Scarpe Running,140,1,140,CreditCard,Milano,1,GLS,3,7
3824,4824,2024-07-10,41.0,F,Gold,Elettronica,Cuffie,149,1,149,CreditCard,Torino,0,BRT,2,0
3825,4825,2024-04-27,22.0,F,Basic,Sport,Scarpe Running,75,2,150,PayPal,Torino,1,BRT,2,0
3826,4826,2024-05-13,34.0,M,Basic,Libri,Fumetto,13,3,39,PayPal,Roma,0,GLS,4,8
3827,4827,2024-06-23,29.0,M,Silver,Libri,Enciclopedia,35,1,35,CreditCard,Roma,0,GLS,4,6
3828,4828,2024-04-09,45.0,M,Silver,Abbigliamento,Scarpe,48,2,96,CreditCard,Roma,0,Poste,3,3
3829,4829,2024-06-05,45.0,F,Basic,Casa,Tappeto,143,2,286,CreditCard,Torino,1,BRT,1,8
3830,4830,2024-04-07,49.0,M,Basic,Elettronica,Laptop,787,1,787,BankTransfer,Roma,0,GLS,3,0
3831,4831,2024-02-26,44.0,M,Gold,Abbigliamento,Jeans,77,2,154,Cash,Napoli,1,Poste,6,8
3832,4832,2024-01-03,37.0,M,Basic,Elettronica,Tablet,149,4,596,CreditCard,Roma,1,GLS,5,17
3833,4833,2024-09-22,37.0,F,Basic,Sport,Pallone,57,2,114,Cash,Napoli,0,Poste,6,8
3834,4834,2024-07-26,66.0,M,Basic,Elettronica,Tablet,236,3,708,CreditCard,Napoli,1,BRT,4,4
3835,4835,2024-11-10,,M,Gold,Abbigliamento,Maglione,145,2,290,PayPal,Napoli,1,GLS,3,5
3836,4836,2024-09-26,37.0,M,Silver,Abbigliamento,Jeans,182,3,546,CreditCard,Roma,1,BRT,2,9
3837,4837,2024-10-03,61.0,F,Basic,Libri,Manuale,30,2,60,BankTransfer,Bologna,1,GLS,3,2
3838,4838,2024-06-04,45.0,M,Gold,Casa,Lampada,111,3,333,PayPal,Milano,0,GLS,2,1
3839,4839,2024-03-19,37.0,F,Basic,Elettronica,Smartwatch,251,2,502,CreditCard,Milano,0,BRT,4,5
3840,4840,2024-07-27,23.0,M,Basic,Sport,Manubri,65,3,195,PayPal,Milano,1,BRT,4,8
3841,4841,2024-09-19,,M,Silver,Abbigliamento,Maglione,102,1,102,BankTransfer,Torino,0,BRT,3,2
3842,4842,2024-04-04,,M,Basic,Casa,Lampada,106,4,424,PayPal,Milano,0,BRT,3,17
3843,4843,2024-09-10,28.0,M,Gold,Abbigliamento,Scarpe,119,4,476,CreditCard,Roma,1,Poste,5,16
3844,4844,2024-02-26,23.0,F,Silver,Casa,Pentola,122,1,122,CreditCard,Torino,0,BRT,2,8
3845,4845,2024-09-11,18.0,M,Basic,Casa,Cuscino,29,2,58,Cash,Roma,0,GLS,3,9
3846,4846,2024-09-02,25.0,M,Silver,Elettronica,Smartphone,231,1,231,CreditCard,Bologna,0,DHL,2,0
3847,4847,2024-11-28,54.0,M,Gold,Elettronica,Smartphone,84,2,168,PayPal,Milano,0,BRT,5,0
3848,4848,2024-01-01,45.0,M,Silver,Libri,Fumetto,28,1,28,CreditCard,Bologna,1,BRT,1,3
3849,4849,2024-06-13,24.0,M,Basic,Libri,Romanzo,22,2,44,CreditCard,Milano,0,GLS,4,11
3850,4850,2024-04-17,18.0,M,Basic,Sport,Borraccia,53,2,106,PayPal,Bologna,0,BRT,4,9
3851,4851,2024-10-28,18.0,F,Silver,Libri,Guida,47,1,47,PayPal,Milano,0,GLS,3,2
3852,4852,2024-10-25,,F,Basic,Libri,Manuale,30,3,90,CreditCard,Milano,0,BRT,1,11
3853,4853,2024-02-15,,F,Silver,Libri,Fumetto,13,1,13,BankTransfer,Torino,1,DHL,3,0
3854,4854,2024-04-01,20.0,F,Silver,Libri,Romanzo,47,2,94,PayPal,Milano,0,DHL,2,8
3855,4855,2024-07-08,43.0,M,Basic,Casa,Cuscino,118,2,236,BankTransfer,Bologna,0,GLS,3,11
3856,4856,2024-09-15,64.0,F,Basic,Elettronica,Laptop,97,2,194,PayPal,Roma,1,GLS,4,9
3857,4857,2024-05-30,18.0,M,Silver,Libri,Fumetto,29,2,58,PayPal,Milano,1,Poste,10,9
3858,4858,2024-11-04,36.0,F,Basic,Libri,Fumetto,40,1,40,CreditCard,Milano,1,GLS,4,1
3859,4859,2024-06-15,23.0,F,Silver,Sport,Pallone,49,1,49,CreditCard,Bologna,0,DHL,3,4
3860,4860,2024-07-14,,M,Basic,Casa,Pentola,106,1,106,Cash,Torino,1,DHL,2,2
3861,4861,2024-05-15,,M,Basic,Abbigliamento,T-shirt,164,2,328,CreditCard,Roma,1,DHL,3,6
3862,4862,2024-08-21,43.0,M,Gold,Libri,Enciclopedia,37,4,148,Cash,Roma,0,GLS,2,11
3863,4863,2024-12-15,41.0,F,Basic,Libri,Romanzo,46,1,46,Cash,Bologna,1,GLS,3,4
3864,4864,2024-04-15,41.0,F,Silver,Libri,Manuale,26,1,26,CreditCard,Roma,0,BRT,3,3
3865,4865,2024-03-10,,F,Basic,Libri,Guida,24,3,72,CreditCard,Torino,1,Poste,3,6
3866,4866,2024-11-19,23.0,F,Silver,Abbigliamento,Maglione,21,1,21,CreditCard,Bologna,0,GLS,4,1
3867,4867,2024-01-05,57.0,F,Basic,Casa,Lampada,41,1,41,PayPal,Roma,1,Poste,10,4
3868,4868,2024-11-29,61.0,M,Silver,Abbigliamento,Maglione,45,2,90,CreditCard,Napoli,1,BRT,3,9
3869,4869,2024-01-09,36.0,M,Basic,Sport,Tappetino Yoga,46,1,46,BankTransfer,Torino,0,DHL,2,6
3870,4870,2024-03-27,,F,Silver,Abbigliamento,Giacca,149,2,298,BankTransfer,Napoli,0,GLS,3,13
3871,4871,2024-11-27,18.0,F,Basic,Libri,Enciclopedia,37,4,148,BankTransfer,Napoli,1,GLS,4,6
3872,4872,2024-01-09,40.0,F,Gold,Libri,Enciclopedia,28,1,28,Cash,Roma,0,GLS,3,6
3873,4873,2024-12-29,18.0,F,Basic,Libri,Manuale,14,3,42,Cash,Roma,0,BRT,2,9
3874,4874,2024-07-04,35.0,M,Silver,Elettronica,Laptop,749,3,2247,CreditCard,Torino,1,GLS,2,7
3875,4875,2024-02-01,18.0,F,Basic,Sport,Pallone,172,2,344,CreditCard,Bologna,0,GLS,4,12
3876,4876,2024-03-05,26.0,M,Basic,Elettronica,Cuffie,330,3,990,CreditCard,Bologna,0,GLS,4,7
3877,4877,2024-05-01,36.0,M,Gold,Elettronica,Smartphone,523,1,523,BankTransfer,Napoli,0,Poste,1,2
3878,4878,2024-08-13,,F,Basic,Sport,Tappetino Yoga,172,5,860,CreditCard,Roma,0,GLS,3,18
3879,4879,2024-08-26,59.0,M,Gold,Sport,Manubri,68,4,272,BankTransfer,Napoli,0,BRT,1,12
3880,4880,2024-06-28,32.0,F,Basic,Abbigliamento,Maglione,107,4,428,PayPal,Milano,1,GLS,4,9
3881,4881,2024-10-14,35.0,M,Basic,Abbigliamento,Maglione,167,4,668,CreditCard,Milano,0,GLS,4,10
3882,4882,2024-12-30,35.0,M,Basic,Casa,Coperta,56,4,224,Cash,Milano,1,BRT,2,18
3883,4883,2024-07-01,31.0,M,Gold,Casa,Tappeto,94,4,376,PayPal,Milano,0,Poste,1,7
3884,4884,2024-12-27,33.0,F,Silver,Elettronica,Cuffie,743,1,743,CreditCard,Roma,0,DHL,3,10
3885,4885,2024-01-23,49.0,F,Basic,Elettronica,Laptop,88,2,176,Cash,Bologna,0,Poste,5,4
3886,4886,2024-11-30,,F,Basic,Casa,Lampada,123,3,369,CreditCard,Bologna,1,Poste,7,16
3887,4887,2024-12-07,62.0,M,Silver,Casa,Coperta,58,2,116,BankTransfer,Napoli,0,GLS,3,8
3888,4888,2024-11-16,,M,Gold,Libri,Enciclopedia,12,2,24,BankTransfer,Torino,0,Poste,4,12
3889,4889,2024-11-02,47.0,F,Silver,Abbigliamento,Jeans,89,1,89,CreditCard,Milano,0,DHL,2,12
3890,4890,2024-06-06,29.0,F,Basic,Abbigliamento,T-shirt,184,4,736,CreditCard,Roma,1,GLS,3,8
3891,4891,2024-06-07,18.0,F,Silver,Libri,Manuale,47,1,47,Cash,Bologna,1,Poste,3,0
3892,4892,2024-04-19,,M,Gold,Sport,Scarpe Running,38,2,76,PayPal,Bologna,0,BRT,2,5
3893,4893,2024-01-09,44.0,M,Basic,Libri,Guida,46,2,92,Cash,Torino,0,Poste,5,3
3894,4894,2024-04-19,62.0,M,Gold,Sport,Borraccia,122,5,610,CreditCard,Torino,0,Poste,6,16
3895,4895,2024-10-20,35.0,F,Silver,Casa,Lampada,22,1,22,BankTransfer,Milano,0,Poste,5,0
3896,4896,2024-06-19,18.0,F,Basic,Elettronica,Smartphone,762,2,1524,BankTransfer,Milano,0,DHL,2,15
3897,4897,2024-04-24,42.0,F,Gold,Abbigliamento,T-shirt,190,2,380,CreditCard,Napoli,1,DHL,1,7
3898,4898,2024-11-29,18.0,F,Silver,Libri,Manuale,43,1,43,PayPal,Napoli,1,BRT,1,6
3899,4899,2024-05-08,21.0,F,Basic,Casa,Pentola,54,1,54,PayPal,Torino,0,GLS,3,13
3900,4900,2024-07-11,,F,Basic,Abbigliamento,Scarpe,59,2,118,PayPal,Roma,1,GLS,3,9
3901,4901,2024-10-15,31.0,M,Basic,Abbigliamento,T-shirt,170,2,340,PayPal,Milano,1,BRT,2,4
3902,4902,2024-04-27,18.0,M,Basic,Libri,Fumetto,10,1,10,CreditCard,Bologna,0,DHL,3,0
3903,4903,2024-09-11,54.0,M,Basic,Sport,Pallone,30,3,90,Cash,Milano,1,DHL,2,10
3904,4904,2024-01-31,43.0,M,Basic,Sport,Tappetino Yoga,159,1,159,PayPal,Napoli,0,BRT,4,0
3905,4905,2024-06-26,24.0,F,Basic,Casa,Tappeto,22,2,44,CreditCard,Milano,0,BRT,3,4
3906,4906,2024-11-08,25.0,F,Silver,Casa,Tappeto,82,3,246,PayPal,Napoli,0,DHL,2,9
3907,4907,2024-01-03,20.0,M,Silver,Casa,Pentola,105,1,105,CreditCard,Milano,0,GLS,5,1
3908,4908,2024-01-11,43.0,F,Silver,Sport,Tappetino Yoga,165,1,165,PayPal,Roma,1,BRT,4,6
3909,4909,2024-10-30,51.0,M,Silver,Sport,Manubri,148,1,148,PayPal,Milano,0,BRT,3,3
3910,4910,2024-02-22,31.0,M,Basic,Abbigliamento,Maglione,130,2,260,CreditCard,Roma,0,DHL,2,5
3911,4911,2024-05-13,53.0,F,Silver,Sport,Tappetino Yoga,152,3,456,BankTransfer,Milano,1,BRT,6,1
3912,4912,2024-06-05,33.0,M,Basic,Casa,Pentola,132,2,264,PayPal,Milano,0,Poste,2,6
3913,4913,2024-09-23,42.0,F,Gold,Casa,Lampada,117,1,117,Cash,Bologna,0,BRT,4,0
3914,4914,2024-01-20,55.0,M,Silver,Casa,Coperta,38,2,76,PayPal,Milano,0,BRT,3,9
3915,4915,2024-04-04,26.0,F,Basic,Elettronica,Laptop,159,1,159,CreditCard,Roma,0,Poste,4,5
3916,4916,2024-11-02,40.0,M,Silver,Sport,Scarpe Running,37,1,37,CreditCard,Milano,1,Poste,9,3
3917,4917,2024-08-21,46.0,F,Basic,Libri,Guida,42,2,84,Cash,Torino,0,BRT,4,11
3918,4918,2024-11-29,32.0,M,Basic,Libri,Manuale,35,4,140,Cash,Napoli,1,BRT,3,15
3919,4919,2024-01-12,,F,Silver,Sport,Borraccia,161,1,161,CreditCard,Torino,0,BRT,3,6
3920,4920,2024-07-16,44.0,F,Gold,Abbigliamento,Maglione,175,1,175,BankTransfer,Bologna,1,GLS,4,1
3921,4921,2024-05-20,56.0,M,Gold,Elettronica,Smartwatch,606,1,606,CreditCard,Roma,0,GLS,3,9
3922,4922,2024-01-20,52.0,M,Basic,Libri,Romanzo,47,2,94,CreditCard,Roma,1,Poste,3,7
3923,4923,2024-03-23,32.0,F,Basic,Sport,Tappetino Yoga,67,2,134,CreditCard,Milano,0,BRT,4,5
3924,4924,2024-12-25,47.0,F,Basic,Libri,Fumetto,44,3,132,Cash,Milano,0,GLS,4,4
3925,4925,2024-01-23,61.0,F,Gold,Elettronica,Smartphone,707,1,707,CreditCard,Torino,1,BRT,2,0
3926,4926,2024-03-01,29.0,F,Basic,Sport,Scarpe Running,36,1,36,BankTransfer,Roma,0,BRT,2,0
3927,4927,2024-10-14,59.0,F,Basic,Sport,Borraccia,171,5,855,PayPal,Roma,0,BRT,3,13
3928,4928,2024-08-24,18.0,M,Basic,Sport,Pallone,126,1,126,CreditCard,Milano,0,BRT,2,4
3929,4929,2024-07-11,25.0,F,Basic,Sport,Scarpe Running,167,1,167,BankTransfer,Milano,1,GLS,4,4
3930,4930,2024-09-09,40.0,F,Basic,Libri,Enciclopedia,11,4,44,Cash,Milano,0,GLS,2,8
3931,4931,2024-01-02,18.0,M,Basic,Libri,Guida,39,3,117,PayPal,Torino,1,BRT,1,11
3932,4932,2024-07-16,43.0,F,Silver,Elettronica,Tablet,172,4,688,CreditCard,Milano,0,DHL,3,15
3933,4933,2024-01-15,18.0,F,Silver,Sport,Manubri,108,5,540,Cash,Napoli,1,DHL,2,10
3934,4934,2024-12-30,27.0,F,Silver,Libri,Enciclopedia,41,2,82,CreditCard,Milano,0,Poste,3,7
3935,4935,2024-04-10,24.0,M,Basic,Libri,Guida,50,2,100,CreditCard,Roma,0,BRT,2,3
3936,4936,2024-04-16,52.0,M,Basic,Elettronica,Smartwatch,603,1,603,PayPal,Roma,0,GLS,4,1
3937,4937,2024-06-23,,M,Basic,Sport,Scarpe Running,139,1,139,BankTransfer,Napoli,0,GLS,4,0
3938,4938,2024-01-18,57.0,M,Silver,Libri,Manuale,23,4,92,PayPal,Torino,0,BRT,6,5
3939,4939,2024-06-29,,M,Silver,Libri,Romanzo,33,3,99,CreditCard,Milano,1,BRT,3,3
3940,4940,2024-05-25,33.0,M,Basic,Libri,Enciclopedia,29,1,29,BankTransfer,Milano,0,BRT,2,7
3941,4941,2024-05-17,26.0,F,Basic,Elettronica,Laptop,524,1,524,CreditCard,Milano,0,BRT,2,0
3942,4942,2024-10-06,54.0,M,Silver,Elettronica,Laptop,570,1,570,CreditCard,Torino,1,GLS,3,4
3943,4943,2024-08-22,18.0,M,Basic,Casa,Coperta,49,1,49,CreditCard,Roma,0,DHL,2,7
3944,4944,2024-02-05,49.0,M,Basic,Libri,Manuale,16,2,32,PayPal,Milano,0,GLS,5,11
3945,4945,2024-04-09,53.0,M,Gold,Sport,Manubri,64,3,192,Cash,Torino,0,Poste,5,9
3946,4946,2024-07-03,32.0,F,Basic,Sport,Borraccia,30,1,30,CreditCard,Roma,0,Poste,1,1
3947,4947,2024-01-18,18.0,F,Basic,Sport,Tappetino Yoga,108,5,540,CreditCard,Milano,0,GLS,4,30
3948,4948,2024-04-20,49.0,F,Basic,Abbigliamento,Jeans,110,4,440,CreditCard,Torino,1,GLS,3,12
3949,4949,2024-09-18,23.0,M,Basic,Abbigliamento,Scarpe,200,1,200,BankTransfer,Milano,0,BRT,2,0
3950,4950,2024-12-06,25.0,F,Basic,Libri,Enciclopedia,13,4,52,Cash,Napoli,0,Poste,4,19
3951,4951,2024-06-26,28.0,F,Basic,Libri,Manuale,19,2,38,CreditCard,Napoli,0,BRT,2,7
3952,4952,2024-11-12,24.0,F,Gold,Casa,Tappeto,149,3,447,PayPal,Torino,0,BRT,4,3
3953,4953,2024-08-04,63.0,F,Basic,Elettronica,Cuffie,690,3,2070,BankTransfer,Torino,0,GLS,3,3
3954,4954,2024-12-02,47.0,M,Silver,Casa,Coperta,59,2,118,PayPal,Roma,0,DHL,2,4
3955,4955,2024-05-20,43.0,M,Silver,Sport,Manubri,40,2,80,PayPal,Bologna,0,Poste,12,16
3956,4956,2024-01-03,29.0,M,Basic,Abbigliamento,Giacca,166,3,498,CreditCard,Milano,1,GLS,3,11
3957,4957,2024-02-23,54.0,F,Gold,Casa,Cuscino,74,1,74,PayPal,Milano,0,DHL,2,0
3958,4958,2024-07-13,23.0,F,Basic,Elettronica,Smartphone,636,1,636,BankTransfer,Milano,0,DHL,2,0
3959,4959,2024-06-27,35.0,M,Silver,Casa,Pentola,133,1,133,Cash,Roma,0,GLS,4,6
3960,4960,2024-11-02,,M,Basic,Sport,Manubri,139,1,139,CreditCard,Roma,0,GLS,4,0
3961,4961,2024-02-26,24.0,M,Basic,Libri,Romanzo,45,1,45,BankTransfer,Napoli,1,BRT,1,4
3962,4962,2024-05-14,39.0,M,Basic,Elettronica,Smartphone,219,2,438,PayPal,Napoli,0,Poste,5,4
3963,4963,2024-09-17,26.0,M,Basic,Sport,Borraccia,178,3,534,BankTransfer,Napoli,1,BRT,2,9
3964,4964,2024-03-31,32.0,M,Silver,Libri,Romanzo,30,2,60,BankTransfer,Torino,0,BRT,1,10
3965,4965,2024-04-06,37.0,M,Gold,Libri,Manuale,10,3,30,PayPal,Napoli,0,GLS,4,10
3966,4966,2024-12-04,35.0,F,Basic,Elettronica,Cuffie,322,2,644,PayPal,Bologna,0,GLS,3,4
3967,4967,2024-11-30,52.0,F,Gold,Elettronica,Smartwatch,426,2,852,BankTransfer,Torino,0,DHL,2,4
3968,4968,2024-02-14,47.0,F,Basic,Libri,Manuale,13,1,13,BankTransfer,Torino,1,BRT,6,0
3969,4969,2024-01-20,50.0,M,Basic,Casa,Cuscino,65,2,130,BankTransfer,Bologna,0,GLS,4,11
3970,4970,2024-07-23,51.0,F,Gold,Libri,Guida,47,1,47,CreditCard,Roma,0,GLS,4,5
3971,4971,2024-07-28,58.0,F,Silver,Libri,Enciclopedia,18,2,36,CreditCard,Napoli,0,GLS,3,12
3972,4972,2024-12-12,41.0,M,Silver,Casa,Tappeto,28,1,28,Cash,Torino,0,GLS,3,0
3973,4973,2024-05-01,,M,Gold,Libri,Manuale,37,1,37,PayPal,Torino,0,Poste,2,4
3974,4974,2024-12-26,33.0,M,Silver,Abbigliamento,T-shirt,84,1,84,PayPal,Napoli,0,DHL,2,0
3975,4975,2024-04-23,36.0,M,Basic,Elettronica,Cuffie,652,1,652,PayPal,Roma,0,GLS,4,0
3976,4976,2024-10-14,,M,Basic,Sport,Borraccia,169,2,338,CreditCard,Roma,0,BRT,3,6
3977,4977,2024-04-25,33.0,F,Basic,Libri,Fumetto,19,3,57,CreditCard,Torino,1,BRT,2,8
3978,4978,2024-03-06,32.0,F,Basic,Libri,Enciclopedia,41,1,41,CreditCard,Milano,0,BRT,5,4
3979,4979,2024-05-16,42.0,M,Silver,Abbigliamento,Giacca,150,2,300,CreditCard,Torino,0,Poste,1,7
3980,4980,2024-06-30,61.0,F,Silver,Sport,Scarpe Running,65,3,195,CreditCard,Roma,0,BRT,4,15
3981,4981,2024-08-23,18.0,F,Basic,Libri,Manuale,45,1,45,PayPal,Napoli,1,GLS,2,5
3982,4982,2024-05-11,,M,Gold,Libri,Guida,28,2,56,PayPal,Milano,1,Poste,6,12
3983,4983,2024-09-14,,M,Basic,Libri,Romanzo,32,4,128,CreditCard,Roma,1,BRT,1,14
3984,4984,2024-05-11,43.0,M,Silver,Casa,Tappeto,142,1,142,CreditCard,Milano,1,GLS,3,2
3985,4985,2024-10-24,,M,Basic,Casa,Coperta,120,4,480,PayPal,Napoli,1,GLS,3,15
3986,4986,2024-06-22,27.0,F,Gold,Elettronica,Smartphone,560,1,560,CreditCard,Torino,0,BRT,2,0
3987,4987,2024-07-26,21.0,M,Basic,Abbigliamento,T-shirt,181,2,362,BankTransfer,Roma,1,BRT,1,0
3988,4988,2024-11-09,37.0,M,Silver,Casa,Lampada,23,2,46,CreditCard,Roma,0,Poste,8,0
3989,4989,2024-12-18,58.0,M,Gold,Abbigliamento,Jeans,86,1,86,CreditCard,Napoli,0,GLS,2,0
3990,4990,2024-06-18,38.0,M,Basic,Casa,Coperta,70,4,280,BankTransfer,Roma,0,GLS,3,11
3991,4991,2024-06-25,35.0,F,Basic,Abbigliamento,Jeans,75,2,150,PayPal,Milano,1,BRT,2,9
3992,4992,2024-09-01,,F,Basic,Abbigliamento,Giacca,137,1,137,Cash,Bologna,0,BRT,4,2
3993,4993,2024-07-06,,M,Basic,Libri,Enciclopedia,33,2,66,BankTransfer,Milano,1,GLS,4,6
3994,4994,2024-05-01,40.0,F,Silver,Casa,Tappeto,145,3,435,Cash,Bologna,0,GLS,3,9
3995,4995,2024-11-22,33.0,F,Gold,Elettronica,Smartwatch,354,1,354,PayPal,Bologna,0,BRT,2,8
3996,4996,2024-04-20,24.0,F,Basic,Libri,Guida,29,1,29,PayPal,Roma,1,Poste,1,1
3997,4997,2024-03-23,47.0,F,Silver,Abbigliamento,Scarpe,128,4,512,BankTransfer,Napoli,1,BRT,2,14
3998,4998,2024-03-08,30.0,F,Basic,Casa,Coperta,55,1,55,CreditCard,Roma,0,GLS,4,1
3999,4999,2024-07-30,51.0,F,Gold,Elettronica,Smartwatch,95,1,95,PayPal,Torino,0,GLS,3,1
4000,5000,2024-11-07,32.0,F,Silver,Abbigliamento,Maglione,135,1,135,PayPal,Roma,0,BRT,4,0
4001,5001,2024-07-14,36.0,M,Basic,Sport,Manubri,111,1,111,PayPal,Bologna,1,DHL,2,9
4002,5002,2024-03-06,26.0,M,Silver,Elettronica,Smartwatch,672,3,2016,PayPal,Napoli,0,BRT,4,1
4003,5003,2024-05-22,33.0,F,Silver,Elettronica,Cuffie,762,4,3048,PayPal,Milano,1,DHL,3,13
4004,5004,2024-01-20,44.0,F,Silver,Abbigliamento,Maglione,101,2,202,Cash,Milano,1,BRT,1,13
4005,5005,2024-06-24,18.0,M,Basic,Abbigliamento,Jeans,176,2,352,CreditCard,Bologna,1,Poste,9,5
4006,5006,2024-06-12,23.0,M,Basic,Libri,Enciclopedia,17,5,85,BankTransfer,Roma,0,DHL,3,24
4007,5007,2024-08-05,42.0,M,Basic,Casa,Tappeto,67,1,67,Cash,Roma,1,GLS,3,2
4008,5008,2024-09-21,21.0,M,Gold,Abbigliamento,Jeans,62,3,186,PayPal,Torino,0,GLS,4,6
4009,5009,2024-02-03,53.0,M,Gold,Elettronica,Smartphone,769,1,769,CreditCard,Roma,0,GLS,3,0
4010,5010,2024-05-07,23.0,F,Basic,Elettronica,Cuffie,271,3,813,BankTransfer,Torino,0,BRT,5,7
4011,5011,2024-12-12,,F,Basic,Casa,Coperta,108,1,108,CreditCard,Milano,1,Poste,8,6
4012,5012,2024-03-26,35.0,M,Basic,Libri,Manuale,37,1,37,CreditCard,Napoli,0,Poste,5,13
4013,5013,2024-08-19,34.0,F,Silver,Elettronica,Tablet,616,2,1232,CreditCard,Milano,0,DHL,2,4
4014,5014,2024-03-16,34.0,M,Silver,Abbigliamento,Maglione,172,1,172,CreditCard,Roma,1,Poste,5,0
4015,5015,2024-12-17,44.0,M,Basic,Elettronica,Laptop,156,1,156,CreditCard,Roma,0,BRT,1,4
4016,5016,2024-08-16,47.0,M,Silver,Sport,Tappetino Yoga,73,1,73,BankTransfer,Milano,0,BRT,5,4
4017,5017,2024-12-02,,F,Basic,Abbigliamento,Giacca,164,2,328,CreditCard,Napoli,1,GLS,4,5
4018,5018,2024-01-17,52.0,F,Basic,Sport,Scarpe Running,147,2,294,CreditCard,Napoli,0,Poste,2,8
4019,5019,2024-04-08,58.0,M,Gold,Sport,Scarpe Running,76,1,76,PayPal,Torino,0,BRT,1,5
4020,5020,2024-10-18,27.0,F,Basic,Elettronica,Laptop,440,1,440,PayPal,Torino,0,Poste,6,0
4021,5021,2024-12-24,18.0,M,Silver,Sport,Scarpe Running,67,2,134,CreditCard,Roma,1,GLS,3,12
4022,5022,2024-08-21,18.0,M,Silver,Abbigliamento,Jeans,27,1,27,PayPal,Milano,0,GLS,4,4
4023,5023,2024-11-25,18.0,M,Basic,Casa,Pentola,137,2,274,Cash,Roma,1,GLS,2,6
4024,5024,2024-12-12,43.0,M,Silver,Libri,Enciclopedia,49,1,49,PayPal,Milano,0,DHL,2,1
4025,5025,2024-03-08,48.0,M,Basic,Abbigliamento,Maglione,170,5,850,CreditCard,Torino,1,DHL,2,12
4026,5026,2024-01-20,60.0,F,Gold,Elettronica,Cuffie,130,1,130,CreditCard,Napoli,1,BRT,2,0
4027,5027,2024-04-27,43.0,M,Silver,Casa,Cuscino,61,1,61,PayPal,Roma,0,DHL,3,7
4028,5028,2024-02-28,52.0,M,Gold,Sport,Manubri,134,1,134,CreditCard,Bologna,0,DHL,2,0
4029,5029,2024-05-24,30.0,M,Basic,Sport,Manubri,156,2,312,BankTransfer,Milano,0,BRT,4,10
4030,5030,2024-11-20,23.0,M,Gold,Casa,Cuscino,126,1,126,BankTransfer,Bologna,0,BRT,1,3
4031,5031,2024-11-29,42.0,M,Gold,Casa,Coperta,65,2,130,PayPal,Roma,0,BRT,1,1
4032,5032,2024-12-04,43.0,M,Basic,Sport,Manubri,86,1,86,PayPal,Torino,0,GLS,4,5
4033,5033,2024-12-29,18.0,M,Basic,Casa,Cuscino,78,2,156,CreditCard,Torino,0,GLS,3,2
4034,5034,2024-01-26,52.0,M,Silver,Casa,Coperta,126,3,378,CreditCard,Milano,1,GLS,3,13
4035,5035,2024-10-11,29.0,M,Basic,Libri,Guida,28,4,112,PayPal,Milano,0,BRT,5,19
4036,5036,2024-06-18,36.0,M,Gold,Casa,Coperta,65,5,325,PayPal,Torino,0,BRT,6,20
4037,5037,2024-03-31,23.0,F,Basic,Sport,Tappetino Yoga,74,1,74,BankTransfer,Roma,0,BRT,4,2
4038,5038,2024-04-16,48.0,F,Silver,Abbigliamento,T-shirt,51,2,102,CreditCard,Milano,0,Poste,4,2
4039,5039,2024-03-10,32.0,M,Basic,Abbigliamento,Maglione,186,4,744,CreditCard,Bologna,0,GLS,4,9
4040,5040,2024-09-08,18.0,F,Basic,Elettronica,Tablet,87,4,348,CreditCard,Bologna,0,BRT,3,5
4041,5041,2024-09-07,,F,Silver,Libri,Romanzo,40,3,120,PayPal,Roma,0,GLS,2,9
4042,5042,2024-04-19,18.0,F,Silver,Abbigliamento,Jeans,40,2,80,Cash,Bologna,1,BRT,3,2
4043,5043,2024-12-29,35.0,M,Silver,Abbigliamento,Jeans,97,5,485,PayPal,Torino,0,Poste,7,13
4044,5044,2024-02-09,38.0,F,Basic,Casa,Cuscino,24,1,24,CreditCard,Roma,0,GLS,4,5
4045,5045,2024-02-26,75.0,F,Gold,Sport,Tappetino Yoga,156,2,312,PayPal,Bologna,1,GLS,3,1
4046,5046,2024-10-13,46.0,M,Silver,Sport,Scarpe Running,71,3,213,BankTransfer,Roma,0,BRT,4,3
4047,5047,2024-05-17,19.0,F,Basic,Sport,Borraccia,46,1,46,CreditCard,Milano,1,Poste,7,7
4048,5048,2024-01-31,44.0,F,Silver,Elettronica,Tablet,351,2,702,PayPal,Napoli,1,DHL,3,2
4049,5049,2024-10-25,,M,Basic,Casa,Coperta,136,3,408,CreditCard,Milano,0,GLS,4,11
4050,5050,2024-12-09,41.0,F,Basic,Sport,Tappetino Yoga,172,1,172,Cash,Roma,0,Poste,4,2
4051,5051,2024-11-27,18.0,F,Basic,Libri,Guida,49,1,49,CreditCard,Napoli,0,BRT,5,1
4052,5052,2024-10-15,63.0,F,Silver,Elettronica,Tablet,312,2,624,CreditCard,Milano,0,BRT,5,2
4053,5053,2024-02-29,46.0,M,Silver,Sport,Tappetino Yoga,34,3,102,PayPal,Roma,0,BRT,3,11
4054,5054,2024-07-20,32.0,F,Silver,Libri,Fumetto,37,1,37,BankTransfer,Torino,1,Poste,2,7
4055,5055,2024-10-10,18.0,F,Silver,Sport,Tappetino Yoga,169,1,169,PayPal,Milano,0,DHL,2,1
4056,5056,2024-02-29,44.0,F,Basic,Casa,Cuscino,17,3,51,Cash,Bologna,1,BRT,3,5
4057,5057,2024-01-21,18.0,F,Basic,Sport,Tappetino Yoga,21,4,84,CreditCard,Milano,0,GLS,3,15
4058,5058,2024-04-12,20.0,F,Gold,Elettronica,Cuffie,650,1,650,PayPal,Torino,0,GLS,4,2
4059,5059,2024-12-30,46.0,F,Basic,Elettronica,Laptop,261,1,261,BankTransfer,Bologna,1,BRT,2,0
4060,5060,2024-01-03,49.0,F,Basic,Elettronica,Cuffie,461,2,922,PayPal,Milano,0,DHL,2,9
4061,5061,2024-05-02,32.0,F,Silver,Abbigliamento,T-shirt,133,2,266,CreditCard,Napoli,0,GLS,3,6
4062,5062,2024-06-14,18.0,F,Silver,Elettronica,Tablet,207,1,207,Cash,Roma,0,Poste,5,5
4063,5063,2024-03-25,18.0,M,Basic,Casa,Cuscino,19,1,19,BankTransfer,Milano,0,GLS,3,3
4064,5064,2024-02-07,18.0,M,Silver,Sport,Pallone,58,1,58,CreditCard,Bologna,0,GLS,2,7
4065,5065,2024-10-03,28.0,F,Basic,Abbigliamento,Jeans,192,1,192,CreditCard,Roma,0,Poste,8,3
4066,5066,2024-06-15,23.0,M,Basic,Abbigliamento,Giacca,26,1,26,BankTransfer,Torino,1,DHL,2,4
4067,5067,2024-01-04,43.0,M,Basic,Sport,Borraccia,48,2,96,PayPal,Milano,0,Poste,5,5
4068,5068,2024-10-14,26.0,M,Basic,Sport,Manubri,66,3,198,Cash,Milano,0,Poste,5,16
4069,5069,2024-09-11,45.0,M,Silver,Casa,Lampada,134,2,268,Cash,Bologna,0,Poste,7,7
4070,5070,2024-08-16,56.0,M,Gold,Elettronica,Cuffie,374,1,374,CreditCard,Roma,0,GLS,3,2
4071,5071,2024-12-21,31.0,F,Silver,Casa,Lampada,114,1,114,PayPal,Milano,0,DHL,2,5
4072,5072,2024-07-29,18.0,M,Silver,Sport,Tappetino Yoga,163,1,163,CreditCard,Milano,1,BRT,6,0
4073,5073,2024-04-05,,M,Basic,Sport,Scarpe Running,56,3,168,PayPal,Bologna,0,GLS,3,9
4074,5074,2024-05-05,49.0,F,Gold,Elettronica,Smartwatch,436,3,1308,Cash,Torino,1,DHL,1,12
4075,5075,2024-04-18,18.0,F,Silver,Casa,Lampada,146,1,146,PayPal,Torino,0,BRT,5,5
4076,5076,2024-12-08,62.0,M,Gold,Abbigliamento,Giacca,124,2,248,PayPal,Milano,0,BRT,3,9
4077,5077,2024-04-09,42.0,M,Basic,Casa,Coperta,107,1,107,CreditCard,Roma,1,GLS,4,9
4078,5078,2024-05-29,,F,Silver,Abbigliamento,Maglione,112,2,224,CreditCard,Torino,1,DHL,3,2
4079,5079,2024-08-06,27.0,M,Silver,Casa,Lampada,139,2,278,PayPal,Roma,0,GLS,3,9
4080,5080,2024-01-14,,F,Gold,Sport,Scarpe Running,169,2,338,CreditCard,Torino,0,GLS,2,16
4081,5081,2024-09-20,45.0,M,Silver,Libri,Romanzo,24,4,96,PayPal,Milano,0,BRT,6,12
4082,5082,2024-03-05,,F,Gold,Elettronica,Smartwatch,768,1,768,BankTransfer,Roma,0,DHL,3,0
4083,5083,2024-08-07,,F,Basic,Casa,Coperta,144,2,288,PayPal,Bologna,1,Poste,4,8
4084,5084,2024-05-15,35.0,F,Silver,Libri,Guida,45,4,180,CreditCard,Roma,1,GLS,4,21
4085,5085,2024-04-06,35.0,F,Basic,Sport,Tappetino Yoga,52,1,52,PayPal,Roma,1,Poste,7,0
4086,5086,2024-01-05,,F,Basic,Sport,Pallone,49,3,147,CreditCard,Roma,0,GLS,4,13
4087,5087,2024-01-12,45.0,F,Basic,Casa,Tappeto,144,3,432,PayPal,Roma,1,Poste,6,3
4088,5088,2024-02-26,18.0,M,Basic,Abbigliamento,T-shirt,93,2,186,BankTransfer,Napoli,0,GLS,4,4
4089,5089,2024-02-27,49.0,F,Silver,Abbigliamento,Jeans,132,2,264,CreditCard,Torino,0,DHL,2,6
4090,5090,2024-07-23,28.0,M,Basic,Casa,Coperta,93,4,372,PayPal,Bologna,0,BRT,3,7
4091,5091,2024-03-05,,M,Basic,Elettronica,Tablet,298,2,596,PayPal,Bologna,0,BRT,4,8
4092,5092,2024-10-10,58.0,F,Silver,Libri,Guida,19,4,76,PayPal,Torino,1,DHL,2,7
4093,5093,2024-11-13,63.0,M,Silver,Casa,Pentola,49,2,98,CreditCard,Milano,0,GLS,3,2
4094,5094,2024-12-10,18.0,M,Silver,Casa,Coperta,85,2,170,PayPal,Napoli,0,BRT,3,10
4095,5095,2024-09-11,18.0,M,Basic,Abbigliamento,Jeans,140,2,280,BankTransfer,Roma,0,BRT,3,12
4096,5096,2024-03-22,45.0,F,Basic,Casa,Cuscino,128,1,128,CreditCard,Napoli,0,Poste,3,7
4097,5097,2024-10-29,,F,Basic,Abbigliamento,Maglione,93,1,93,PayPal,Torino,0,Poste,6,5
4098,5098,2024-01-22,31.0,F,Gold,Casa,Pentola,135,3,405,BankTransfer,Roma,0,Poste,4,10
4099,5099,2024-06-30,56.0,F,Basic,Abbigliamento,Giacca,146,4,584,CreditCard,Bologna,0,Poste,3,14
4100,5100,2024-05-11,31.0,F,Silver,Sport,Pallone,179,3,537,CreditCard,Torino,0,DHL,1,9
4101,5101,2024-03-31,20.0,M,Basic,Libri,Fumetto,38,1,38,PayPal,Milano,1,BRT,4,4
4102,5102,2024-08-09,33.0,F,Basic,Casa,Tappeto,115,2,230,PayPal,Milano,1,GLS,2,10
4103,5103,2024-01-15,50.0,M,Gold,Libri,Manuale,35,3,105,CreditCard,Roma,0,Poste,4,14
4104,5104,2024-12-09,42.0,F,Silver,Abbigliamento,T-shirt,188,1,188,BankTransfer,Roma,1,DHL,2,0
4105,5105,2024-06-21,49.0,F,Silver,Libri,Fumetto,24,4,96,CreditCard,Milano,0,Poste,5,8
4106,5106,2024-07-14,18.0,F,Silver,Libri,Enciclopedia,30,1,30,Cash,Bologna,1,GLS,3,0
4107,5107,2024-08-28,40.0,M,Silver,Abbigliamento,Maglione,168,1,168,PayPal,Bologna,1,Poste,1,7
4108,5108,2024-01-28,48.0,M,Basic,Abbigliamento,Jeans,59,1,59,PayPal,Napoli,1,Poste,2,3
4109,5109,2024-05-21,,M,Basic,Sport,Borraccia,124,5,620,PayPal,Bologna,1,BRT,1,13
4110,5110,2024-07-07,18.0,F,Silver,Sport,Manubri,149,5,745,CreditCard,Napoli,0,BRT,5,13
4111,5111,2024-08-27,,F,Basic,Libri,Guida,44,3,132,BankTransfer,Roma,1,GLS,5,8
4112,5112,2024-04-10,50.0,M,Gold,Sport,Manubri,113,2,226,CreditCard,Roma,1,DHL,3,9
4113,5113,2024-05-31,46.0,M,Basic,Libri,Manuale,10,3,30,BankTransfer,Napoli,1,BRT,2,8
4114,5114,2024-07-13,43.0,F,Basic,Abbigliamento,T-shirt,78,2,156,Cash,Napoli,1,GLS,2,13
4115,5115,2024-03-22,18.0,M,Basic,Abbigliamento,Maglione,180,1,180,CreditCard,Roma,1,GLS,3,9
4116,5116,2024-06-15,33.0,F,Basic,Casa,Coperta,135,2,270,PayPal,Torino,0,Poste,3,9
4117,5117,2024-01-18,18.0,F,Basic,Casa,Cuscino,17,1,17,PayPal,Bologna,1,BRT,3,1
4118,5118,2024-09-17,38.0,F,Silver,Elettronica,Smartphone,673,5,3365,Cash,Roma,0,BRT,7,15
4119,5119,2024-06-14,23.0,M,Basic,Sport,Tappetino Yoga,152,1,152,CreditCard,Roma,0,DHL,2,5
4120,5120,2024-04-05,18.0,F,Basic,Abbigliamento,Giacca,191,2,382,BankTransfer,Napoli,1,BRT,5,9
4121,5121,2024-12-10,41.0,M,Silver,Abbigliamento,Scarpe,106,3,318,BankTransfer,Roma,1,DHL,2,11
4122,5122,2024-04-13,65.0,M,Silver,Libri,Fumetto,40,2,80,CreditCard,Bologna,1,BRT,5,7
4123,5123,2024-07-04,18.0,F,Basic,Elettronica,Smartphone,189,3,567,PayPal,Bologna,0,BRT,3,11
4124,5124,2024-10-11,25.0,M,Silver,Casa,Coperta,49,1,49,BankTransfer,Bologna,0,GLS,4,8
4125,5125,2024-04-12,35.0,F,Basic,Sport,Tappetino Yoga,92,3,276,PayPal,Roma,0,BRT,4,8
4126,5126,2024-11-14,27.0,M,Silver,Casa,Tappeto,50,3,150,CreditCard,Milano,0,Poste,7,7
4127,5127,2024-03-01,,M,Basic,Abbigliamento,T-shirt,103,2,206,Cash,Roma,0,Poste,4,7
4128,5128,2024-05-22,47.0,F,Basic,Abbigliamento,Jeans,69,2,138,Cash,Napoli,1,BRT,6,4
4129,5129,2024-12-30,23.0,M,Basic,Elettronica,Tablet,606,1,606,Cash,Milano,0,BRT,2,1
4130,5130,2024-04-22,36.0,F,Basic,Elettronica,Laptop,430,1,430,Cash,Milano,0,Poste,7,2
4131,5131,2024-08-24,53.0,M,Gold,Elettronica,Smartwatch,189,2,378,Cash,Napoli,0,DHL,1,5
4132,5132,2024-08-23,43.0,F,Silver,Libri,Fumetto,31,2,62,PayPal,Torino,0,BRT,1,7
4133,5133,2024-08-31,18.0,M,Basic,Casa,Pentola,35,2,70,PayPal,Milano,0,Poste,1,7
4134,5134,2024-02-28,58.0,F,Silver,Elettronica,Laptop,63,1,63,PayPal,Roma,0,GLS,2,3
4135,5135,2024-07-17,46.0,M,Basic,Libri,Fumetto,20,2,40,PayPal,Roma,1,BRT,3,7
4136,5136,2024-07-18,,F,Silver,Sport,Tappetino Yoga,82,2,164,CreditCard,Roma,0,BRT,3,7
4137,5137,2024-06-21,36.0,F,Silver,Abbigliamento,Giacca,36,3,108,CreditCard,Milano,1,Poste,1,10
4138,5138,2024-07-15,25.0,M,Basic,Sport,Pallone,23,2,46,PayPal,Milano,0,Poste,5,5
4139,5139,2024-09-21,26.0,F,Silver,Elettronica,Laptop,617,1,617,CreditCard,Torino,0,GLS,2,1
4140,5140,2024-07-11,24.0,M,Basic,Elettronica,Tablet,245,2,490,PayPal,Bologna,1,GLS,4,3
4141,5141,2024-10-23,18.0,F,Basic,Casa,Cuscino,59,3,177,PayPal,Bologna,0,GLS,3,8
4142,5142,2024-06-09,46.0,F,Basic,Sport,Manubri,89,3,267,CreditCard,Torino,0,BRT,3,10
4143,5143,2024-03-12,18.0,M,Gold,Casa,Cuscino,48,3,144,BankTransfer,Torino,0,GLS,4,8
4144,5144,2024-01-19,,M,Basic,Libri,Romanzo,35,1,35,CreditCard,Milano,0,GLS,3,2
4145,5145,2024-04-29,,M,Silver,Elettronica,Laptop,287,2,574,Cash,Napoli,0,BRT,1,4
4146,5146,2024-07-21,,M,Basic,Sport,Borraccia,135,1,135,Cash,Roma,1,GLS,3,2
4147,5147,2024-03-19,54.0,M,Silver,Casa,Coperta,35,2,70,PayPal,Napoli,1,GLS,3,6
4148,5148,2024-05-08,38.0,F,Silver,Sport,Manubri,73,3,219,BankTransfer,Napoli,0,BRT,4,7
4149,5149,2024-08-06,44.0,F,Silver,Abbigliamento,T-shirt,161,1,161,CreditCard,Milano,0,DHL,2,0
4150,5150,2024-04-05,42.0,F,Basic,Casa,Coperta,14,3,42,CreditCard,Napoli,0,GLS,3,5
4151,5151,2024-12-25,18.0,M,Basic,Casa,Coperta,80,1,80,PayPal,Milano,0,GLS,2,0
4152,5152,2024-10-01,50.0,F,Basic,Elettronica,Smartwatch,560,1,560,PayPal,Torino,0,GLS,3,7
4153,5153,2024-05-16,50.0,M,Basic,Abbigliamento,T-shirt,67,4,268,PayPal,Torino,0,BRT,5,17
4154,5154,2024-11-12,24.0,F,Silver,Libri,Fumetto,24,1,24,Cash,Torino,0,GLS,5,1
4155,5155,2024-06-06,23.0,M,Basic,Libri,Fumetto,26,1,26,BankTransfer,Roma,0,GLS,4,0
4156,5156,2024-12-25,43.0,M,Basic,Casa,Lampada,26,1,26,CreditCard,Roma,0,BRT,4,3
4157,5157,2024-01-24,22.0,F,Basic,Libri,Enciclopedia,48,3,144,CreditCard,Roma,0,GLS,4,5
4158,5158,2024-12-02,41.0,F,Silver,Casa,Coperta,47,1,47,CreditCard,Torino,1,GLS,3,0
4159,5159,2024-10-19,48.0,M,Gold,Elettronica,Tablet,729,2,1458,Cash,Milano,0,GLS,4,0
4160,5160,2024-03-10,34.0,F,Gold,Casa,Lampada,73,2,146,CreditCard,Milano,0,DHL,2,8
4161,5161,2024-01-10,36.0,F,Gold,Abbigliamento,Maglione,59,4,236,PayPal,Bologna,0,GLS,3,10
4162,5162,2024-07-23,28.0,M,Basic,Sport,Manubri,64,1,64,PayPal,Roma,0,Poste,7,3
4163,5163,2024-05-25,33.0,F,Basic,Libri,Fumetto,25,2,50,BankTransfer,Roma,0,GLS,2,12
4164,5164,2024-12-20,29.0,F,Silver,Sport,Borraccia,28,1,28,CreditCard,Roma,0,GLS,5,0
4165,5165,2024-08-04,75.0,F,Silver,Sport,Scarpe Running,155,1,155,Cash,Milano,0,Poste,2,1
4166,5166,2024-08-29,47.0,F,Basic,Sport,Scarpe Running,28,2,56,CreditCard,Torino,1,GLS,4,8
4167,5167,2024-09-06,55.0,F,Gold,Casa,Pentola,94,2,188,PayPal,Milano,0,DHL,3,8
4168,5168,2024-12-12,31.0,M,Basic,Casa,Pentola,63,2,126,CreditCard,Bologna,0,Poste,3,9
4169,5169,2024-08-17,35.0,F,Basic,Casa,Tappeto,30,1,30,PayPal,Torino,0,DHL,2,0
4170,5170,2024-01-12,75.0,F,Gold,Sport,Pallone,99,1,99,Cash,Milano,0,Poste,2,10
4171,5171,2024-03-06,26.0,M,Basic,Casa,Pentola,134,3,402,CreditCard,Milano,0,Poste,5,0
4172,5172,2024-06-18,28.0,F,Basic,Elettronica,Laptop,278,3,834,PayPal,Roma,0,GLS,4,9
4173,5173,2024-02-08,36.0,F,Silver,Libri,Fumetto,30,3,90,BankTransfer,Milano,1,Poste,8,10
4174,5174,2024-10-19,,F,Basic,Libri,Guida,47,2,94,BankTransfer,Torino,1,DHL,1,17
4175,5175,2024-11-27,18.0,F,Silver,Casa,Lampada,43,1,43,CreditCard,Milano,0,BRT,1,2
4176,5176,2024-01-02,69.0,M,Basic,Elettronica,Tablet,475,2,950,CreditCard,Napoli,1,BRT,1,10
4177,5177,2024-08-20,22.0,F,Silver,Sport,Tappetino Yoga,24,1,24,CreditCard,Roma,1,BRT,1,7
4178,5178,2024-06-17,20.0,F,Basic,Abbigliamento,Giacca,84,4,336,CreditCard,Napoli,1,BRT,2,12
4179,5179,2024-11-25,33.0,F,Basic,Elettronica,Tablet,597,1,597,PayPal,Napoli,0,GLS,4,4
4180,5180,2024-06-19,48.0,F,Basic,Elettronica,Smartwatch,70,2,140,CreditCard,Milano,0,BRT,2,4
4181,5181,2024-11-06,25.0,F,Basic,Abbigliamento,T-shirt,47,1,47,Cash,Milano,0,BRT,3,5
4182,5182,2024-07-18,18.0,M,Basic,Sport,Tappetino Yoga,68,1,68,CreditCard,Torino,0,GLS,3,2
4183,5183,2024-03-07,,M,Gold,Casa,Cuscino,16,5,80,BankTransfer,Torino,1,BRT,4,13
4184,5184,2024-06-06,43.0,F,Basic,Libri,Guida,30,2,60,PayPal,Roma,1,GLS,3,9
4185,5185,2024-05-02,51.0,M,Gold,Casa,Pentola,138,1,138,PayPal,Torino,0,DHL,2,1
4186,5186,2024-04-20,55.0,M,Silver,Libri,Guida,18,1,18,Cash,Milano,0,BRT,3,0
4187,5187,2024-02-01,,F,Basic,Casa,Tappeto,11,4,44,Cash,Milano,1,BRT,3,5
4188,5188,2024-09-25,60.0,M,Gold,Abbigliamento,Giacca,44,2,88,Cash,Roma,0,Poste,2,3
4189,5189,2024-06-29,56.0,F,Basic,Abbigliamento,Jeans,192,1,192,BankTransfer,Bologna,0,BRT,1,10
4190,5190,2024-03-24,,F,Basic,Libri,Manuale,47,1,47,CreditCard,Bologna,0,Poste,5,6
4191,5191,2024-03-31,52.0,M,Gold,Elettronica,Smartphone,539,3,1617,CreditCard,Torino,1,GLS,2,5
4192,5192,2024-08-01,54.0,M,Gold,Sport,Pallone,55,4,220,PayPal,Torino,0,BRT,2,10
4193,5193,2024-07-04,18.0,F,Basic,Abbigliamento,Maglione,158,1,158,PayPal,Bologna,0,Poste,9,7
4194,5194,2024-09-29,61.0,M,Gold,Sport,Scarpe Running,37,1,37,CreditCard,Roma,0,Poste,8,1
4195,5195,2024-12-09,37.0,F,Gold,Casa,Lampada,91,3,273,BankTransfer,Napoli,1,GLS,4,15
4196,5196,2024-06-19,,M,Basic,Elettronica,Smartwatch,141,3,423,Cash,Milano,0,DHL,2,15
4197,5197,2024-03-31,37.0,F,Basic,Elettronica,Laptop,188,2,376,PayPal,Milano,0,BRT,1,0
4198,5198,2024-08-24,28.0,M,Basic,Sport,Scarpe Running,94,1,94,PayPal,Torino,0,Poste,6,4
4199,5199,2024-01-23,61.0,F,Silver,Abbigliamento,Maglione,103,1,103,CreditCard,Torino,0,Poste,2,1
4200,5200,2024-01-04,58.0,F,Gold,Libri,Guida,20,3,60,CreditCard,Torino,0,BRT,3,10
4201,5201,2024-01-30,22.0,F,Silver,Abbigliamento,Scarpe,140,2,280,CreditCard,Torino,0,Poste,4,2
4202,5202,2024-06-16,38.0,M,Silver,Libri,Romanzo,9,3,27,PayPal,Torino,0,GLS,4,12
4203,5203,2024-07-20,46.0,M,Basic,Sport,Scarpe Running,146,1,146,BankTransfer,Bologna,0,BRT,1,0
4204,5204,2024-06-30,18.0,M,Basic,Abbigliamento,Maglione,31,5,155,Cash,Roma,0,DHL,2,17
4205,5205,2024-07-03,31.0,M,Basic,Libri,Enciclopedia,42,2,84,BankTransfer,Milano,1,GLS,3,9
4206,5206,2024-03-12,45.0,M,Basic,Elettronica,Tablet,439,4,1756,CreditCard,Torino,0,GLS,5,13
4207,5207,2024-03-14,33.0,M,Basic,Elettronica,Tablet,333,4,1332,PayPal,Roma,1,Poste,6,17
4208,5208,2024-04-05,18.0,M,Silver,Sport,Tappetino Yoga,43,2,86,PayPal,Milano,1,GLS,4,4
4209,5209,2024-11-03,,F,Basic,Sport,Scarpe Running,96,3,288,Cash,Milano,0,Poste,6,16
4210,5210,2024-12-09,24.0,M,Basic,Elettronica,Cuffie,664,1,664,Cash,Milano,0,DHL,2,0
4211,5211,2024-10-19,41.0,M,Gold,Elettronica,Laptop,705,2,1410,PayPal,Bologna,0,DHL,3,3
4212,5212,2024-06-12,18.0,M,Basic,Abbigliamento,Scarpe,49,1,49,PayPal,Roma,0,BRT,4,9
4213,5213,2024-09-25,46.0,M,Silver,Abbigliamento,Giacca,102,1,102,PayPal,Bologna,0,GLS,3,6
4214,5214,2024-05-15,,M,Silver,Casa,Pentola,88,2,176,CreditCard,Napoli,0,GLS,5,2
4215,5215,2024-09-28,,F,Gold,Abbigliamento,Giacca,157,2,314,PayPal,Bologna,0,GLS,2,7
4216,5216,2024-03-07,52.0,M,Gold,Casa,Coperta,146,2,292,CreditCard,Bologna,1,BRT,4,8
4217,5217,2024-02-17,53.0,F,Basic,Abbigliamento,Giacca,47,1,47,PayPal,Milano,0,BRT,3,5
4218,5218,2024-11-24,,M,Basic,Casa,Cuscino,121,1,121,BankTransfer,Napoli,1,Poste,5,0
4219,5219,2024-10-28,33.0,M,Gold,Casa,Pentola,90,1,90,Cash,Napoli,0,Poste,4,0
4220,5220,2024-12-31,,F,Silver,Abbigliamento,Giacca,123,5,615,BankTransfer,Bologna,1,BRT,5,15
4221,5221,2024-11-13,,M,Basic,Libri,Manuale,33,3,99,BankTransfer,Napoli,0,Poste,2,11
4222,5222,2024-03-26,46.0,M,Silver,Sport,Borraccia,49,4,196,BankTransfer,Roma,1,GLS,4,11
4223,5223,2024-08-16,43.0,M,Silver,Libri,Manuale,43,2,86,BankTransfer,Milano,0,DHL,2,7
4224,5224,2024-02-13,36.0,M,Silver,Sport,Borraccia,84,1,84,CreditCard,Milano,0,GLS,4,2
4225,5225,2024-08-01,,M,Gold,Libri,Romanzo,25,1,25,PayPal,Napoli,0,BRT,3,5
4226,5226,2024-06-12,42.0,M,Basic,Elettronica,Tablet,305,3,915,PayPal,Milano,0,BRT,3,4
4227,5227,2024-01-02,46.0,F,Basic,Libri,Enciclopedia,47,1,47,CreditCard,Milano,0,BRT,4,4
4228,5228,2024-07-30,,F,Silver,Casa,Lampada,110,1,110,CreditCard,Torino,0,BRT,1,5
4229,5229,2024-10-09,,M,Silver,Sport,Tappetino Yoga,33,2,66,BankTransfer,Milano,1,GLS,4,9
4230,5230,2024-07-22,47.0,F,Silver,Elettronica,Smartphone,689,2,1378,PayPal,Roma,0,BRT,5,6
4231,5231,2024-02-03,20.0,F,Basic,Abbigliamento,Giacca,69,2,138,CreditCard,Napoli,0,GLS,4,5
4232,5232,2024-07-26,24.0,F,Silver,Libri,Enciclopedia,35,3,105,BankTransfer,Milano,0,BRT,1,5
4233,5233,2024-06-01,35.0,M,Silver,Elettronica,Smartphone,230,2,460,Cash,Bologna,1,GLS,3,11
4234,5234,2024-04-02,23.0,M,Basic,Abbigliamento,T-shirt,33,1,33,BankTransfer,Torino,0,GLS,3,6
4235,5235,2024-01-30,22.0,F,Basic,Elettronica,Smartphone,699,2,1398,PayPal,Milano,0,GLS,3,3
4236,5236,2024-07-17,58.0,F,Gold,Casa,Tappeto,58,3,174,CreditCard,Milano,0,BRT,4,12
4237,5237,2024-10-26,21.0,M,Basic,Abbigliamento,Jeans,61,1,61,BankTransfer,Bologna,1,Poste,3,6
4238,5238,2024-04-08,42.0,F,Basic,Sport,Tappetino Yoga,39,2,78,BankTransfer,Roma,0,Poste,1,1
4239,5239,2024-12-19,18.0,M,Basic,Casa,Cuscino,14,1,14,BankTransfer,Milano,0,GLS,4,0
4240,5240,2024-10-29,38.0,F,Basic,Elettronica,Smartphone,492,3,1476,Cash,Napoli,1,Poste,4,8
4241,5241,2024-09-27,47.0,M,Gold,Elettronica,Tablet,178,1,178,CreditCard,Roma,0,DHL,2,7
4242,5242,2024-06-22,55.0,M,Gold,Libri,Romanzo,12,3,36,PayPal,Bologna,0,Poste,3,17
4243,5243,2024-09-20,,F,Silver,Casa,Tappeto,61,1,61,BankTransfer,Milano,0,Poste,1,8
4244,5244,2024-10-10,27.0,M,Silver,Abbigliamento,T-shirt,133,1,133,BankTransfer,Napoli,0,DHL,2,5
4245,5245,2024-11-24,51.0,F,Gold,Elettronica,Laptop,658,2,1316,Cash,Napoli,0,GLS,3,5
4246,5246,2024-02-23,47.0,M,Silver,Elettronica,Smartphone,152,1,152,CreditCard,Milano,0,DHL,2,1
4247,5247,2024-01-28,34.0,M,Silver,Elettronica,Smartwatch,431,4,1724,CreditCard,Torino,0,BRT,3,9
4248,5248,2024-04-03,39.0,F,Basic,Elettronica,Laptop,797,3,2391,PayPal,Torino,0,GLS,3,7
4249,5249,2024-11-30,31.0,F,Silver,Sport,Scarpe Running,74,1,74,PayPal,Napoli,0,GLS,3,0
4250,5250,2024-10-25,49.0,M,Basic,Elettronica,Laptop,589,1,589,CreditCard,Roma,0,GLS,4,7
4251,5251,2024-04-13,43.0,M,Silver,Libri,Manuale,17,1,17,BankTransfer,Roma,0,BRT,1,8
4252,5252,2024-03-01,37.0,F,Basic,Libri,Enciclopedia,38,1,38,BankTransfer,Napoli,0,DHL,2,7
4253,5253,2024-12-23,25.0,M,Basic,Sport,Tappetino Yoga,20,2,40,BankTransfer,Napoli,1,BRT,2,14
4254,5254,2024-12-05,42.0,F,Gold,Libri,Guida,14,1,14,BankTransfer,Milano,0,BRT,3,5
4255,5255,2024-08-22,34.0,F,Basic,Casa,Lampada,29,2,58,BankTransfer,Milano,1,Poste,8,14
4256,5256,2024-03-19,18.0,F,Silver,Sport,Pallone,23,2,46,CreditCard,Napoli,0,Poste,9,9
4257,5257,2024-09-21,,M,Silver,Libri,Manuale,21,2,42,BankTransfer,Roma,1,GLS,4,8
4258,5258,2024-11-25,18.0,F,Silver,Elettronica,Smartphone,743,4,2972,BankTransfer,Milano,0,GLS,5,11
4259,5259,2024-09-07,52.0,M,Basic,Elettronica,Smartphone,284,2,568,CreditCard,Roma,1,Poste,2,7
4260,5260,2024-06-22,61.0,F,Gold,Libri,Enciclopedia,16,2,32,CreditCard,Bologna,1,DHL,2,2
4261,5261,2024-08-26,73.0,M,Silver,Sport,Tappetino Yoga,37,4,148,BankTransfer,Bologna,1,BRT,3,12
4262,5262,2024-08-16,70.0,M,Basic,Casa,Tappeto,25,1,25,BankTransfer,Torino,0,Poste,5,2
4263,5263,2024-08-26,27.0,M,Silver,Abbigliamento,Maglione,136,1,136,PayPal,Milano,0,GLS,4,4
4264,5264,2024-02-06,19.0,M,Basic,Abbigliamento,Maglione,107,2,214,PayPal,Roma,0,DHL,2,9
4265,5265,2024-01-02,29.0,M,Basic,Libri,Romanzo,45,3,135,PayPal,Milano,0,GLS,4,11
4266,5266,2024-01-16,57.0,M,Silver,Sport,Tappetino Yoga,68,1,68,CreditCard,Milano,0,BRT,1,5
4267,5267,2024-06-03,,F,Basic,Libri,Romanzo,12,2,24,PayPal,Roma,0,DHL,3,5
4268,5268,2024-09-26,,M,Basic,Libri,Fumetto,25,1,25,BankTransfer,Milano,1,DHL,3,0
4269,5269,2024-12-24,,F,Gold,Sport,Borraccia,129,3,387,CreditCard,Roma,0,BRT,1,14
4270,5270,2024-10-18,34.0,F,Basic,Abbigliamento,Giacca,92,2,184,PayPal,Milano,1,BRT,2,0
4271,5271,2024-03-04,48.0,F,Silver,Abbigliamento,Jeans,128,3,384,CreditCard,Milano,1,BRT,2,12
4272,5272,2024-11-11,18.0,F,Basic,Casa,Lampada,58,1,58,CreditCard,Roma,1,GLS,3,4
4273,5273,2024-08-21,38.0,F,Gold,Abbigliamento,Jeans,116,1,116,PayPal,Roma,1,BRT,1,4
4274,5274,2024-08-06,18.0,F,Basic,Sport,Scarpe Running,39,2,78,CreditCard,Roma,0,DHL,2,7
4275,5275,2024-03-08,,M,Basic,Abbigliamento,Jeans,160,1,160,PayPal,Napoli,1,GLS,4,6
4276,5276,2024-09-01,51.0,M,Basic,Libri,Enciclopedia,42,4,168,CreditCard,Torino,1,Poste,3,16
4277,5277,2024-04-24,42.0,F,Silver,Abbigliamento,Jeans,77,4,308,BankTransfer,Napoli,1,GLS,3,19
4278,5278,2024-02-11,35.0,F,Basic,Libri,Fumetto,27,2,54,CreditCard,Bologna,0,DHL,1,3
4279,5279,2024-10-24,53.0,F,Basic,Libri,Guida,11,1,11,PayPal,Napoli,0,Poste,9,6
4280,5280,2024-09-16,47.0,F,Gold,Libri,Manuale,34,1,34,PayPal,Milano,0,Poste,4,0
4281,5281,2024-11-09,20.0,M,Basic,Abbigliamento,Giacca,129,1,129,Cash,Napoli,1,BRT,3,9
4282,5282,2024-02-04,75.0,F,Silver,Libri,Fumetto,12,1,12,PayPal,Torino,0,GLS,3,7
4283,5283,2024-06-16,,M,Basic,Elettronica,Cuffie,216,5,1080,PayPal,Milano,1,Poste,4,8
4284,5284,2024-07-21,,M,Basic,Libri,Fumetto,35,2,70,PayPal,Milano,0,GLS,3,11
4285,5285,2024-12-09,45.0,M,Silver,Casa,Lampada,140,2,280,CreditCard,Torino,0,BRT,1,8
4286,5286,2024-01-22,42.0,F,Gold,Sport,Pallone,139,1,139,CreditCard,Torino,0,BRT,5,0
4287,5287,2024-07-09,40.0,M,Basic,Casa,Pentola,146,2,292,PayPal,Bologna,0,Poste,4,2
4288,5288,2024-01-23,18.0,F,Silver,Sport,Pallone,91,4,364,PayPal,Milano,1,BRT,5,10
4289,5289,2024-07-07,39.0,F,Basic,Abbigliamento,Jeans,94,2,188,PayPal,Milano,0,GLS,3,16
4290,5290,2024-10-05,,M,Basic,Casa,Cuscino,105,2,210,CreditCard,Milano,0,GLS,5,2
4291,5291,2024-06-24,72.0,M,Silver,Libri,Fumetto,38,5,190,BankTransfer,Napoli,1,BRT,4,5
4292,5292,2024-05-02,26.0,F,Basic,Abbigliamento,Scarpe,96,1,96,PayPal,Milano,0,Poste,6,4
4293,5293,2024-06-13,,M,Gold,Libri,Manuale,44,3,132,BankTransfer,Roma,0,Poste,4,0
4294,5294,2024-11-19,25.0,M,Basic,Libri,Romanzo,27,1,27,PayPal,Torino,0,DHL,3,0
4295,5295,2024-08-07,43.0,M,Gold,Elettronica,Laptop,701,1,701,PayPal,Milano,0,Poste,7,2
4296,5296,2024-07-19,24.0,M,Basic,Abbigliamento,Giacca,88,2,176,BankTransfer,Torino,0,Poste,8,8
4297,5297,2024-05-13,18.0,M,Basic,Sport,Pallone,20,4,80,CreditCard,Napoli,1,Poste,3,10
4298,5298,2024-04-21,18.0,M,Basic,Libri,Manuale,27,2,54,BankTransfer,Milano,1,BRT,5,8
4299,5299,2024-11-04,51.0,M,Gold,Elettronica,Tablet,494,5,2470,BankTransfer,Milano,0,GLS,4,7
4300,5300,2024-08-12,39.0,M,Silver,Sport,Manubri,38,2,76,BankTransfer,Roma,0,Poste,9,7
4301,5301,2024-09-17,44.0,F,Gold,Abbigliamento,Jeans,127,3,381,PayPal,Napoli,0,Poste,5,15
4302,5302,2024-09-01,18.0,F,Basic,Libri,Romanzo,37,2,74,CreditCard,Roma,0,BRT,1,4
4303,5303,2024-01-09,36.0,M,Silver,Libri,Guida,41,3,123,CreditCard,Bologna,0,Poste,3,19
4304,5304,2024-01-23,39.0,M,Basic,Casa,Cuscino,140,3,420,PayPal,Torino,0,DHL,2,11
4305,5305,2024-03-19,63.0,M,Silver,Sport,Borraccia,65,3,195,CreditCard,Napoli,0,GLS,3,5
4306,5306,2024-09-15,,M,Silver,Casa,Cuscino,121,3,363,BankTransfer,Napoli,0,Poste,2,8
4307,5307,2024-09-30,50.0,M,Basic,Elettronica,Laptop,554,2,1108,BankTransfer,Bologna,0,BRT,4,1
4308,5308,2024-07-30,38.0,M,Basic,Libri,Manuale,35,1,35,CreditCard,Torino,0,BRT,4,5
4309,5309,2024-12-30,,M,Silver,Abbigliamento,Maglione,113,2,226,CreditCard,Roma,1,Poste,5,3
4310,5310,2024-02-05,40.0,F,Basic,Casa,Lampada,24,2,48,PayPal,Milano,0,BRT,3,2
4311,5311,2024-01-18,40.0,F,Basic,Casa,Coperta,67,5,335,CreditCard,Bologna,1,GLS,3,16
4312,5312,2024-02-09,36.0,M,Basic,Libri,Romanzo,37,1,37,PayPal,Torino,0,BRT,5,8
4313,5313,2024-11-06,39.0,F,Basic,Libri,Fumetto,39,2,78,Cash,Napoli,1,GLS,2,12
4314,5314,2024-09-08,39.0,M,Silver,Elettronica,Tablet,483,2,966,BankTransfer,Napoli,1,GLS,3,0
4315,5315,2024-04-18,35.0,M,Basic,Sport,Borraccia,77,2,154,CreditCard,Napoli,1,GLS,4,9
4316,5316,2024-06-28,36.0,M,Gold,Sport,Tappetino Yoga,119,1,119,Cash,Torino,0,BRT,3,7
4317,5317,2024-05-11,51.0,F,Gold,Sport,Manubri,40,2,80,PayPal,Bologna,0,GLS,4,14
4318,5318,2024-09-28,35.0,F,Basic,Casa,Tappeto,71,3,213,CreditCard,Bologna,0,BRT,4,15
4319,5319,2024-06-29,25.0,M,Basic,Sport,Tappetino Yoga,47,1,47,PayPal,Milano,0,DHL,2,6
4320,5320,2024-11-02,37.0,M,Basic,Libri,Romanzo,14,2,28,PayPal,Milano,0,GLS,4,5
4321,5321,2024-01-15,19.0,F,Gold,Sport,Borraccia,127,1,127,PayPal,Roma,0,BRT,6,4
4322,5322,2024-08-09,,M,Basic,Abbigliamento,Giacca,72,2,144,Cash,Napoli,1,GLS,3,6
4323,5323,2024-02-25,,M,Gold,Sport,Pallone,78,1,78,CreditCard,Roma,0,Poste,3,0
4324,5324,2024-07-19,38.0,F,Silver,Abbigliamento,Scarpe,59,1,59,Cash,Bologna,1,GLS,3,2
4325,5325,2024-06-28,38.0,F,Gold,Libri,Romanzo,13,2,26,Cash,Torino,0,Poste,5,3
4326,5326,2024-12-23,,M,Basic,Casa,Coperta,101,2,202,PayPal,Bologna,0,BRT,4,6
4327,5327,2024-12-09,43.0,F,Basic,Elettronica,Smartwatch,627,2,1254,PayPal,Bologna,0,DHL,2,6
4328,5328,2024-02-07,53.0,M,Gold,Abbigliamento,Maglione,166,5,830,BankTransfer,Milano,0,BRT,3,17
4329,5329,2024-01-16,50.0,F,Gold,Elettronica,Smartphone,226,4,904,Cash,Torino,0,GLS,2,15
4330,5330,2024-02-14,38.0,F,Gold,Casa,Cuscino,72,3,216,BankTransfer,Napoli,1,Poste,4,4
4331,5331,2024-02-17,57.0,F,Gold,Abbigliamento,Scarpe,143,3,429,BankTransfer,Milano,0,GLS,4,11
4332,5332,2024-02-09,65.0,M,Gold,Casa,Cuscino,105,2,210,CreditCard,Torino,0,GLS,2,5
4333,5333,2024-04-21,33.0,M,Basic,Libri,Romanzo,38,1,38,PayPal,Bologna,1,DHL,1,2
4334,5334,2024-10-08,44.0,F,Silver,Casa,Lampada,125,1,125,PayPal,Bologna,1,BRT,2,1
4335,5335,2024-10-03,,M,Silver,Libri,Enciclopedia,16,3,48,CreditCard,Bologna,0,Poste,5,7
4336,5336,2024-02-23,34.0,M,Basic,Casa,Lampada,57,4,228,CreditCard,Roma,0,BRT,4,8
4337,5337,2024-02-21,,M,Silver,Libri,Enciclopedia,50,4,200,Cash,Napoli,1,BRT,1,12
4338,5338,2024-03-17,21.0,F,Silver,Libri,Enciclopedia,24,2,48,CreditCard,Bologna,1,BRT,3,2
4339,5339,2024-03-13,25.0,F,Basic,Casa,Lampada,98,1,98,CreditCard,Napoli,0,Poste,5,6
4340,5340,2024-07-25,18.0,F,Basic,Abbigliamento,Giacca,18,2,36,Cash,Torino,1,BRT,3,2
4341,5341,2024-10-18,28.0,M,Basic,Casa,Pentola,62,1,62,PayPal,Torino,0,GLS,4,7
4342,5342,2024-09-04,,F,Silver,Libri,Enciclopedia,29,2,58,PayPal,Roma,0,Poste,2,3
4343,5343,2024-05-15,54.0,M,Silver,Sport,Pallone,36,1,36,Cash,Roma,0,GLS,3,2
4344,5344,2024-12-04,,M,Basic,Abbigliamento,Giacca,100,5,500,Cash,Torino,1,BRT,2,8
4345,5345,2024-05-09,37.0,M,Silver,Casa,Cuscino,76,3,228,BankTransfer,Torino,1,BRT,2,7
4346,5346,2024-06-12,32.0,M,Silver,Elettronica,Cuffie,201,2,402,PayPal,Bologna,1,GLS,2,9
4347,5347,2024-07-11,,F,Basic,Libri,Manuale,19,4,76,Cash,Napoli,1,DHL,3,12
4348,5348,2024-09-29,40.0,F,Basic,Abbigliamento,Jeans,48,2,96,CreditCard,Milano,1,BRT,5,6
4349,5349,2024-06-17,61.0,F,Silver,Casa,Cuscino,66,2,132,CreditCard,Torino,1,GLS,3,5
4350,5350,2024-05-17,21.0,F,Basic,Libri,Manuale,9,3,27,PayPal,Bologna,0,BRT,3,3
4351,5351,2024-08-31,48.0,M,Gold,Sport,Pallone,108,3,324,CreditCard,Napoli,0,BRT,3,13
4352,5352,2024-03-15,,F,Basic,Libri,Fumetto,34,1,34,BankTransfer,Milano,0,GLS,4,1
4353,5353,2024-09-01,21.0,F,Basic,Libri,Enciclopedia,37,1,37,CreditCard,Bologna,0,GLS,4,2
4354,5354,2024-04-24,51.0,M,Basic,Libri,Manuale,37,1,37,BankTransfer,Torino,1,BRT,4,5
4355,5355,2024-11-02,19.0,F,Basic,Sport,Borraccia,106,1,106,PayPal,Torino,0,DHL,3,8
4356,5356,2024-11-30,24.0,F,Silver,Abbigliamento,Scarpe,191,1,191,PayPal,Milano,0,DHL,2,15
4357,5357,2024-09-09,53.0,F,Silver,Libri,Guida,48,2,96,Cash,Torino,0,BRT,2,8
4358,5358,2024-06-13,36.0,M,Silver,Sport,Pallone,85,3,255,CreditCard,Milano,1,Poste,1,15
4359,5359,2024-10-11,,F,Silver,Libri,Guida,42,1,42,CreditCard,Milano,1,BRT,1,10
4360,5360,2024-03-18,75.0,F,Basic,Abbigliamento,Giacca,195,1,195,PayPal,Napoli,1,GLS,3,6
4361,5361,2024-11-18,,F,Basic,Libri,Fumetto,38,1,38,Cash,Torino,0,Poste,3,12
4362,5362,2024-02-16,49.0,M,Basic,Casa,Pentola,61,5,305,Cash,Roma,0,GLS,4,15
4363,5363,2024-10-11,40.0,M,Gold,Abbigliamento,Scarpe,189,2,378,Cash,Napoli,1,Poste,6,2
4364,5364,2024-02-22,30.0,M,Basic,Abbigliamento,Maglione,26,5,130,Cash,Bologna,1,GLS,2,14
4365,5365,2024-02-09,27.0,F,Silver,Casa,Tappeto,127,1,127,CreditCard,Milano,0,DHL,3,0
4366,5366,2024-01-22,54.0,M,Gold,Sport,Manubri,64,2,128,CreditCard,Napoli,0,BRT,1,7
4367,5367,2024-10-28,49.0,M,Basic,Sport,Scarpe Running,156,2,312,Cash,Milano,0,DHL,2,6
4368,5368,2024-09-24,45.0,M,Silver,Libri,Fumetto,25,1,25,PayPal,Torino,0,Poste,5,0
4369,5369,2024-11-05,51.0,M,Gold,Casa,Coperta,133,1,133,BankTransfer,Torino,0,Poste,3,0
4370,5370,2024-09-16,21.0,M,Basic,Elettronica,Laptop,574,2,1148,PayPal,Napoli,0,Poste,7,1
4371,5371,2024-04-14,,F,Basic,Casa,Cuscino,141,1,141,CreditCard,Napoli,0,GLS,3,0
4372,5372,2024-11-09,40.0,F,Basic,Libri,Romanzo,8,5,40,CreditCard,Milano,1,BRT,5,17
4373,5373,2024-12-10,46.0,M,Basic,Elettronica,Laptop,759,1,759,Cash,Torino,1,BRT,5,0
4374,5374,2024-09-02,55.0,F,Basic,Casa,Tappeto,91,3,273,CreditCard,Torino,0,GLS,3,5
4375,5375,2024-01-22,60.0,M,Basic,Abbigliamento,Maglione,50,1,50,PayPal,Torino,1,BRT,3,5
4376,5376,2024-06-21,41.0,M,Basic,Casa,Tappeto,77,2,154,CreditCard,Torino,0,BRT,4,6
4377,5377,2024-05-09,21.0,M,Silver,Elettronica,Cuffie,54,2,108,PayPal,Torino,0,BRT,3,9
4378,5378,2024-09-02,20.0,F,Gold,Sport,Manubri,94,3,282,Cash,Torino,0,GLS,4,0
4379,5379,2024-09-28,23.0,M,Basic,Libri,Manuale,41,1,41,BankTransfer,Bologna,0,GLS,3,1
4380,5380,2024-06-02,59.0,M,Silver,Abbigliamento,Scarpe,49,1,49,PayPal,Torino,0,Poste,2,4
4381,5381,2024-07-05,,F,Gold,Abbigliamento,Giacca,103,1,103,CreditCard,Roma,0,BRT,3,2
4382,5382,2024-06-02,,M,Gold,Libri,Guida,16,1,16,PayPal,Napoli,0,BRT,1,2
4383,5383,2024-05-28,28.0,M,Basic,Libri,Guida,24,2,48,CreditCard,Bologna,1,BRT,4,4
4384,5384,2024-05-04,37.0,F,Silver,Libri,Enciclopedia,49,3,147,PayPal,Milano,0,DHL,2,13
4385,5385,2024-03-25,48.0,F,Silver,Sport,Scarpe Running,36,1,36,CreditCard,Napoli,1,Poste,3,9
4386,5386,2024-03-10,43.0,M,Gold,Libri,Fumetto,22,1,22,Cash,Milano,0,DHL,2,12
4387,5387,2024-02-29,20.0,M,Silver,Casa,Tappeto,142,2,284,CreditCard,Bologna,0,BRT,5,2
4388,5388,2024-03-12,18.0,F,Silver,Abbigliamento,T-shirt,197,1,197,Cash,Napoli,1,BRT,6,2
4389,5389,2024-04-22,18.0,M,Silver,Libri,Guida,12,2,24,PayPal,Milano,1,Poste,4,15
4390,5390,2024-06-11,48.0,F,Silver,Elettronica,Laptop,571,5,2855,CreditCard,Torino,0,BRT,5,17
4391,5391,2024-04-03,47.0,F,Basic,Abbigliamento,Jeans,112,3,336,CreditCard,Milano,1,BRT,2,14
4392,5392,2024-12-28,38.0,M,Basic,Libri,Romanzo,47,3,141,CreditCard,Bologna,1,GLS,3,9
4393,5393,2024-11-26,69.0,F,Silver,Casa,Tappeto,132,2,264,PayPal,Roma,0,GLS,5,12
4394,5394,2024-07-11,42.0,F,Silver,Casa,Cuscino,133,1,133,Cash,Bologna,1,BRT,3,7
4395,5395,2024-01-25,31.0,M,Gold,Sport,Pallone,121,4,484,Cash,Milano,1,DHL,3,18
4396,5396,2024-05-21,56.0,M,Basic,Casa,Cuscino,52,2,104,Cash,Roma,1,GLS,3,3
4397,5397,2024-07-07,53.0,M,Gold,Casa,Tappeto,39,1,39,CreditCard,Roma,0,DHL,2,4
4398,5398,2024-10-14,27.0,M,Basic,Elettronica,Smartwatch,629,1,629,PayPal,Milano,1,GLS,3,5
4399,5399,2024-05-19,39.0,M,Silver,Casa,Lampada,17,1,17,Cash,Milano,0,BRT,4,3
4400,5400,2024-12-05,51.0,M,Gold,Casa,Coperta,12,1,12,Cash,Roma,1,DHL,1,0
4401,5401,2024-05-15,52.0,F,Gold,Elettronica,Smartphone,456,2,912,BankTransfer,Napoli,0,Poste,7,7
4402,5402,2024-07-08,36.0,M,Basic,Casa,Coperta,65,2,130,Cash,Roma,1,DHL,2,3
4403,5403,2024-10-22,19.0,F,Silver,Elettronica,Smartwatch,123,4,492,CreditCard,Roma,1,Poste,7,6
4404,5404,2024-12-19,63.0,F,Gold,Abbigliamento,Scarpe,85,1,85,CreditCard,Roma,1,BRT,1,7
4405,5405,2024-12-13,40.0,F,Gold,Casa,Coperta,106,1,106,PayPal,Napoli,0,DHL,2,0
4406,5406,2024-08-27,31.0,F,Basic,Abbigliamento,Scarpe,40,3,120,BankTransfer,Milano,0,BRT,4,12
4407,5407,2024-05-20,33.0,F,Basic,Libri,Fumetto,33,2,66,BankTransfer,Bologna,1,BRT,4,11
4408,5408,2024-06-27,31.0,M,Silver,Sport,Manubri,162,3,486,CreditCard,Torino,0,GLS,3,13
4409,5409,2024-08-01,18.0,F,Basic,Elettronica,Laptop,201,1,201,PayPal,Torino,1,BRT,1,0
4410,5410,2024-11-25,35.0,F,Basic,Elettronica,Laptop,423,4,1692,CreditCard,Bologna,0,GLS,4,9
4411,5411,2024-09-17,53.0,M,Silver,Abbigliamento,Giacca,172,1,172,CreditCard,Bologna,0,GLS,4,4
4412,5412,2024-05-13,,M,Basic,Sport,Pallone,148,2,296,PayPal,Milano,0,Poste,8,11
4413,5413,2024-10-05,30.0,M,Basic,Libri,Guida,15,1,15,BankTransfer,Milano,1,DHL,3,0
4414,5414,2024-07-22,35.0,M,Basic,Libri,Manuale,49,3,147,CreditCard,Napoli,1,Poste,3,7
4415,5415,2024-12-01,,M,Basic,Casa,Tappeto,147,2,294,CreditCard,Roma,1,DHL,3,4
4416,5416,2024-02-18,,F,Basic,Libri,Manuale,35,4,140,PayPal,Milano,0,DHL,1,13
4417,5417,2024-04-06,30.0,M,Basic,Sport,Manubri,121,3,363,Cash,Milano,0,GLS,5,5
4418,5418,2024-08-06,33.0,M,Basic,Libri,Romanzo,28,3,84,PayPal,Roma,1,BRT,1,2
4419,5419,2024-10-11,,M,Basic,Abbigliamento,Maglione,29,1,29,CreditCard,Milano,1,BRT,2,6
4420,5420,2024-09-25,18.0,M,Basic,Sport,Scarpe Running,105,4,420,PayPal,Roma,0,BRT,1,17
4421,5421,2024-07-10,28.0,M,Basic,Libri,Manuale,21,4,84,Cash,Torino,0,GLS,3,16
4422,5422,2024-02-21,40.0,M,Silver,Sport,Scarpe Running,110,1,110,PayPal,Roma,1,DHL,2,2
4423,5423,2024-07-17,46.0,M,Gold,Abbigliamento,Scarpe,55,3,165,PayPal,Torino,1,Poste,1,20
4424,5424,2024-09-27,,F,Basic,Libri,Enciclopedia,45,1,45,PayPal,Milano,0,GLS,4,7
4425,5425,2024-04-27,,F,Basic,Sport,Scarpe Running,124,2,248,CreditCard,Milano,0,DHL,1,7
4426,5426,2024-02-16,18.0,F,Silver,Libri,Enciclopedia,40,1,40,CreditCard,Roma,0,Poste,3,7
4427,5427,2024-03-04,,F,Basic,Sport,Borraccia,91,3,273,PayPal,Bologna,0,GLS,4,0
4428,5428,2024-03-25,47.0,M,Gold,Libri,Fumetto,22,2,44,BankTransfer,Bologna,0,Poste,4,2
4429,5429,2024-02-11,37.0,M,Basic,Elettronica,Tablet,657,2,1314,CreditCard,Milano,1,Poste,5,8
4430,5430,2024-05-29,38.0,M,Silver,Sport,Tappetino Yoga,140,1,140,Cash,Milano,0,DHL,2,0
4431,5431,2024-04-24,,F,Basic,Libri,Manuale,30,1,30,CreditCard,Bologna,0,Poste,8,5
4432,5432,2024-02-26,59.0,M,Basic,Elettronica,Laptop,528,1,528,CreditCard,Roma,1,BRT,4,3
4433,5433,2024-06-07,33.0,M,Basic,Abbigliamento,Maglione,178,1,178,PayPal,Napoli,0,DHL,3,7
4434,5434,2024-09-06,29.0,M,Basic,Sport,Tappetino Yoga,174,4,696,PayPal,Bologna,1,GLS,3,10
4435,5435,2024-05-10,38.0,F,Silver,Elettronica,Laptop,577,1,577,CreditCard,Napoli,0,BRT,1,6
4436,5436,2024-04-15,,F,Basic,Libri,Fumetto,9,5,45,PayPal,Torino,1,Poste,2,5
4437,5437,2024-10-13,62.0,M,Silver,Elettronica,Cuffie,698,2,1396,PayPal,Torino,0,GLS,3,9
4438,5438,2024-03-12,44.0,M,Basic,Libri,Manuale,14,4,56,CreditCard,Roma,1,GLS,5,9
4439,5439,2024-02-08,21.0,F,Basic,Sport,Manubri,115,1,115,BankTransfer,Bologna,0,Poste,3,2
4440,5440,2024-06-29,37.0,M,Silver,Elettronica,Tablet,570,3,1710,CreditCard,Bologna,0,GLS,2,15
4441,5441,2024-12-08,40.0,M,Basic,Libri,Guida,17,1,17,BankTransfer,Napoli,1,GLS,5,0
4442,5442,2024-02-26,40.0,F,Basic,Abbigliamento,Jeans,119,1,119,PayPal,Roma,0,BRT,4,11
4443,5443,2024-12-05,53.0,F,Gold,Casa,Coperta,55,1,55,PayPal,Milano,0,GLS,3,6
4444,5444,2024-02-25,37.0,M,Silver,Abbigliamento,Giacca,142,1,142,CreditCard,Milano,1,GLS,2,3
4445,5445,2024-11-04,,F,Silver,Casa,Coperta,78,1,78,PayPal,Bologna,0,BRT,1,4
4446,5446,2024-04-10,,F,Basic,Libri,Manuale,48,2,96,CreditCard,Roma,1,BRT,2,5
4447,5447,2024-11-13,,F,Basic,Casa,Lampada,99,2,198,Cash,Bologna,1,Poste,6,9
4448,5448,2024-03-06,33.0,M,Basic,Abbigliamento,T-shirt,183,1,183,BankTransfer,Milano,0,DHL,2,1
4449,5449,2024-02-06,52.0,M,Gold,Abbigliamento,Giacca,79,1,79,PayPal,Milano,0,Poste,5,0
4450,5450,2024-02-07,54.0,M,Silver,Sport,Tappetino Yoga,111,4,444,CreditCard,Roma,0,Poste,7,14
4451,5451,2024-04-28,52.0,F,Gold,Libri,Guida,34,2,68,CreditCard,Milano,0,GLS,4,11
4452,5452,2024-10-25,32.0,F,Silver,Elettronica,Smartwatch,174,4,696,BankTransfer,Torino,1,BRT,5,10
4453,5453,2024-04-05,48.0,M,Basic,Casa,Coperta,75,2,150,BankTransfer,Bologna,0,GLS,4,12
4454,5454,2024-06-14,56.0,F,Gold,Sport,Manubri,81,2,162,Cash,Torino,0,GLS,3,8
4455,5455,2024-07-01,75.0,M,Gold,Casa,Cuscino,12,2,24,PayPal,Napoli,1,Poste,6,1
4456,5456,2024-10-18,44.0,F,Basic,Casa,Tappeto,103,1,103,PayPal,Milano,0,GLS,4,9
4457,5457,2024-05-29,39.0,M,Basic,Elettronica,Laptop,673,1,673,BankTransfer,Torino,0,Poste,7,2
4458,5458,2024-10-02,24.0,M,Gold,Abbigliamento,T-shirt,134,3,402,BankTransfer,Torino,1,Poste,3,10
4459,5459,2024-10-03,38.0,M,Silver,Sport,Pallone,40,5,200,CreditCard,Bologna,1,GLS,3,10
4460,5460,2024-11-18,49.0,M,Basic,Sport,Manubri,91,2,182,Cash,Milano,0,BRT,6,5
4461,5461,2024-01-10,48.0,M,Silver,Libri,Enciclopedia,21,1,21,CreditCard,Roma,0,Poste,6,5
4462,5462,2024-08-16,,M,Basic,Elettronica,Smartphone,398,2,796,PayPal,Bologna,0,DHL,1,7
4463,5463,2024-07-11,38.0,M,Silver,Elettronica,Smartphone,326,1,326,Cash,Milano,0,BRT,1,3
4464,5464,2024-02-06,,F,Basic,Abbigliamento,Giacca,61,2,122,PayPal,Torino,0,GLS,3,6
4465,5465,2024-03-11,44.0,F,Gold,Libri,Enciclopedia,33,2,66,PayPal,Torino,0,GLS,4,6
4466,5466,2024-03-31,,M,Basic,Libri,Guida,46,1,46,Cash,Bologna,0,BRT,1,3
4467,5467,2024-01-27,56.0,M,Silver,Libri,Enciclopedia,32,2,64,PayPal,Milano,0,BRT,4,6
4468,5468,2024-03-25,40.0,F,Silver,Abbigliamento,Giacca,65,1,65,Cash,Bologna,0,DHL,2,4
4469,5469,2024-12-09,53.0,M,Basic,Casa,Coperta,119,4,476,PayPal,Roma,0,GLS,3,12
4470,5470,2024-02-07,47.0,M,Gold,Elettronica,Laptop,478,2,956,CreditCard,Milano,1,Poste,2,3
4471,5471,2024-08-31,25.0,F,Basic,Sport,Pallone,178,2,356,CreditCard,Milano,0,BRT,4,7
4472,5472,2024-09-06,18.0,M,Basic,Casa,Cuscino,34,3,102,CreditCard,Torino,0,DHL,2,8
4473,5473,2024-07-24,37.0,M,Basic,Sport,Scarpe Running,148,1,148,PayPal,Bologna,0,DHL,2,0
4474,5474,2024-12-26,71.0,M,Silver,Casa,Tappeto,46,1,46,PayPal,Bologna,0,GLS,3,8
4475,5475,2024-11-21,49.0,M,Silver,Elettronica,Smartwatch,445,3,1335,PayPal,Bologna,0,DHL,2,7
4476,5476,2024-07-11,46.0,F,Silver,Abbigliamento,Maglione,100,5,500,Cash,Bologna,1,DHL,1,14
4477,5477,2024-04-17,48.0,F,Silver,Elettronica,Smartwatch,91,2,182,CreditCard,Milano,1,GLS,4,5
4478,5478,2024-07-30,57.0,F,Silver,Libri,Fumetto,42,1,42,BankTransfer,Napoli,0,Poste,5,2
4479,5479,2024-02-20,63.0,F,Silver,Abbigliamento,Scarpe,78,3,234,Cash,Milano,1,DHL,3,10
4480,5480,2024-06-05,52.0,M,Silver,Libri,Romanzo,30,4,120,CreditCard,Milano,0,Poste,4,15
4481,5481,2024-02-14,57.0,M,Silver,Libri,Romanzo,19,2,38,CreditCard,Milano,0,Poste,3,5
4482,5482,2024-05-01,54.0,F,Silver,Casa,Cuscino,146,4,584,Cash,Milano,0,GLS,2,9
4483,5483,2024-04-15,59.0,M,Silver,Libri,Romanzo,20,2,40,CreditCard,Roma,0,GLS,2,3
4484,5484,2024-06-24,55.0,F,Gold,Libri,Guida,31,1,31,BankTransfer,Milano,0,GLS,4,0
4485,5485,2024-02-14,18.0,F,Silver,Abbigliamento,Scarpe,32,1,32,Cash,Napoli,1,GLS,2,0
4486,5486,2024-01-30,27.0,M,Basic,Elettronica,Tablet,268,3,804,CreditCard,Bologna,1,GLS,2,15
4487,5487,2024-04-22,34.0,F,Silver,Casa,Pentola,26,3,78,PayPal,Bologna,0,BRT,4,10
4488,5488,2024-10-26,38.0,F,Silver,Casa,Cuscino,36,2,72,Cash,Napoli,0,BRT,3,2
4489,5489,2024-05-10,,F,Gold,Libri,Manuale,16,4,64,Cash,Napoli,1,GLS,4,15
4490,5490,2024-01-16,,F,Silver,Abbigliamento,Maglione,102,4,408,CreditCard,Milano,1,GLS,4,12
4491,5491,2024-02-24,54.0,M,Silver,Libri,Manuale,41,2,82,Cash,Milano,0,Poste,6,11
4492,5492,2024-07-29,34.0,M,Basic,Elettronica,Laptop,583,3,1749,CreditCard,Napoli,1,Poste,6,12
4493,5493,2024-10-07,41.0,M,Silver,Casa,Tappeto,55,5,275,PayPal,Milano,0,BRT,4,16
4494,5494,2024-11-18,35.0,F,Basic,Casa,Tappeto,83,1,83,BankTransfer,Roma,0,GLS,4,0
4495,5495,2024-03-13,36.0,M,Basic,Casa,Cuscino,86,5,430,PayPal,Torino,0,BRT,2,20
4496,5496,2024-12-27,,F,Silver,Abbigliamento,Giacca,37,1,37,Cash,Milano,1,BRT,2,2
4497,5497,2024-12-29,43.0,M,Silver,Abbigliamento,Maglione,62,1,62,Cash,Napoli,1,GLS,4,1
4498,5498,2024-03-10,43.0,F,Basic,Sport,Pallone,152,4,608,BankTransfer,Roma,0,DHL,3,5
4499,5499,2024-05-30,37.0,F,Silver,Sport,Scarpe Running,22,4,88,BankTransfer,Napoli,1,GLS,3,10
4500,5500,2024-12-16,29.0,M,Basic,Elettronica,Tablet,684,1,684,PayPal,Torino,0,BRT,1,0
4501,5501,2024-02-05,35.0,F,Basic,Libri,Manuale,46,4,184,Cash,Torino,0,DHL,2,13
4502,5502,2024-10-18,20.0,F,Silver,Elettronica,Smartwatch,665,3,1995,BankTransfer,Roma,1,GLS,3,4
4503,5503,2024-02-16,38.0,M,Silver,Elettronica,Smartwatch,696,3,2088,PayPal,Napoli,0,BRT,1,11
4504,5504,2024-12-01,27.0,M,Silver,Abbigliamento,Maglione,71,2,142,CreditCard,Napoli,0,Poste,4,6
4505,5505,2024-08-20,56.0,M,Basic,Casa,Tappeto,64,2,128,Cash,Torino,1,Poste,1,3
4506,5506,2024-06-10,61.0,M,Gold,Elettronica,Laptop,266,2,532,Cash,Bologna,0,BRT,2,6
4507,5507,2024-01-26,20.0,M,Silver,Libri,Enciclopedia,47,1,47,PayPal,Milano,0,GLS,2,0
4508,5508,2024-03-01,19.0,F,Silver,Libri,Fumetto,20,1,20,CreditCard,Roma,0,Poste,5,3
4509,5509,2024-06-26,31.0,M,Silver,Abbigliamento,T-shirt,88,2,176,CreditCard,Milano,1,DHL,2,3
4510,5510,2024-10-01,37.0,M,Silver,Abbigliamento,Giacca,176,1,176,CreditCard,Napoli,1,GLS,2,7
4511,5511,2024-12-29,40.0,M,Silver,Elettronica,Laptop,794,2,1588,Cash,Milano,0,BRT,4,3
4512,5512,2024-05-26,50.0,F,Silver,Sport,Tappetino Yoga,104,4,416,BankTransfer,Torino,1,GLS,4,14
4513,5513,2024-01-20,,M,Basic,Sport,Scarpe Running,32,2,64,PayPal,Napoli,1,BRT,1,0
4514,5514,2024-01-22,42.0,M,Basic,Elettronica,Smartwatch,210,1,210,Cash,Milano,0,BRT,3,0
4515,5515,2024-01-05,28.0,F,Silver,Abbigliamento,Maglione,149,1,149,CreditCard,Roma,0,BRT,2,0
4516,5516,2024-03-21,29.0,F,Basic,Casa,Tappeto,147,3,441,PayPal,Torino,1,BRT,1,13
4517,5517,2024-12-17,46.0,M,Silver,Sport,Manubri,99,4,396,CreditCard,Roma,0,Poste,3,10
4518,5518,2024-07-12,40.0,F,Silver,Elettronica,Tablet,85,1,85,Cash,Torino,0,DHL,2,2
4519,5519,2024-06-27,,F,Basic,Abbigliamento,Giacca,169,1,169,BankTransfer,Torino,1,DHL,3,1
4520,5520,2024-08-01,26.0,M,Basic,Elettronica,Laptop,291,1,291,PayPal,Bologna,0,BRT,4,1
4521,5521,2024-11-10,39.0,M,Silver,Sport,Manubri,42,4,168,CreditCard,Roma,1,GLS,2,11
4522,5522,2024-02-15,35.0,M,Basic,Libri,Manuale,26,1,26,PayPal,Milano,1,BRT,3,6
4523,5523,2024-09-10,53.0,F,Gold,Libri,Romanzo,44,4,176,BankTransfer,Milano,0,DHL,2,11
4524,5524,2024-07-05,38.0,M,Silver,Elettronica,Cuffie,533,2,1066,BankTransfer,Bologna,0,Poste,1,9
4525,5525,2024-10-02,26.0,M,Basic,Elettronica,Cuffie,391,2,782,CreditCard,Milano,0,Poste,2,8
4526,5526,2024-10-06,49.0,F,Basic,Sport,Tappetino Yoga,104,1,104,PayPal,Bologna,0,DHL,3,5
4527,5527,2024-09-16,46.0,F,Basic,Libri,Manuale,13,1,13,PayPal,Napoli,1,GLS,2,4
4528,5528,2024-05-07,50.0,F,Silver,Abbigliamento,Jeans,128,4,512,PayPal,Milano,1,GLS,2,9
4529,5529,2024-05-08,,M,Silver,Abbigliamento,Giacca,108,2,216,PayPal,Milano,0,GLS,3,8
4530,5530,2024-05-27,25.0,M,Silver,Abbigliamento,Jeans,133,4,532,PayPal,Milano,0,DHL,2,11
4531,5531,2024-12-02,18.0,M,Basic,Libri,Guida,21,1,21,PayPal,Torino,0,Poste,6,1
4532,5532,2024-01-02,,F,Gold,Elettronica,Laptop,732,4,2928,PayPal,Roma,0,BRT,1,14
4533,5533,2024-03-07,52.0,F,Gold,Sport,Pallone,114,2,228,PayPal,Roma,0,GLS,4,8
4534,5534,2024-03-03,39.0,M,Gold,Sport,Manubri,47,1,47,CreditCard,Torino,0,BRT,1,8
4535,5535,2024-09-10,,M,Basic,Elettronica,Smartphone,685,3,2055,CreditCard,Torino,1,BRT,3,7
4536,5536,2024-05-23,37.0,M,Basic,Casa,Pentola,73,3,219,Cash,Milano,0,DHL,3,9
4537,5537,2024-04-21,50.0,F,Silver,Sport,Pallone,78,1,78,CreditCard,Roma,1,Poste,1,2
4538,5538,2024-10-16,31.0,M,Silver,Abbigliamento,Maglione,63,1,63,BankTransfer,Milano,1,DHL,1,0
4539,5539,2024-08-21,43.0,F,Basic,Sport,Scarpe Running,63,3,189,BankTransfer,Torino,1,BRT,1,13
4540,5540,2024-09-28,22.0,F,Basic,Casa,Lampada,139,1,139,CreditCard,Torino,0,DHL,2,2
4541,5541,2024-12-16,46.0,F,Basic,Elettronica,Tablet,164,2,328,CreditCard,Bologna,0,GLS,3,9
4542,5542,2024-08-23,18.0,M,Basic,Libri,Enciclopedia,15,4,60,CreditCard,Bologna,1,BRT,5,10
4543,5543,2024-09-26,30.0,F,Basic,Sport,Pallone,168,1,168,PayPal,Torino,0,DHL,3,10
4544,5544,2024-11-12,57.0,F,Silver,Abbigliamento,Scarpe,171,1,171,CreditCard,Napoli,0,BRT,5,2
4545,5545,2024-02-07,35.0,F,Basic,Libri,Guida,35,1,35,PayPal,Roma,1,BRT,5,4
4546,5546,2024-09-13,59.0,M,Basic,Elettronica,Cuffie,605,4,2420,BankTransfer,Bologna,0,BRT,2,7
4547,5547,2024-07-12,43.0,F,Silver,Casa,Pentola,11,1,11,PayPal,Torino,0,Poste,5,6
4548,5548,2024-10-19,56.0,F,Gold,Casa,Lampada,113,3,339,Cash,Milano,1,GLS,3,11
4549,5549,2024-06-04,37.0,F,Gold,Abbigliamento,Giacca,31,2,62,CreditCard,Bologna,0,DHL,3,3
4550,5550,2024-02-06,48.0,M,Silver,Libri,Guida,42,2,84,CreditCard,Milano,0,Poste,5,4
4551,5551,2024-12-05,46.0,M,Silver,Casa,Lampada,140,2,280,PayPal,Bologna,0,DHL,2,8
4552,5552,2024-10-05,,M,Basic,Elettronica,Cuffie,528,4,2112,Cash,Milano,0,DHL,2,3
4553,5553,2024-02-05,62.0,M,Silver,Abbigliamento,T-shirt,28,1,28,PayPal,Milano,0,GLS,4,2
4554,5554,2024-10-15,51.0,F,Silver,Libri,Romanzo,30,1,30,PayPal,Napoli,0,Poste,1,7
4555,5555,2024-10-06,26.0,F,Basic,Libri,Romanzo,35,1,35,CreditCard,Roma,1,Poste,6,0
4556,5556,2024-01-05,56.0,M,Gold,Abbigliamento,Maglione,16,5,80,PayPal,Roma,1,BRT,5,5
4557,5557,2024-11-09,31.0,F,Silver,Abbigliamento,Giacca,59,2,118,CreditCard,Torino,1,Poste,4,8
4558,5558,2024-03-22,18.0,F,Basic,Sport,Tappetino Yoga,140,1,140,PayPal,Torino,1,GLS,5,5
4559,5559,2024-06-26,35.0,M,Basic,Sport,Tappetino Yoga,75,1,75,PayPal,Torino,1,BRT,3,3
4560,5560,2024-08-27,24.0,F,Basic,Sport,Scarpe Running,71,1,71,CreditCard,Napoli,1,GLS,3,6
4561,5561,2024-04-20,32.0,F,Basic,Casa,Lampada,70,3,210,PayPal,Milano,1,BRT,6,8
4562,5562,2024-11-24,29.0,F,Basic,Elettronica,Smartphone,198,4,792,Cash,Torino,0,GLS,5,17
4563,5563,2024-05-10,18.0,F,Basic,Sport,Tappetino Yoga,116,1,116,CreditCard,Roma,1,BRT,4,10
4564,5564,2024-10-09,30.0,F,Silver,Casa,Pentola,51,2,102,Cash,Roma,1,Poste,6,10
4565,5565,2024-08-13,52.0,F,Silver,Abbigliamento,Giacca,134,1,134,BankTransfer,Bologna,0,BRT,2,1
4566,5566,2024-02-16,18.0,F,Basic,Casa,Pentola,47,1,47,PayPal,Roma,0,BRT,2,6
4567,5567,2024-10-23,60.0,F,Basic,Casa,Lampada,86,1,86,Cash,Napoli,0,DHL,2,0
4568,5568,2024-04-03,61.0,F,Gold,Sport,Borraccia,115,1,115,PayPal,Milano,0,GLS,5,3
4569,5569,2024-08-07,24.0,M,Basic,Elettronica,Cuffie,254,1,254,BankTransfer,Napoli,0,BRT,2,4
4570,5570,2024-06-12,72.0,M,Silver,Casa,Coperta,107,1,107,PayPal,Napoli,0,BRT,5,5
4571,5571,2024-06-04,22.0,F,Basic,Sport,Scarpe Running,73,4,292,CreditCard,Milano,1,GLS,4,16
4572,5572,2024-10-12,40.0,F,Silver,Casa,Cuscino,67,3,201,Cash,Bologna,1,Poste,9,8
4573,5573,2024-08-24,32.0,M,Basic,Abbigliamento,Jeans,140,1,140,Cash,Torino,0,BRT,6,4
4574,5574,2024-12-16,57.0,M,Silver,Libri,Romanzo,36,2,72,PayPal,Milano,0,DHL,2,7
4575,5575,2024-12-25,19.0,F,Gold,Elettronica,Cuffie,780,2,1560,CreditCard,Napoli,0,BRT,1,9
4576,5576,2024-02-26,31.0,M,Basic,Abbigliamento,Giacca,192,2,384,PayPal,Roma,1,GLS,3,1
4577,5577,2024-10-01,,F,Basic,Elettronica,Cuffie,104,2,208,BankTransfer,Napoli,1,BRT,3,1
4578,5578,2024-01-07,51.0,M,Silver,Elettronica,Cuffie,643,1,643,Cash,Bologna,0,Poste,3,7
4579,5579,2024-01-14,47.0,F,Silver,Abbigliamento,T-shirt,23,1,23,PayPal,Roma,0,DHL,3,3
4580,5580,2024-01-22,36.0,M,Silver,Abbigliamento,T-shirt,28,5,140,Cash,Napoli,1,BRT,3,14
4581,5581,2024-06-14,,F,Basic,Libri,Fumetto,45,1,45,PayPal,Roma,0,Poste,2,2
4582,5582,2024-11-18,23.0,F,Basic,Libri,Fumetto,13,5,65,CreditCard,Roma,0,Poste,4,18
4583,5583,2024-09-14,39.0,F,Silver,Abbigliamento,Giacca,79,1,79,CreditCard,Roma,0,DHL,1,2
4584,5584,2024-01-03,18.0,F,Basic,Abbigliamento,Jeans,89,2,178,PayPal,Torino,0,GLS,4,10
4585,5585,2024-10-23,,F,Basic,Sport,Tappetino Yoga,23,1,23,CreditCard,Milano,0,GLS,1,4
4586,5586,2024-05-30,21.0,M,Basic,Abbigliamento,Maglione,133,3,399,BankTransfer,Milano,1,BRT,4,6
4587,5587,2024-11-29,37.0,F,Basic,Casa,Tappeto,24,2,48,CreditCard,Napoli,0,BRT,3,7
4588,5588,2024-02-04,29.0,F,Silver,Sport,Pallone,70,1,70,BankTransfer,Milano,0,BRT,3,6
4589,5589,2024-03-16,34.0,F,Basic,Casa,Coperta,13,3,39,CreditCard,Roma,1,BRT,1,9
4590,5590,2024-06-05,37.0,F,Silver,Abbigliamento,Maglione,74,3,222,Cash,Bologna,0,GLS,2,7
4591,5591,2024-01-07,46.0,M,Gold,Sport,Manubri,154,1,154,BankTransfer,Torino,0,DHL,4,7
4592,5592,2024-06-10,,M,Basic,Casa,Pentola,118,2,236,CreditCard,Milano,1,Poste,1,11
4593,5593,2024-07-02,23.0,M,Basic,Casa,Pentola,93,1,93,PayPal,Torino,1,BRT,1,0
4594,5594,2024-10-17,50.0,M,Silver,Sport,Tappetino Yoga,128,1,128,CreditCard,Bologna,0,GLS,3,0
4595,5595,2024-01-14,68.0,M,Gold,Libri,Enciclopedia,43,5,215,CreditCard,Napoli,0,DHL,3,18
4596,5596,2024-10-05,49.0,F,Silver,Elettronica,Smartwatch,254,1,254,CreditCard,Bologna,1,BRT,5,7
4597,5597,2024-11-08,45.0,F,Basic,Casa,Tappeto,80,1,80,CreditCard,Milano,1,GLS,4,0
4598,5598,2024-01-18,,F,Basic,Casa,Cuscino,121,1,121,BankTransfer,Bologna,0,GLS,4,0
4599,5599,2024-09-19,39.0,M,Gold,Elettronica,Smartwatch,171,1,171,CreditCard,Roma,0,DHL,3,2
4600,5600,2024-01-30,,M,Basic,Casa,Tappeto,15,1,15,Cash,Napoli,0,GLS,3,1
4601,5601,2024-01-08,,F,Silver,Libri,Manuale,20,1,20,CreditCard,Bologna,0,Poste,9,4
4602,5602,2024-10-10,,F,Basic,Sport,Manubri,70,2,140,PayPal,Napoli,0,DHL,3,8
4603,5603,2024-04-01,42.0,M,Basic,Sport,Pallone,144,5,720,Cash,Roma,0,BRT,4,11
4604,5604,2024-08-15,61.0,F,Gold,Abbigliamento,T-shirt,98,1,98,PayPal,Milano,0,BRT,3,0
4605,5605,2024-02-17,36.0,M,Gold,Libri,Fumetto,40,2,80,CreditCard,Torino,0,DHL,2,5
4606,5606,2024-08-06,47.0,F,Basic,Casa,Pentola,130,1,130,Cash,Milano,0,GLS,3,0
4607,5607,2024-12-07,27.0,F,Basic,Casa,Coperta,41,2,82,CreditCard,Roma,0,GLS,4,9
4608,5608,2024-03-05,59.0,M,Gold,Casa,Coperta,37,3,111,CreditCard,Milano,0,GLS,4,11
4609,5609,2024-09-12,59.0,F,Gold,Elettronica,Smartphone,110,1,110,Cash,Roma,0,Poste,10,4
4610,5610,2024-01-02,50.0,M,Silver,Abbigliamento,Jeans,170,1,170,CreditCard,Milano,0,DHL,2,3
4611,5611,2024-11-30,50.0,F,Gold,Libri,Enciclopedia,15,3,45,CreditCard,Torino,0,Poste,6,10
4612,5612,2024-09-10,42.0,M,Silver,Casa,Cuscino,74,1,74,Cash,Torino,0,GLS,3,3
4613,5613,2024-11-16,,M,Basic,Libri,Manuale,14,2,28,PayPal,Napoli,1,BRT,5,1
4614,5614,2024-07-12,46.0,F,Silver,Sport,Scarpe Running,71,3,213,PayPal,Roma,0,Poste,7,7
4615,5615,2024-06-01,35.0,F,Basic,Libri,Guida,48,1,48,CreditCard,Torino,0,BRT,2,7
4616,5616,2024-05-27,,M,Basic,Casa,Lampada,86,1,86,BankTransfer,Roma,1,GLS,2,9
4617,5617,2024-08-31,33.0,M,Silver,Elettronica,Laptop,84,1,84,CreditCard,Bologna,1,GLS,4,3
4618,5618,2024-09-06,46.0,F,Basic,Abbigliamento,T-shirt,104,2,208,PayPal,Roma,1,BRT,3,9
4619,5619,2024-02-01,32.0,M,Basic,Abbigliamento,Jeans,43,1,43,CreditCard,Bologna,0,BRT,3,9
4620,5620,2024-04-02,18.0,F,Gold,Casa,Lampada,84,2,168,Cash,Torino,1,GLS,3,7
4621,5621,2024-10-16,49.0,M,Basic,Elettronica,Smartphone,437,2,874,CreditCard,Milano,0,Poste,7,10
4622,5622,2024-03-09,42.0,F,Basic,Abbigliamento,Jeans,116,1,116,CreditCard,Roma,1,GLS,4,2
4623,5623,2024-01-21,28.0,F,Basic,Abbigliamento,Maglione,68,2,136,PayPal,Napoli,1,Poste,4,7
4624,5624,2024-08-12,34.0,M,Silver,Casa,Cuscino,41,2,82,PayPal,Torino,0,BRT,1,0
4625,5625,2024-09-10,44.0,F,Silver,Sport,Scarpe Running,116,1,116,PayPal,Roma,0,BRT,7,6
4626,5626,2024-10-07,63.0,F,Silver,Sport,Tappetino Yoga,133,1,133,PayPal,Torino,0,BRT,5,0
4627,5627,2024-01-21,,M,Basic,Sport,Tappetino Yoga,101,5,505,CreditCard,Torino,1,BRT,4,18
4628,5628,2024-01-02,29.0,M,Basic,Abbigliamento,Scarpe,99,1,99,PayPal,Bologna,1,GLS,3,4
4629,5629,2024-11-14,,F,Gold,Libri,Guida,25,1,25,CreditCard,Milano,0,BRT,2,4
4630,5630,2024-07-19,57.0,M,Gold,Abbigliamento,T-shirt,18,3,54,Cash,Milano,0,DHL,2,15
4631,5631,2024-09-24,45.0,F,Silver,Casa,Pentola,33,2,66,PayPal,Roma,0,BRT,6,0
4632,5632,2024-10-21,44.0,M,Silver,Sport,Borraccia,135,1,135,CreditCard,Torino,0,BRT,1,5
4633,5633,2024-04-01,31.0,M,Gold,Sport,Scarpe Running,133,1,133,BankTransfer,Milano,0,DHL,2,4
4634,5634,2024-08-21,,M,Basic,Libri,Guida,19,2,38,PayPal,Roma,0,BRT,3,10
4635,5635,2024-08-07,48.0,F,Silver,Elettronica,Laptop,509,1,509,PayPal,Milano,0,BRT,6,1
4636,5636,2024-04-28,36.0,F,Basic,Casa,Coperta,96,4,384,PayPal,Milano,1,BRT,1,11
4637,5637,2024-01-13,45.0,M,Basic,Sport,Pallone,25,1,25,BankTransfer,Roma,0,Poste,6,2
4638,5638,2024-04-21,,F,Basic,Libri,Manuale,29,3,87,CreditCard,Roma,0,BRT,1,13
4639,5639,2024-09-19,56.0,M,Silver,Elettronica,Laptop,116,1,116,PayPal,Bologna,0,BRT,3,6
4640,5640,2024-01-02,37.0,F,Gold,Elettronica,Laptop,423,3,1269,PayPal,Roma,0,Poste,6,9
4641,5641,2024-02-05,18.0,M,Basic,Libri,Fumetto,20,2,40,BankTransfer,Bologna,1,Poste,5,6
4642,5642,2024-11-20,31.0,M,Basic,Elettronica,Smartwatch,771,1,771,BankTransfer,Bologna,0,GLS,3,8
4643,5643,2024-11-11,42.0,M,Silver,Sport,Tappetino Yoga,130,1,130,BankTransfer,Milano,0,BRT,1,11
4644,5644,2024-07-24,47.0,M,Basic,Casa,Tappeto,37,2,74,PayPal,Torino,0,BRT,1,4
4645,5645,2024-02-10,21.0,F,Silver,Abbigliamento,T-shirt,89,3,267,BankTransfer,Roma,0,Poste,5,6
4646,5646,2024-02-22,,M,Basic,Elettronica,Laptop,174,4,696,BankTransfer,Milano,1,Poste,6,9
4647,5647,2024-10-26,36.0,F,Silver,Libri,Enciclopedia,44,1,44,PayPal,Napoli,0,GLS,2,6
4648,5648,2024-04-22,31.0,M,Silver,Casa,Coperta,32,5,160,CreditCard,Milano,0,BRT,5,6
4649,5649,2024-12-26,24.0,M,Basic,Libri,Enciclopedia,42,2,84,BankTransfer,Torino,1,BRT,5,1
4650,5650,2024-12-03,18.0,M,Basic,Libri,Manuale,8,3,24,PayPal,Bologna,0,Poste,3,8
4651,5651,2024-03-23,41.0,F,Silver,Abbigliamento,T-shirt,20,2,40,CreditCard,Napoli,0,Poste,5,7
4652,5652,2024-08-07,21.0,M,Silver,Sport,Manubri,117,1,117,BankTransfer,Milano,0,Poste,6,5
4653,5653,2024-06-12,26.0,F,Silver,Libri,Guida,14,3,42,BankTransfer,Bologna,0,GLS,3,15
4654,5654,2024-10-03,,M,Silver,Libri,Guida,8,4,32,PayPal,Torino,0,DHL,3,17
4655,5655,2024-02-11,30.0,M,Basic,Casa,Cuscino,90,1,90,Cash,Torino,1,Poste,1,2
4656,5656,2024-12-25,43.0,M,Basic,Casa,Cuscino,73,1,73,BankTransfer,Milano,0,DHL,1,9
4657,5657,2024-11-23,53.0,M,Silver,Abbigliamento,Maglione,134,1,134,BankTransfer,Napoli,0,BRT,6,0
4658,5658,2024-04-18,41.0,M,Gold,Elettronica,Tablet,183,1,183,PayPal,Napoli,0,BRT,2,0
4659,5659,2024-10-02,,M,Basic,Sport,Pallone,106,1,106,Cash,Milano,0,GLS,4,0
4660,5660,2024-07-24,29.0,M,Basic,Libri,Romanzo,21,4,84,BankTransfer,Roma,1,Poste,2,15
4661,5661,2024-08-25,27.0,F,Gold,Libri,Enciclopedia,17,1,17,PayPal,Milano,1,GLS,3,5
4662,5662,2024-02-14,25.0,M,Basic,Libri,Guida,30,5,150,Cash,Napoli,1,BRT,3,16
4663,5663,2024-10-02,,F,Basic,Libri,Manuale,23,1,23,CreditCard,Torino,0,DHL,2,14
4664,5664,2024-06-29,18.0,F,Silver,Libri,Romanzo,16,1,16,CreditCard,Bologna,1,GLS,5,4
4665,5665,2024-07-06,44.0,F,Basic,Abbigliamento,Scarpe,42,1,42,CreditCard,Roma,1,BRT,2,0
4666,5666,2024-02-01,20.0,F,Basic,Libri,Fumetto,32,1,32,CreditCard,Milano,0,BRT,1,9
4667,5667,2024-04-16,41.0,M,Silver,Abbigliamento,Scarpe,82,1,82,Cash,Milano,0,GLS,4,3
4668,5668,2024-10-05,57.0,M,Gold,Sport,Scarpe Running,56,1,56,CreditCard,Napoli,0,BRT,4,0
4669,5669,2024-10-03,46.0,F,Basic,Casa,Coperta,90,1,90,PayPal,Bologna,1,Poste,4,1
4670,5670,2024-11-16,,M,Basic,Abbigliamento,Maglione,34,2,68,Cash,Napoli,0,BRT,3,7
4671,5671,2024-04-23,43.0,M,Silver,Casa,Tappeto,108,2,216,BankTransfer,Milano,1,BRT,6,7
4672,5672,2024-09-05,18.0,F,Basic,Libri,Romanzo,49,2,98,PayPal,Torino,0,GLS,5,4
4673,5673,2024-04-28,30.0,M,Basic,Libri,Fumetto,23,2,46,PayPal,Milano,0,GLS,4,5
4674,5674,2024-06-30,34.0,F,Gold,Casa,Tappeto,18,3,54,BankTransfer,Roma,0,GLS,3,2
4675,5675,2024-05-10,18.0,F,Basic,Elettronica,Smartphone,189,4,756,PayPal,Milano,1,GLS,4,6
4676,5676,2024-09-05,64.0,F,Gold,Libri,Manuale,35,5,175,CreditCard,Torino,0,Poste,7,18
4677,5677,2024-05-31,43.0,M,Gold,Sport,Manubri,48,1,48,PayPal,Napoli,1,BRT,2,0
4678,5678,2024-10-11,54.0,M,Basic,Abbigliamento,Jeans,20,2,40,PayPal,Roma,1,BRT,5,9
4679,5679,2024-05-08,38.0,M,Silver,Casa,Lampada,120,1,120,Cash,Torino,1,DHL,3,4
4680,5680,2024-03-30,45.0,F,Basic,Sport,Pallone,94,2,188,CreditCard,Milano,0,GLS,5,4
4681,5681,2024-07-22,67.0,M,Gold,Abbigliamento,Giacca,96,2,192,CreditCard,Bologna,0,BRT,3,4
4682,5682,2024-01-05,38.0,M,Silver,Casa,Lampada,109,2,218,CreditCard,Torino,0,GLS,3,0
4683,5683,2024-05-05,43.0,M,Basic,Casa,Tappeto,44,2,88,Cash,Roma,1,BRT,1,10
4684,5684,2024-04-19,46.0,F,Basic,Casa,Coperta,125,3,375,CreditCard,Roma,1,Poste,2,10
4685,5685,2024-06-09,44.0,M,Basic,Abbigliamento,Giacca,181,1,181,PayPal,Roma,0,BRT,4,3
4686,5686,2024-03-21,,M,Basic,Casa,Cuscino,137,2,274,PayPal,Bologna,0,Poste,2,2
4687,5687,2024-06-26,34.0,F,Gold,Abbigliamento,Jeans,63,2,126,CreditCard,Bologna,0,BRT,5,7
4688,5688,2024-06-26,33.0,F,Basic,Sport,Scarpe Running,70,4,280,CreditCard,Bologna,0,BRT,5,16
4689,5689,2024-02-02,21.0,M,Gold,Casa,Tappeto,30,2,60,CreditCard,Napoli,0,GLS,4,8
4690,5690,2024-10-28,33.0,M,Gold,Libri,Guida,44,2,88,BankTransfer,Bologna,0,Poste,2,10
4691,5691,2024-02-11,32.0,M,Basic,Casa,Pentola,46,2,92,BankTransfer,Milano,0,GLS,4,8
4692,5692,2024-01-17,29.0,M,Gold,Casa,Lampada,31,3,93,BankTransfer,Napoli,1,GLS,4,9
4693,5693,2024-07-02,46.0,M,Silver,Sport,Pallone,111,2,222,BankTransfer,Bologna,0,Poste,1,5
4694,5694,2024-11-29,42.0,M,Silver,Casa,Pentola,60,1,60,Cash,Torino,0,Poste,8,0
4695,5695,2024-05-12,22.0,M,Basic,Elettronica,Cuffie,245,2,490,PayPal,Milano,0,GLS,2,2
4696,5696,2024-08-06,32.0,M,Basic,Casa,Cuscino,93,2,186,BankTransfer,Bologna,1,Poste,6,8
4697,5697,2024-05-31,42.0,M,Silver,Casa,Lampada,132,1,132,CreditCard,Milano,0,Poste,3,6
4698,5698,2024-11-05,43.0,M,Basic,Libri,Manuale,17,2,34,BankTransfer,Napoli,0,Poste,3,4
4699,5699,2024-06-15,40.0,F,Silver,Elettronica,Tablet,495,2,990,PayPal,Roma,1,BRT,2,5
4700,5700,2024-01-15,29.0,F,Silver,Sport,Pallone,44,5,220,CreditCard,Roma,0,DHL,2,16
4701,5701,2024-05-07,63.0,M,Silver,Casa,Pentola,145,3,435,CreditCard,Milano,0,Poste,3,10
4702,5702,2024-05-19,45.0,F,Silver,Sport,Borraccia,37,2,74,PayPal,Milano,0,BRT,3,5
4703,5703,2024-07-03,29.0,M,Basic,Casa,Coperta,29,3,87,BankTransfer,Napoli,0,Poste,7,8
4704,5704,2024-08-17,,M,Basic,Casa,Lampada,114,1,114,PayPal,Roma,1,Poste,5,5
4705,5705,2024-04-04,32.0,M,Basic,Casa,Cuscino,29,4,116,PayPal,Bologna,0,Poste,6,14
4706,5706,2024-10-07,63.0,F,Silver,Elettronica,Smartwatch,431,1,431,BankTransfer,Milano,0,BRT,1,3
4707,5707,2024-08-25,38.0,F,Gold,Casa,Tappeto,149,2,298,CreditCard,Napoli,0,BRT,1,10
4708,5708,2024-06-27,,F,Basic,Libri,Manuale,34,2,68,CreditCard,Napoli,0,Poste,3,0
4709,5709,2024-09-17,45.0,F,Basic,Abbigliamento,Scarpe,56,1,56,PayPal,Milano,1,GLS,4,8
4710,5710,2024-09-26,,M,Basic,Elettronica,Cuffie,697,1,697,CreditCard,Bologna,0,GLS,4,0
4711,5711,2024-05-04,26.0,M,Silver,Libri,Romanzo,26,2,52,BankTransfer,Roma,0,DHL,2,5
4712,5712,2024-11-27,22.0,F,Silver,Elettronica,Laptop,205,3,615,CreditCard,Bologna,0,GLS,3,7
4713,5713,2024-03-16,,M,Silver,Sport,Tappetino Yoga,33,1,33,CreditCard,Napoli,0,BRT,4,2
4714,5714,2024-01-04,18.0,M,Basic,Libri,Fumetto,48,5,240,CreditCard,Napoli,1,BRT,1,11
4715,5715,2024-01-23,33.0,M,Basic,Sport,Borraccia,135,1,135,PayPal,Milano,0,DHL,2,1
4716,5716,2024-12-24,,F,Basic,Sport,Tappetino Yoga,51,3,153,CreditCard,Milano,1,BRT,3,6
4717,5717,2024-07-26,48.0,M,Basic,Sport,Tappetino Yoga,73,1,73,BankTransfer,Torino,0,DHL,3,6
4718,5718,2024-09-13,18.0,M,Basic,Abbigliamento,T-shirt,133,1,133,PayPal,Roma,1,BRT,3,0
4719,5719,2024-08-08,18.0,F,Basic,Sport,Tappetino Yoga,82,4,328,PayPal,Roma,0,Poste,2,15
4720,5720,2024-06-20,34.0,M,Basic,Elettronica,Smartphone,410,2,820,BankTransfer,Milano,0,GLS,2,3
4721,5721,2024-04-29,25.0,M,Silver,Elettronica,Laptop,282,2,564,CreditCard,Torino,0,GLS,3,5
4722,5722,2024-08-03,,F,Basic,Casa,Tappeto,118,3,354,Cash,Torino,0,BRT,2,12
4723,5723,2024-09-21,34.0,M,Basic,Abbigliamento,Giacca,91,1,91,PayPal,Bologna,0,GLS,5,10
4724,5724,2024-06-06,29.0,M,Basic,Sport,Tappetino Yoga,35,1,35,CreditCard,Milano,1,Poste,3,1
4725,5725,2024-11-22,60.0,M,Gold,Abbigliamento,Giacca,18,2,36,BankTransfer,Roma,0,BRT,3,0
4726,5726,2024-06-13,18.0,M,Basic,Casa,Cuscino,61,4,244,PayPal,Bologna,0,BRT,4,16
4727,5727,2024-07-30,,F,Gold,Libri,Manuale,20,3,60,CreditCard,Milano,0,Poste,4,7
4728,5728,2024-07-04,,M,Gold,Elettronica,Smartwatch,595,1,595,BankTransfer,Milano,0,BRT,5,7
4729,5729,2024-03-06,27.0,F,Basic,Libri,Guida,17,2,34,CreditCard,Torino,1,Poste,5,10
4730,5730,2024-12-29,21.0,M,Silver,Casa,Coperta,82,2,164,Cash,Napoli,1,GLS,3,9
4731,5731,2024-07-14,22.0,M,Silver,Libri,Manuale,43,1,43,CreditCard,Milano,1,GLS,2,5
4732,5732,2024-05-24,49.0,F,Gold,Sport,Pallone,152,3,456,Cash,Roma,1,BRT,1,7
4733,5733,2024-10-26,53.0,F,Silver,Elettronica,Cuffie,191,2,382,CreditCard,Milano,0,GLS,4,5
4734,5734,2024-09-17,28.0,F,Basic,Abbigliamento,Maglione,104,1,104,CreditCard,Bologna,0,BRT,3,4
4735,5735,2024-05-17,55.0,M,Silver,Casa,Pentola,34,2,68,CreditCard,Milano,1,BRT,1,0
4736,5736,2024-02-26,,F,Silver,Casa,Tappeto,127,1,127,CreditCard,Bologna,0,GLS,2,7
4737,5737,2024-08-24,29.0,M,Basic,Casa,Cuscino,15,1,15,BankTransfer,Torino,1,BRT,2,1
4738,5738,2024-04-24,58.0,M,Gold,Abbigliamento,Maglione,36,5,180,PayPal,Bologna,0,BRT,5,18
4739,5739,2024-12-05,49.0,F,Silver,Sport,Tappetino Yoga,102,1,102,PayPal,Torino,1,BRT,1,0
4740,5740,2024-09-03,19.0,F,Basic,Libri,Romanzo,18,4,72,BankTransfer,Milano,1,Poste,3,9
4741,5741,2024-05-30,51.0,M,Silver,Casa,Pentola,91,2,182,CreditCard,Roma,0,BRT,1,4
4742,5742,2024-03-30,58.0,F,Gold,Abbigliamento,T-shirt,40,3,120,Cash,Torino,0,Poste,6,8
4743,5743,2024-01-19,35.0,M,Silver,Libri,Fumetto,25,1,25,CreditCard,Milano,0,GLS,2,9
4744,5744,2024-12-26,29.0,M,Gold,Casa,Cuscino,52,2,104,Cash,Roma,0,GLS,3,3
4745,5745,2024-04-01,50.0,F,Basic,Elettronica,Smartphone,568,2,1136,CreditCard,Bologna,0,Poste,3,13
4746,5746,2024-09-18,61.0,F,Silver,Sport,Tappetino Yoga,61,5,305,PayPal,Torino,1,BRT,6,24
4747,5747,2024-09-09,31.0,F,Basic,Casa,Pentola,20,1,20,PayPal,Milano,0,GLS,2,0
4748,5748,2024-09-30,45.0,F,Silver,Abbigliamento,Maglione,91,1,91,PayPal,Napoli,1,BRT,2,5
4749,5749,2024-11-01,65.0,M,Silver,Casa,Tappeto,135,4,540,CreditCard,Bologna,1,GLS,4,9
4750,5750,2024-12-01,34.0,F,Basic,Elettronica,Laptop,698,1,698,BankTransfer,Roma,1,Poste,7,2
4751,5751,2024-04-13,33.0,M,Basic,Casa,Coperta,77,4,308,PayPal,Torino,1,Poste,4,7
4752,5752,2024-04-09,28.0,F,Gold,Casa,Lampada,81,2,162,CreditCard,Bologna,0,BRT,4,7
4753,5753,2024-04-13,22.0,F,Basic,Casa,Cuscino,74,1,74,Cash,Milano,0,GLS,4,5
4754,5754,2024-10-21,18.0,M,Basic,Abbigliamento,Jeans,106,4,424,PayPal,Milano,1,Poste,5,13
4755,5755,2024-01-12,47.0,M,Silver,Sport,Tappetino Yoga,55,1,55,BankTransfer,Roma,0,GLS,3,5
4756,5756,2024-06-11,34.0,M,Basic,Elettronica,Smartphone,53,1,53,Cash,Roma,1,Poste,7,1
4757,5757,2024-03-20,18.0,M,Basic,Casa,Pentola,104,4,416,CreditCard,Napoli,0,BRT,2,7
4758,5758,2024-08-05,46.0,M,Silver,Libri,Manuale,37,1,37,CreditCard,Roma,1,GLS,4,5
4759,5759,2024-07-21,,F,Basic,Elettronica,Smartphone,796,1,796,PayPal,Torino,1,BRT,1,0
4760,5760,2024-08-10,18.0,M,Basic,Sport,Pallone,105,3,315,PayPal,Milano,0,GLS,5,9
4761,5761,2024-07-16,28.0,F,Basic,Abbigliamento,Giacca,61,1,61,Cash,Torino,0,BRT,5,7
4762,5762,2024-10-10,,M,Basic,Casa,Lampada,17,1,17,BankTransfer,Roma,0,BRT,4,7
4763,5763,2024-06-05,,M,Basic,Abbigliamento,Maglione,40,1,40,BankTransfer,Bologna,0,GLS,3,6
4764,5764,2024-08-05,49.0,F,Basic,Libri,Romanzo,15,2,30,CreditCard,Roma,1,DHL,3,10
4765,5765,2024-05-08,53.0,M,Silver,Libri,Romanzo,29,1,29,CreditCard,Bologna,0,DHL,2,0
4766,5766,2024-11-24,45.0,M,Basic,Casa,Tappeto,54,1,54,CreditCard,Roma,1,GLS,4,5
4767,5767,2024-12-11,,M,Basic,Libri,Romanzo,34,1,34,BankTransfer,Bologna,1,BRT,4,4
4768,5768,2024-02-24,45.0,F,Gold,Libri,Guida,37,1,37,BankTransfer,Torino,0,GLS,4,5
4769,5769,2024-12-04,22.0,F,Silver,Elettronica,Laptop,430,2,860,CreditCard,Napoli,1,Poste,5,4
4770,5770,2024-04-03,,M,Gold,Elettronica,Laptop,700,1,700,PayPal,Bologna,0,Poste,8,3
4771,5771,2024-12-21,,F,Gold,Sport,Pallone,146,4,584,CreditCard,Bologna,0,GLS,2,9
4772,5772,2024-10-20,32.0,M,Silver,Sport,Pallone,41,1,41,CreditCard,Torino,1,GLS,2,0
4773,5773,2024-11-02,47.0,M,Basic,Abbigliamento,Maglione,176,1,176,BankTransfer,Milano,0,DHL,2,0
4774,5774,2024-10-21,43.0,M,Basic,Libri,Guida,31,1,31,BankTransfer,Torino,0,BRT,1,0
4775,5775,2024-07-25,18.0,F,Basic,Elettronica,Smartphone,219,4,876,BankTransfer,Roma,1,Poste,4,8
4776,5776,2024-04-28,18.0,M,Basic,Casa,Lampada,35,1,35,CreditCard,Milano,0,BRT,2,0
4777,5777,2024-07-25,69.0,M,Basic,Sport,Scarpe Running,134,2,268,Cash,Torino,0,GLS,3,9
4778,5778,2024-03-10,41.0,M,Silver,Abbigliamento,Scarpe,141,2,282,BankTransfer,Torino,1,DHL,3,8
4779,5779,2024-05-24,58.0,M,Basic,Sport,Borraccia,78,3,234,CreditCard,Milano,0,DHL,2,5
4780,5780,2024-10-12,59.0,M,Silver,Elettronica,Laptop,68,2,136,PayPal,Roma,0,BRT,2,7
4781,5781,2024-02-23,37.0,M,Basic,Abbigliamento,Giacca,184,2,368,PayPal,Bologna,1,DHL,3,3
4782,5782,2024-05-31,,F,Silver,Elettronica,Smartphone,208,3,624,CreditCard,Milano,1,GLS,3,9
4783,5783,2024-12-03,18.0,M,Basic,Elettronica,Smartwatch,115,1,115,CreditCard,Torino,0,BRT,2,4
4784,5784,2024-02-22,18.0,F,Basic,Casa,Pentola,122,4,488,Cash,Milano,0,BRT,4,13
4785,5785,2024-02-22,62.0,M,Gold,Libri,Fumetto,32,2,64,PayPal,Napoli,1,GLS,5,3
4786,5786,2024-01-04,37.0,F,Gold,Casa,Cuscino,94,4,376,BankTransfer,Bologna,1,BRT,4,15
4787,5787,2024-02-20,51.0,F,Gold,Sport,Manubri,108,2,216,Cash,Roma,0,BRT,2,6
4788,5788,2024-02-18,35.0,F,Basic,Elettronica,Smartwatch,574,2,1148,PayPal,Milano,0,DHL,3,4
4789,5789,2024-04-23,57.0,M,Gold,Abbigliamento,Maglione,100,2,200,PayPal,Roma,1,BRT,2,0
4790,5790,2024-12-06,42.0,F,Basic,Sport,Borraccia,172,1,172,PayPal,Milano,0,Poste,7,0
4791,5791,2024-02-03,43.0,F,Gold,Elettronica,Tablet,453,3,1359,BankTransfer,Milano,0,GLS,5,11
4792,5792,2024-11-07,34.0,M,Basic,Casa,Lampada,35,2,70,PayPal,Torino,1,BRT,4,8
4793,5793,2024-10-05,,F,Silver,Casa,Coperta,60,2,120,CreditCard,Torino,1,Poste,6,10
4794,5794,2024-06-01,52.0,F,Gold,Abbigliamento,T-shirt,64,1,64,BankTransfer,Milano,1,BRT,3,0
4795,5795,2024-09-05,,F,Basic,Sport,Manubri,58,4,232,PayPal,Bologna,1,BRT,2,12
4796,5796,2024-12-15,25.0,M,Silver,Abbigliamento,Giacca,83,3,249,Cash,Roma,1,DHL,2,12
4797,5797,2024-02-01,21.0,F,Basic,Abbigliamento,Maglione,56,3,168,CreditCard,Torino,0,GLS,3,7
4798,5798,2024-08-11,32.0,F,Silver,Sport,Manubri,143,4,572,BankTransfer,Napoli,1,Poste,5,13
4799,5799,2024-06-01,23.0,M,Basic,Casa,Coperta,73,5,365,BankTransfer,Milano,0,Poste,2,10
4800,5800,2024-10-21,48.0,M,Basic,Libri,Manuale,31,1,31,Cash,Torino,1,Poste,1,1
4801,5801,2024-11-14,,M,Basic,Libri,Enciclopedia,18,1,18,Cash,Torino,0,BRT,6,5
4802,5802,2024-12-02,,M,Basic,Sport,Tappetino Yoga,50,3,150,CreditCard,Roma,1,BRT,3,11
4803,5803,2024-04-25,54.0,M,Gold,Libri,Enciclopedia,41,1,41,CreditCard,Roma,0,GLS,5,6
4804,5804,2024-12-21,51.0,F,Silver,Abbigliamento,Jeans,91,1,91,Cash,Milano,1,GLS,4,12
4805,5805,2024-01-18,51.0,M,Silver,Libri,Enciclopedia,29,3,87,BankTransfer,Milano,0,Poste,3,9
4806,5806,2024-02-11,,M,Basic,Abbigliamento,Scarpe,128,5,640,PayPal,Milano,0,GLS,5,14
4807,5807,2024-07-20,18.0,M,Basic,Elettronica,Smartphone,370,2,740,CreditCard,Roma,1,GLS,2,15
4808,5808,2024-06-08,70.0,F,Basic,Abbigliamento,Jeans,38,2,76,BankTransfer,Bologna,0,DHL,2,9
4809,5809,2024-02-15,29.0,F,Basic,Sport,Pallone,80,2,160,BankTransfer,Roma,0,BRT,4,4
4810,5810,2024-12-11,63.0,M,Gold,Sport,Manubri,77,1,77,Cash,Roma,0,BRT,2,5
4811,5811,2024-06-11,18.0,M,Silver,Sport,Scarpe Running,68,2,136,PayPal,Napoli,1,DHL,1,7
4812,5812,2024-09-22,36.0,M,Basic,Elettronica,Tablet,187,2,374,BankTransfer,Milano,0,Poste,4,8
4813,5813,2024-04-26,36.0,M,Gold,Elettronica,Smartwatch,166,3,498,Cash,Napoli,0,GLS,3,10
4814,5814,2024-05-31,41.0,F,Basic,Elettronica,Laptop,299,1,299,CreditCard,Roma,0,BRT,5,4
4815,5815,2024-06-17,24.0,F,Gold,Abbigliamento,T-shirt,108,2,216,BankTransfer,Roma,0,Poste,3,9
4816,5816,2024-10-14,33.0,F,Basic,Abbigliamento,Scarpe,162,4,648,CreditCard,Bologna,1,GLS,5,15
4817,5817,2024-09-15,50.0,M,Basic,Abbigliamento,Jeans,82,1,82,CreditCard,Napoli,0,GLS,2,1
4818,5818,2024-01-11,37.0,F,Basic,Libri,Enciclopedia,40,1,40,PayPal,Bologna,0,GLS,4,0
4819,5819,2024-10-19,,F,Basic,Casa,Cuscino,80,5,400,BankTransfer,Milano,0,BRT,4,20
4820,5820,2024-10-20,31.0,M,Basic,Elettronica,Tablet,538,3,1614,Cash,Milano,0,BRT,4,5
4821,5821,2024-10-03,75.0,M,Basic,Libri,Romanzo,9,2,18,BankTransfer,Napoli,1,GLS,3,9
4822,5822,2024-05-25,28.0,F,Silver,Abbigliamento,Maglione,119,1,119,CreditCard,Roma,1,BRT,2,2
4823,5823,2024-10-24,48.0,M,Silver,Casa,Tappeto,37,4,148,CreditCard,Roma,1,Poste,4,16
4824,5824,2024-04-11,57.0,F,Gold,Elettronica,Cuffie,233,3,699,CreditCard,Roma,0,Poste,7,11
4825,5825,2024-03-24,22.0,F,Basic,Sport,Tappetino Yoga,163,4,652,CreditCard,Bologna,1,BRT,1,11
4826,5826,2024-02-25,33.0,F,Basic,Elettronica,Cuffie,128,1,128,CreditCard,Torino,1,BRT,3,2
4827,5827,2024-11-24,44.0,F,Basic,Sport,Pallone,40,2,80,CreditCard,Bologna,1,DHL,3,0
4828,5828,2024-06-05,56.0,M,Basic,Casa,Tappeto,74,4,296,PayPal,Torino,1,BRT,3,19
4829,5829,2024-05-17,55.0,F,Silver,Libri,Manuale,49,2,98,PayPal,Torino,0,Poste,6,9
4830,5830,2024-03-09,,F,Silver,Casa,Lampada,85,1,85,BankTransfer,Roma,0,GLS,3,0
4831,5831,2024-06-15,43.0,F,Basic,Sport,Manubri,139,1,139,CreditCard,Bologna,1,DHL,2,8
4832,5832,2024-12-25,41.0,M,Silver,Libri,Romanzo,41,1,41,PayPal,Bologna,0,GLS,5,5
4833,5833,2024-11-27,42.0,F,Silver,Sport,Manubri,111,1,111,CreditCard,Bologna,0,BRT,3,6
4834,5834,2024-07-06,,F,Silver,Abbigliamento,Scarpe,197,5,985,PayPal,Roma,1,GLS,3,20
4835,5835,2024-07-20,18.0,F,Silver,Abbigliamento,Giacca,168,4,672,CreditCard,Milano,1,Poste,8,22
4836,5836,2024-02-26,,F,Silver,Casa,Coperta,91,4,364,BankTransfer,Milano,0,BRT,2,12
4837,5837,2024-11-08,42.0,F,Basic,Elettronica,Tablet,346,1,346,Cash,Milano,0,BRT,4,2
4838,5838,2024-10-05,44.0,F,Silver,Elettronica,Cuffie,663,1,663,Cash,Torino,1,BRT,2,0
4839,5839,2024-05-12,38.0,M,Silver,Casa,Lampada,38,2,76,Cash,Napoli,0,DHL,1,14
4840,5840,2024-04-17,44.0,M,Basic,Sport,Pallone,119,2,238,CreditCard,Milano,0,BRT,2,2
4841,5841,2024-08-21,34.0,M,Basic,Libri,Romanzo,38,2,76,BankTransfer,Roma,0,BRT,2,9
4842,5842,2024-06-24,18.0,M,Basic,Sport,Scarpe Running,168,1,168,BankTransfer,Napoli,0,DHL,2,0
4843,5843,2024-07-21,35.0,F,Basic,Libri,Romanzo,19,4,76,Cash,Bologna,1,DHL,1,10
4844,5844,2024-08-01,36.0,M,Gold,Sport,Tappetino Yoga,44,2,88,BankTransfer,Torino,0,Poste,3,9
4845,5845,2024-08-13,18.0,F,Basic,Elettronica,Laptop,376,1,376,Cash,Torino,0,BRT,3,0
4846,5846,2024-01-06,,F,Silver,Libri,Romanzo,23,1,23,PayPal,Roma,1,GLS,4,8
4847,5847,2024-09-17,21.0,F,Basic,Elettronica,Smartphone,681,4,2724,Cash,Milano,0,DHL,2,7
4848,5848,2024-02-09,47.0,M,Silver,Casa,Coperta,81,2,162,BankTransfer,Torino,1,Poste,1,11
4849,5849,2024-02-26,42.0,F,Basic,Casa,Tappeto,36,3,108,CreditCard,Milano,0,DHL,2,12
4850,5850,2024-11-26,23.0,F,Basic,Elettronica,Smartwatch,471,5,2355,PayPal,Torino,0,GLS,3,21
4851,5851,2024-09-29,42.0,F,Basic,Libri,Fumetto,34,1,34,CreditCard,Torino,0,DHL,2,0
4852,5852,2024-05-15,57.0,M,Silver,Sport,Pallone,177,2,354,Cash,Roma,0,BRT,4,4
4853,5853,2024-04-18,41.0,M,Basic,Abbigliamento,Jeans,56,4,224,CreditCard,Napoli,0,GLS,4,8
4854,5854,2024-11-03,34.0,F,Gold,Elettronica,Tablet,611,4,2444,Cash,Bologna,0,DHL,2,12
4855,5855,2024-04-10,,M,Basic,Elettronica,Smartphone,673,3,2019,BankTransfer,Milano,0,Poste,2,5
4856,5856,2024-06-01,,F,Silver,Casa,Pentola,38,2,76,Cash,Milano,1,GLS,2,6
4857,5857,2024-11-21,,F,Basic,Abbigliamento,Jeans,158,2,316,CreditCard,Milano,0,GLS,4,7
4858,5858,2024-05-13,40.0,M,Basic,Casa,Tappeto,65,2,130,PayPal,Torino,1,GLS,3,0
4859,5859,2024-04-26,24.0,F,Basic,Sport,Pallone,59,2,118,CreditCard,Torino,0,GLS,3,2
4860,5860,2024-05-26,18.0,M,Silver,Sport,Scarpe Running,51,1,51,PayPal,Milano,1,BRT,4,0
4861,5861,2024-09-24,18.0,F,Silver,Casa,Coperta,26,2,52,PayPal,Roma,0,GLS,4,1
4862,5862,2024-11-19,32.0,F,Basic,Sport,Borraccia,170,2,340,CreditCard,Milano,0,Poste,6,2
4863,5863,2024-06-22,48.0,M,Gold,Casa,Coperta,123,2,246,PayPal,Napoli,0,Poste,5,15
4864,5864,2024-11-22,18.0,F,Basic,Libri,Romanzo,48,3,144,PayPal,Torino,1,BRT,1,8
4865,5865,2024-07-16,,M,Silver,Sport,Borraccia,145,1,145,CreditCard,Bologna,0,GLS,3,0
4866,5866,2024-09-03,45.0,F,Gold,Elettronica,Smartwatch,459,1,459,BankTransfer,Milano,0,GLS,5,0
4867,5867,2024-10-07,19.0,M,Silver,Casa,Coperta,70,3,210,BankTransfer,Roma,1,Poste,6,6
4868,5868,2024-06-19,,M,Basic,Libri,Guida,8,1,8,Cash,Milano,0,BRT,3,6
4869,5869,2024-05-17,26.0,F,Basic,Abbigliamento,T-shirt,52,2,104,BankTransfer,Roma,0,DHL,1,3
4870,5870,2024-12-07,31.0,M,Basic,Libri,Enciclopedia,29,4,116,CreditCard,Torino,1,GLS,5,7
4871,5871,2024-01-30,56.0,F,Silver,Elettronica,Cuffie,105,1,105,PayPal,Bologna,0,GLS,3,5
4872,5872,2024-10-20,46.0,M,Silver,Elettronica,Smartphone,378,2,756,CreditCard,Bologna,0,BRT,3,7
4873,5873,2024-11-03,51.0,F,Silver,Elettronica,Cuffie,662,1,662,CreditCard,Roma,0,Poste,2,0
4874,5874,2024-05-23,21.0,M,Gold,Abbigliamento,Scarpe,174,1,174,CreditCard,Bologna,0,GLS,3,0
4875,5875,2024-12-11,54.0,M,Basic,Sport,Pallone,28,3,84,PayPal,Roma,1,BRT,2,14
4876,5876,2024-06-06,38.0,F,Silver,Casa,Lampada,32,1,32,PayPal,Milano,0,BRT,2,0
4877,5877,2024-10-29,,M,Basic,Libri,Enciclopedia,35,3,105,PayPal,Roma,0,Poste,3,15
4878,5878,2024-01-12,38.0,F,Silver,Abbigliamento,Maglione,59,1,59,PayPal,Napoli,0,GLS,3,5
4879,5879,2024-03-27,35.0,F,Basic,Abbigliamento,Scarpe,148,2,296,BankTransfer,Bologna,1,DHL,3,3
4880,5880,2024-02-01,,F,Silver,Libri,Fumetto,19,4,76,CreditCard,Milano,0,BRT,2,13
4881,5881,2024-09-07,,F,Basic,Abbigliamento,Jeans,155,1,155,CreditCard,Torino,0,DHL,3,2
4882,5882,2024-03-11,59.0,M,Gold,Abbigliamento,Scarpe,127,1,127,PayPal,Bologna,0,BRT,3,4
4883,5883,2024-05-25,33.0,M,Basic,Sport,Borraccia,136,1,136,CreditCard,Bologna,0,Poste,5,7
4884,5884,2024-07-11,27.0,M,Basic,Abbigliamento,Maglione,198,3,594,CreditCard,Milano,1,BRT,5,10
4885,5885,2024-06-22,48.0,F,Gold,Abbigliamento,T-shirt,172,2,344,CreditCard,Napoli,0,Poste,5,5
4886,5886,2024-03-08,32.0,M,Basic,Abbigliamento,Scarpe,22,4,88,Cash,Torino,1,GLS,4,10
4887,5887,2024-01-23,,F,Silver,Sport,Borraccia,149,2,298,PayPal,Bologna,0,BRT,2,14
4888,5888,2024-08-08,24.0,F,Basic,Sport,Tappetino Yoga,76,1,76,CreditCard,Roma,1,DHL,3,2
4889,5889,2024-05-30,22.0,F,Gold,Libri,Guida,43,3,129,PayPal,Milano,0,GLS,4,3
4890,5890,2024-07-06,57.0,M,Gold,Sport,Manubri,100,1,100,CreditCard,Bologna,0,DHL,2,5
4891,5891,2024-07-30,49.0,F,Silver,Libri,Guida,35,1,35,BankTransfer,Milano,0,BRT,8,2
4892,5892,2024-02-06,35.0,F,Basic,Abbigliamento,Giacca,16,1,16,Cash,Napoli,1,BRT,2,0
4893,5893,2024-07-10,46.0,M,Gold,Casa,Pentola,102,5,510,Cash,Torino,0,Poste,7,13
4894,5894,2024-04-05,,M,Basic,Abbigliamento,Jeans,23,1,23,PayPal,Torino,0,BRT,4,0
4895,5895,2024-08-12,39.0,M,Basic,Elettronica,Cuffie,469,3,1407,CreditCard,Milano,0,GLS,4,10
4896,5896,2024-11-24,31.0,F,Silver,Libri,Guida,9,1,9,Cash,Milano,0,BRT,2,6
4897,5897,2024-06-12,,F,Basic,Libri,Enciclopedia,23,2,46,PayPal,Roma,0,Poste,3,0
4898,5898,2024-11-08,36.0,M,Gold,Libri,Romanzo,23,1,23,CreditCard,Bologna,0,GLS,3,5
4899,5899,2024-02-20,,M,Basic,Sport,Tappetino Yoga,89,1,89,CreditCard,Torino,0,GLS,2,8
4900,5900,2024-07-03,18.0,M,Basic,Sport,Scarpe Running,78,1,78,CreditCard,Torino,1,Poste,3,0
4901,5901,2024-05-02,48.0,F,Silver,Abbigliamento,Jeans,143,2,286,CreditCard,Roma,0,DHL,2,7
4902,5902,2024-01-21,30.0,F,Basic,Casa,Tappeto,103,1,103,BankTransfer,Torino,1,BRT,1,9
4903,5903,2024-10-03,30.0,F,Silver,Abbigliamento,Giacca,58,1,58,CreditCard,Bologna,0,BRT,3,4
4904,5904,2024-12-11,37.0,M,Silver,Elettronica,Smartphone,507,1,507,CreditCard,Napoli,1,DHL,2,9
4905,5905,2024-08-09,59.0,F,Gold,Abbigliamento,T-shirt,112,2,224,PayPal,Napoli,0,GLS,4,3
4906,5906,2024-05-30,18.0,M,Basic,Sport,Tappetino Yoga,25,3,75,PayPal,Roma,1,Poste,7,11
4907,5907,2024-11-24,24.0,F,Silver,Elettronica,Laptop,427,3,1281,CreditCard,Bologna,1,GLS,2,15
4908,5908,2024-07-21,35.0,F,Basic,Libri,Fumetto,41,1,41,Cash,Bologna,0,BRT,7,7
4909,5909,2024-02-08,41.0,M,Silver,Libri,Romanzo,36,3,108,CreditCard,Milano,1,Poste,6,7
4910,5910,2024-04-17,41.0,M,Basic,Abbigliamento,Maglione,75,1,75,Cash,Bologna,0,Poste,8,7
4911,5911,2024-06-29,,F,Basic,Casa,Coperta,122,3,366,PayPal,Roma,1,Poste,6,7
4912,5912,2024-10-07,41.0,M,Silver,Sport,Tappetino Yoga,115,4,460,CreditCard,Milano,0,GLS,3,15
4913,5913,2024-06-01,37.0,M,Basic,Elettronica,Laptop,664,2,1328,CreditCard,Torino,0,BRT,2,4
4914,5914,2024-07-09,,M,Silver,Elettronica,Laptop,380,5,1900,Cash,Milano,1,GLS,3,20
4915,5915,2024-09-03,25.0,M,Silver,Casa,Lampada,112,2,224,CreditCard,Milano,0,Poste,3,4
4916,5916,2024-11-07,,F,Basic,Casa,Tappeto,71,1,71,Cash,Milano,0,DHL,3,8
4917,5917,2024-12-25,27.0,F,Basic,Elettronica,Laptop,630,2,1260,CreditCard,Torino,0,BRT,2,6
4918,5918,2024-04-23,,M,Basic,Libri,Guida,34,1,34,Cash,Roma,0,Poste,6,7
4919,5919,2024-09-14,44.0,F,Basic,Casa,Cuscino,22,4,88,CreditCard,Milano,1,BRT,1,9
4920,5920,2024-10-16,46.0,M,Basic,Abbigliamento,Giacca,86,4,344,PayPal,Bologna,1,GLS,3,15
4921,5921,2024-10-15,18.0,M,Basic,Sport,Scarpe Running,64,1,64,PayPal,Napoli,1,BRT,4,4
4922,5922,2024-12-10,,F,Basic,Elettronica,Smartwatch,110,2,220,CreditCard,Roma,1,DHL,3,0
4923,5923,2024-12-02,18.0,F,Basic,Elettronica,Smartwatch,396,1,396,BankTransfer,Torino,0,BRT,5,0
4924,5924,2024-07-01,53.0,M,Basic,Libri,Fumetto,14,3,42,PayPal,Roma,0,BRT,2,11
4925,5925,2024-03-08,39.0,F,Basic,Casa,Tappeto,66,2,132,Cash,Torino,1,GLS,4,3
4926,5926,2024-01-30,56.0,M,Gold,Libri,Guida,24,1,24,CreditCard,Bologna,0,BRT,1,4
4927,5927,2024-11-15,47.0,F,Basic,Sport,Manubri,70,2,140,CreditCard,Milano,1,GLS,4,5
4928,5928,2024-05-30,60.0,F,Gold,Casa,Pentola,145,2,290,CreditCard,Roma,0,DHL,2,1
4929,5929,2024-01-21,38.0,M,Gold,Abbigliamento,Maglione,86,1,86,Cash,Torino,0,Poste,5,12
4930,5930,2024-05-01,51.0,F,Silver,Elettronica,Cuffie,612,5,3060,CreditCard,Napoli,1,DHL,1,18
4931,5931,2024-02-17,21.0,F,Silver,Sport,Pallone,21,1,21,Cash,Napoli,0,BRT,3,5
4932,5932,2024-05-10,36.0,F,Basic,Elettronica,Cuffie,273,2,546,BankTransfer,Torino,1,GLS,3,0
4933,5933,2024-12-28,59.0,F,Gold,Elettronica,Tablet,787,1,787,Cash,Milano,0,BRT,2,9
4934,5934,2024-02-27,49.0,F,Basic,Abbigliamento,Scarpe,36,1,36,BankTransfer,Bologna,1,Poste,7,7
4935,5935,2024-05-19,18.0,M,Silver,Libri,Fumetto,48,1,48,BankTransfer,Milano,1,BRT,5,5
4936,5936,2024-08-19,29.0,M,Silver,Elettronica,Smartphone,210,1,210,BankTransfer,Torino,0,BRT,2,6
4937,5937,2024-09-23,40.0,F,Gold,Sport,Pallone,81,1,81,Cash,Milano,0,GLS,3,7
4938,5938,2024-05-15,25.0,M,Basic,Abbigliamento,Scarpe,138,1,138,PayPal,Napoli,1,Poste,5,0
4939,5939,2024-10-31,26.0,M,Silver,Casa,Cuscino,130,2,260,BankTransfer,Milano,1,BRT,3,9
4940,5940,2024-10-11,63.0,F,Silver,Sport,Tappetino Yoga,152,2,304,Cash,Napoli,0,BRT,3,3
4941,5941,2024-07-07,22.0,F,Gold,Abbigliamento,T-shirt,72,1,72,CreditCard,Torino,0,BRT,1,0
4942,5942,2024-02-25,41.0,M,Silver,Elettronica,Cuffie,107,2,214,PayPal,Roma,0,BRT,3,9
4943,5943,2024-08-03,51.0,F,Basic,Abbigliamento,Scarpe,68,2,136,PayPal,Milano,1,BRT,4,6
4944,5944,2024-08-29,,M,Basic,Abbigliamento,T-shirt,122,1,122,PayPal,Napoli,0,GLS,2,5
4945,5945,2024-10-15,35.0,M,Silver,Elettronica,Tablet,175,2,350,CreditCard,Milano,0,DHL,3,3
4946,5946,2024-09-22,48.0,F,Basic,Libri,Guida,34,4,136,PayPal,Milano,1,Poste,4,10
4947,5947,2024-11-16,,M,Gold,Sport,Tappetino Yoga,180,1,180,CreditCard,Bologna,0,GLS,3,5
4948,5948,2024-01-16,,M,Basic,Sport,Manubri,176,1,176,Cash,Roma,1,DHL,2,3
4949,5949,2024-07-06,29.0,M,Gold,Elettronica,Cuffie,728,3,2184,CreditCard,Roma,0,GLS,4,7
4950,5950,2024-12-23,21.0,M,Basic,Elettronica,Smartwatch,295,2,590,CreditCard,Milano,0,GLS,3,9
4951,5951,2024-12-17,18.0,F,Basic,Casa,Coperta,74,2,148,CreditCard,Roma,0,DHL,2,1
4952,5952,2024-12-26,42.0,F,Silver,Elettronica,Smartphone,61,4,244,BankTransfer,Bologna,0,DHL,2,23
4953,5953,2024-06-23,,F,Basic,Elettronica,Tablet,536,1,536,PayPal,Roma,0,GLS,4,5
4954,5954,2024-08-21,,M,Basic,Elettronica,Laptop,432,1,432,PayPal,Napoli,0,BRT,4,0
4955,5955,2024-12-18,18.0,M,Silver,Libri,Guida,32,1,32,PayPal,Milano,0,GLS,2,6
4956,5956,2024-06-17,53.0,F,Gold,Libri,Manuale,33,1,33,CreditCard,Bologna,0,BRT,2,3
4957,5957,2024-05-17,35.0,F,Basic,Abbigliamento,Scarpe,65,1,65,CreditCard,Milano,1,DHL,3,0
4958,5958,2024-05-18,55.0,F,Basic,Sport,Tappetino Yoga,121,4,484,BankTransfer,Napoli,1,GLS,3,8
4959,5959,2024-09-02,46.0,F,Gold,Abbigliamento,T-shirt,184,2,368,BankTransfer,Napoli,1,GLS,3,6
4960,5960,2024-11-03,52.0,M,Gold,Sport,Scarpe Running,67,2,134,BankTransfer,Roma,0,BRT,7,8
4961,5961,2024-02-10,,M,Basic,Elettronica,Smartwatch,322,2,644,CreditCard,Napoli,0,GLS,2,9
4962,5962,2024-06-28,41.0,M,Silver,Sport,Pallone,29,1,29,PayPal,Roma,1,DHL,2,7
4963,5963,2024-06-03,61.0,F,Basic,Abbigliamento,Maglione,30,1,30,PayPal,Torino,1,DHL,4,6
4964,5964,2024-08-02,32.0,F,Silver,Libri,Fumetto,30,1,30,PayPal,Torino,0,GLS,3,3
4965,5965,2024-05-18,19.0,F,Basic,Abbigliamento,Maglione,127,5,635,BankTransfer,Milano,0,DHL,2,16
4966,5966,2024-11-07,68.0,F,Gold,Sport,Scarpe Running,83,1,83,CreditCard,Bologna,0,GLS,4,0
4967,5967,2024-05-24,34.0,M,Basic,Casa,Coperta,11,2,22,CreditCard,Bologna,0,Poste,3,6
4968,5968,2024-12-11,52.0,F,Gold,Abbigliamento,Giacca,155,2,310,PayPal,Roma,1,GLS,3,2
4969,5969,2024-07-29,33.0,F,Basic,Abbigliamento,Scarpe,178,3,534,BankTransfer,Torino,0,GLS,3,3
4970,5970,2024-04-21,42.0,M,Basic,Elettronica,Laptop,798,1,798,PayPal,Milano,0,BRT,4,7
4971,5971,2024-02-22,,F,Gold,Casa,Tappeto,21,1,21,CreditCard,Milano,0,BRT,3,4
4972,5972,2024-03-29,18.0,M,Silver,Libri,Romanzo,19,3,57,CreditCard,Milano,1,BRT,4,8
4973,5973,2024-03-08,43.0,F,Silver,Casa,Coperta,39,2,78,CreditCard,Roma,1,GLS,4,5
4974,5974,2024-01-10,24.0,M,Basic,Abbigliamento,Maglione,100,2,200,BankTransfer,Napoli,0,BRT,4,13
4975,5975,2024-06-13,67.0,F,Basic,Casa,Coperta,94,2,188,BankTransfer,Torino,1,Poste,3,12
4976,5976,2024-11-04,48.0,F,Basic,Sport,Pallone,141,1,141,CreditCard,Napoli,0,DHL,2,4
4977,5977,2024-11-16,56.0,F,Silver,Sport,Scarpe Running,57,2,114,Cash,Roma,0,GLS,3,14
4978,5978,2024-07-27,34.0,F,Basic,Casa,Tappeto,37,2,74,Cash,Bologna,0,Poste,4,0
4979,5979,2024-04-12,,M,Basic,Casa,Tappeto,146,4,584,BankTransfer,Bologna,1,Poste,7,10
4980,5980,2024-04-22,43.0,M,Basic,Elettronica,Smartwatch,496,1,496,PayPal,Roma,0,GLS,3,6
4981,5981,2024-02-23,44.0,M,Gold,Libri,Enciclopedia,9,1,9,PayPal,Bologna,0,DHL,3,0
4982,5982,2024-12-28,24.0,F,Basic,Sport,Scarpe Running,138,2,276,PayPal,Roma,0,DHL,2,4
4983,5983,2024-03-26,35.0,M,Silver,Casa,Tappeto,105,3,315,Cash,Torino,0,BRT,3,6
4984,5984,2024-11-30,20.0,M,Basic,Sport,Tappetino Yoga,98,1,98,Cash,Torino,0,GLS,4,4
4985,5985,2024-05-24,60.0,M,Silver,Libri,Fumetto,16,1,16,Cash,Bologna,0,DHL,1,5
4986,5986,2024-04-18,35.0,M,Basic,Libri,Manuale,20,2,40,CreditCard,Torino,0,Poste,7,5
4987,5987,2024-05-13,49.0,F,Basic,Sport,Tappetino Yoga,132,2,264,CreditCard,Torino,1,BRT,2,7
4988,5988,2024-11-09,36.0,F,Gold,Sport,Scarpe Running,47,4,188,PayPal,Torino,0,GLS,3,12
4989,5989,2024-09-16,50.0,F,Basic,Casa,Tappeto,117,3,351,Cash,Roma,0,GLS,3,9
4990,5990,2024-01-13,43.0,M,Silver,Elettronica,Tablet,80,3,240,BankTransfer,Roma,0,BRT,2,5
4991,5991,2024-12-13,54.0,F,Gold,Elettronica,Smartwatch,363,1,363,PayPal,Bologna,0,Poste,2,0
4992,5992,2024-01-19,52.0,F,Basic,Casa,Lampada,11,1,11,PayPal,Roma,0,BRT,2,0
4993,5993,2024-07-06,,M,Basic,Abbigliamento,Scarpe,93,2,186,PayPal,Roma,1,Poste,6,8
4994,5994,2024-12-08,32.0,F,Basic,Libri,Enciclopedia,30,4,120,CreditCard,Torino,1,GLS,3,7
4995,5995,2024-11-19,31.0,F,Basic,Sport,Scarpe Running,53,2,106,Cash,Roma,0,GLS,3,8
4996,5996,2024-06-02,46.0,M,Silver,Sport,Manubri,116,1,116,Cash,Torino,1,BRT,3,2
4997,5997,2024-11-09,26.0,M,Basic,Abbigliamento,Jeans,157,1,157,BankTransfer,Torino,0,GLS,5,1
4998,5998,2024-08-11,55.0,M,Gold,Elettronica,Smartwatch,519,1,519,BankTransfer,Milano,0,DHL,2,0
4999,5999,2024-11-01,47.0,F,Basic,Casa,Cuscino,62,2,124,CreditCard,Torino,0,Poste,7,1
5000,6000,2024-07-21,45.0,M,Silver,Elettronica,Laptop,432,1,432,BankTransfer,Milano,0,DHL,1,4
5001,6001,2024-07-14,39.0,F,Gold,Sport,Borraccia,26,1,26,PayPal,Milano,0,DHL,2,0
5002,6002,2024-12-16,53.0,F,Basic,Abbigliamento,Maglione,72,2,144,Cash,Napoli,1,Poste,4,0
5003,6003,2024-03-30,43.0,F,Basic,Abbigliamento,Jeans,16,1,16,CreditCard,Bologna,0,BRT,3,10
5004,6004,2024-09-08,36.0,F,Basic,Sport,Borraccia,111,1,111,PayPal,Torino,1,Poste,3,6
5005,6005,2024-05-26,33.0,F,Gold,Abbigliamento,Scarpe,125,1,125,BankTransfer,Torino,1,GLS,2,0
5006,6006,2024-04-05,36.0,M,Silver,Casa,Coperta,123,1,123,PayPal,Milano,0,Poste,6,4
5007,6007,2024-06-05,51.0,F,Basic,Casa,Lampada,140,1,140,CreditCard,Roma,0,GLS,3,6
5008,6008,2024-05-23,41.0,M,Basic,Libri,Guida,13,1,13,BankTransfer,Roma,1,BRT,6,2
5009,6009,2024-08-21,31.0,M,Silver,Sport,Manubri,100,3,300,PayPal,Torino,0,GLS,5,9
5010,6010,2024-01-25,35.0,M,Basic,Abbigliamento,Scarpe,110,1,110,BankTransfer,Milano,0,BRT,4,3
5011,6011,2024-07-15,18.0,F,Basic,Casa,Cuscino,49,1,49,CreditCard,Torino,0,Poste,5,0
5012,6012,2024-08-18,42.0,F,Silver,Sport,Scarpe Running,173,2,346,CreditCard,Roma,0,GLS,4,6
5013,6013,2024-10-27,53.0,F,Silver,Casa,Lampada,21,3,63,BankTransfer,Bologna,0,DHL,2,7
5014,6014,2024-02-26,21.0,M,Basic,Elettronica,Smartphone,537,1,537,CreditCard,Roma,0,BRT,2,0
5015,6015,2024-04-25,,M,Silver,Casa,Lampada,129,1,129,CreditCard,Milano,0,GLS,3,0
5016,6016,2024-01-09,31.0,M,Basic,Elettronica,Laptop,378,1,378,CreditCard,Bologna,1,BRT,3,2
5017,6017,2024-03-24,26.0,M,Basic,Elettronica,Tablet,195,2,390,CreditCard,Milano,0,BRT,3,7
5018,6018,2024-03-31,39.0,M,Silver,Sport,Scarpe Running,60,2,120,CreditCard,Roma,0,BRT,4,0
5019,6019,2024-07-30,27.0,M,Basic,Casa,Pentola,134,2,268,PayPal,Napoli,1,BRT,4,6
5020,6020,2024-04-21,,M,Gold,Sport,Scarpe Running,152,3,456,PayPal,Milano,1,BRT,1,16
5021,6021,2024-09-28,,M,Basic,Abbigliamento,Maglione,48,3,144,CreditCard,Milano,0,GLS,3,14
5022,6022,2024-12-10,18.0,F,Basic,Sport,Scarpe Running,119,3,357,Cash,Torino,1,GLS,4,2
5023,6023,2024-02-07,28.0,M,Basic,Casa,Cuscino,85,1,85,Cash,Milano,0,BRT,1,2
5024,6024,2024-09-25,32.0,F,Silver,Libri,Romanzo,18,2,36,Cash,Milano,0,BRT,1,9
5025,6025,2024-11-27,57.0,F,Gold,Elettronica,Tablet,679,1,679,Cash,Milano,0,BRT,3,4
5026,6026,2024-12-14,51.0,F,Silver,Elettronica,Tablet,168,2,336,CreditCard,Napoli,0,Poste,2,6
5027,6027,2024-05-05,37.0,M,Silver,Libri,Romanzo,37,3,111,PayPal,Torino,1,BRT,1,8
5028,6028,2024-06-04,,M,Gold,Sport,Manubri,106,1,106,PayPal,Roma,0,Poste,2,0
5029,6029,2024-08-10,42.0,F,Silver,Abbigliamento,Jeans,76,3,228,PayPal,Roma,1,GLS,3,10
5030,6030,2024-05-10,40.0,M,Gold,Casa,Cuscino,140,1,140,PayPal,Milano,0,Poste,4,4
5031,6031,2024-10-31,46.0,M,Basic,Elettronica,Smartphone,408,3,1224,CreditCard,Napoli,0,Poste,6,9
5032,6032,2024-12-04,38.0,F,Gold,Sport,Scarpe Running,85,1,85,PayPal,Milano,0,Poste,1,1
5033,6033,2024-03-13,18.0,F,Basic,Libri,Romanzo,36,3,108,PayPal,Napoli,1,GLS,3,18
5034,6034,2024-12-02,34.0,M,Silver,Elettronica,Tablet,783,1,783,Cash,Torino,0,BRT,1,7
5035,6035,2024-08-25,61.0,F,Basic,Elettronica,Cuffie,408,2,816,BankTransfer,Napoli,1,BRT,3,3
5036,6036,2024-05-06,18.0,F,Basic,Sport,Borraccia,34,3,102,BankTransfer,Bologna,0,BRT,2,11
5037,6037,2024-09-24,40.0,F,Silver,Sport,Borraccia,100,5,500,PayPal,Torino,0,GLS,3,14
5038,6038,2024-08-05,,F,Gold,Sport,Scarpe Running,93,2,186,CreditCard,Roma,0,DHL,3,9
5039,6039,2024-04-13,31.0,M,Basic,Libri,Romanzo,8,1,8,CreditCard,Napoli,0,BRT,5,1
5040,6040,2024-01-21,46.0,F,Basic,Sport,Pallone,50,4,200,PayPal,Roma,1,Poste,1,11
5041,6041,2024-03-20,,F,Basic,Elettronica,Cuffie,267,2,534,CreditCard,Bologna,0,GLS,3,6
5042,6042,2024-11-16,44.0,M,Silver,Elettronica,Smartphone,314,3,942,PayPal,Milano,0,DHL,2,7
5043,6043,2024-04-09,18.0,M,Basic,Casa,Lampada,73,1,73,CreditCard,Milano,0,Poste,2,3
5044,6044,2024-10-23,29.0,F,Silver,Sport,Borraccia,157,1,157,CreditCard,Napoli,0,BRT,4,0
5045,6045,2024-04-01,54.0,M,Gold,Elettronica,Smartphone,278,4,1112,CreditCard,Bologna,0,Poste,5,16
5046,6046,2024-09-20,72.0,M,Basic,Libri,Guida,20,2,40,CreditCard,Roma,0,DHL,2,2
5047,6047,2024-02-26,32.0,F,Basic,Abbigliamento,Maglione,188,2,376,CreditCard,Roma,0,BRT,3,6
5048,6048,2024-12-11,44.0,M,Silver,Casa,Cuscino,66,1,66,PayPal,Napoli,0,GLS,5,5
5049,6049,2024-03-30,,M,Gold,Libri,Manuale,30,3,90,PayPal,Bologna,0,Poste,7,6
5050,6050,2024-11-18,35.0,F,Silver,Elettronica,Smartphone,271,1,271,PayPal,Bologna,0,GLS,3,6
5051,6051,2024-02-27,40.0,M,Silver,Elettronica,Tablet,326,2,652,PayPal,Roma,1,Poste,5,2
5052,6052,2024-07-03,49.0,F,Silver,Sport,Tappetino Yoga,79,1,79,Cash,Bologna,1,BRT,1,7
5053,6053,2024-10-27,18.0,M,Basic,Libri,Manuale,47,1,47,BankTransfer,Bologna,0,DHL,2,6
5054,6054,2024-01-21,,M,Basic,Elettronica,Laptop,717,1,717,BankTransfer,Torino,0,BRT,3,7
5055,6055,2024-12-26,,M,Basic,Libri,Guida,17,1,17,CreditCard,Torino,0,BRT,3,1
5056,6056,2024-03-03,,M,Basic,Sport,Borraccia,55,2,110,CreditCard,Milano,0,Poste,1,3
5057,6057,2024-11-05,33.0,F,Gold,Libri,Guida,24,1,24,CreditCard,Milano,0,BRT,2,0
5058,6058,2024-04-08,,M,Gold,Abbigliamento,Jeans,22,1,22,BankTransfer,Torino,0,DHL,2,2
5059,6059,2024-09-14,52.0,F,Silver,Elettronica,Tablet,390,1,390,PayPal,Bologna,0,BRT,2,0
5060,6060,2024-09-27,,F,Gold,Casa,Lampada,49,3,147,BankTransfer,Milano,1,BRT,1,21
5061,6061,2024-07-05,30.0,F,Silver,Elettronica,Cuffie,574,3,1722,CreditCard,Milano,0,Poste,8,12
5062,6062,2024-09-18,40.0,F,Basic,Casa,Coperta,106,3,318,CreditCard,Napoli,0,Poste,1,9
5063,6063,2024-03-21,51.0,M,Basic,Sport,Manubri,122,5,610,BankTransfer,Milano,0,BRT,4,18
5064,6064,2024-06-04,46.0,M,Silver,Elettronica,Smartphone,770,1,770,CreditCard,Milano,0,BRT,5,4
5065,6065,2024-10-11,18.0,M,Basic,Elettronica,Tablet,378,2,756,PayPal,Milano,0,GLS,5,2
5066,6066,2024-05-08,18.0,F,Basic,Abbigliamento,Jeans,35,3,105,PayPal,Roma,1,BRT,3,9
5067,6067,2024-03-31,44.0,F,Silver,Sport,Tappetino Yoga,162,2,324,CreditCard,Milano,1,DHL,2,12
5068,6068,2024-01-08,33.0,M,Basic,Sport,Manubri,115,1,115,CreditCard,Roma,0,DHL,2,4
5069,6069,2024-02-17,,F,Basic,Sport,Borraccia,58,4,232,CreditCard,Napoli,1,GLS,4,12
5070,6070,2024-03-05,,M,Gold,Casa,Pentola,123,1,123,PayPal,Bologna,0,DHL,2,0
5071,6071,2024-05-11,31.0,M,Basic,Libri,Romanzo,23,1,23,CreditCard,Roma,1,BRT,3,0
5072,6072,2024-09-11,44.0,F,Silver,Elettronica,Cuffie,597,2,1194,Cash,Roma,0,GLS,4,8
5073,6073,2024-11-26,47.0,M,Basic,Sport,Manubri,62,1,62,PayPal,Torino,0,BRT,2,0
5074,6074,2024-10-28,52.0,F,Gold,Sport,Scarpe Running,126,1,126,PayPal,Milano,0,BRT,6,0
5075,6075,2024-09-07,40.0,F,Silver,Casa,Cuscino,139,2,278,BankTransfer,Napoli,0,BRT,3,3
5076,6076,2024-11-23,,M,Gold,Casa,Pentola,56,4,224,Cash,Roma,1,BRT,5,15
5077,6077,2024-07-29,35.0,F,Basic,Libri,Manuale,36,1,36,BankTransfer,Roma,1,BRT,4,13
5078,6078,2024-02-22,,F,Silver,Casa,Pentola,84,2,168,CreditCard,Torino,0,DHL,2,8
5079,6079,2024-03-13,40.0,F,Silver,Abbigliamento,T-shirt,59,1,59,PayPal,Roma,1,BRT,1,3
5080,6080,2024-05-28,,M,Gold,Casa,Cuscino,80,2,160,CreditCard,Roma,0,DHL,2,5
5081,6081,2024-05-12,70.0,F,Gold,Elettronica,Tablet,60,1,60,BankTransfer,Napoli,0,DHL,1,5
5082,6082,2024-04-16,18.0,M,Basic,Abbigliamento,Scarpe,76,3,228,Cash,Roma,1,GLS,4,11
5083,6083,2024-10-09,36.0,F,Basic,Libri,Fumetto,42,4,168,PayPal,Napoli,0,GLS,4,12
5084,6084,2024-10-09,68.0,M,Gold,Abbigliamento,Jeans,112,2,224,BankTransfer,Roma,0,Poste,7,6
5085,6085,2024-06-29,22.0,M,Basic,Libri,Romanzo,43,2,86,PayPal,Milano,1,BRT,1,6
5086,6086,2024-11-13,,F,Silver,Elettronica,Smartwatch,200,3,600,BankTransfer,Milano,0,BRT,6,12
5087,6087,2024-03-24,,M,Basic,Libri,Enciclopedia,27,3,81,BankTransfer,Roma,0,BRT,1,3
5088,6088,2024-05-21,18.0,F,Basic,Casa,Cuscino,75,2,150,CreditCard,Bologna,0,BRT,2,7
5089,6089,2024-12-07,,F,Basic,Casa,Coperta,105,1,105,BankTransfer,Milano,0,GLS,3,2
5090,6090,2024-06-24,18.0,F,Basic,Libri,Romanzo,40,2,80,CreditCard,Bologna,0,BRT,5,8
5091,6091,2024-05-11,44.0,F,Silver,Libri,Manuale,47,2,94,PayPal,Milano,1,Poste,1,3
5092,6092,2024-09-23,60.0,F,Gold,Elettronica,Smartphone,62,3,186,PayPal,Torino,0,Poste,6,9
5093,6093,2024-12-14,25.0,M,Silver,Elettronica,Tablet,224,3,672,CreditCard,Roma,1,GLS,3,8
5094,6094,2024-02-10,21.0,M,Basic,Casa,Cuscino,116,2,232,BankTransfer,Roma,1,Poste,7,8
5095,6095,2024-07-15,56.0,F,Basic,Abbigliamento,Scarpe,49,1,49,PayPal,Milano,0,Poste,6,7
5096,6096,2024-01-28,,M,Gold,Elettronica,Smartwatch,285,2,570,CreditCard,Bologna,0,Poste,4,8
5097,6097,2024-08-02,43.0,M,Silver,Libri,Guida,13,1,13,BankTransfer,Torino,0,DHL,2,4
5098,6098,2024-07-30,50.0,M,Gold,Abbigliamento,Jeans,128,2,256,PayPal,Napoli,0,BRT,3,0
5099,6099,2024-11-11,69.0,F,Gold,Sport,Manubri,84,2,168,PayPal,Bologna,0,GLS,4,0
5100,6100,2024-10-13,45.0,F,Basic,Abbigliamento,Giacca,184,2,368,PayPal,Napoli,0,GLS,2,4
5101,6101,2024-04-15,26.0,M,Basic,Abbigliamento,Giacca,20,1,20,BankTransfer,Torino,0,BRT,2,0
5102,6102,2024-11-05,58.0,M,Gold,Casa,Pentola,29,2,58,PayPal,Roma,0,Poste,5,0
5103,6103,2024-10-25,18.0,M,Basic,Casa,Tappeto,78,2,156,CreditCard,Torino,0,BRT,7,6
5104,6104,2024-08-06,46.0,M,Silver,Libri,Manuale,11,1,11,CreditCard,Napoli,1,BRT,1,0
5105,6105,2024-11-07,,F,Basic,Abbigliamento,Giacca,29,1,29,CreditCard,Torino,0,Poste,6,3
5106,6106,2024-09-08,18.0,M,Gold,Elettronica,Smartwatch,127,2,254,PayPal,Napoli,0,DHL,2,0
5107,6107,2024-10-14,37.0,M,Silver,Sport,Tappetino Yoga,96,1,96,BankTransfer,Roma,1,Poste,9,7
5108,6108,2024-02-21,44.0,M,Silver,Elettronica,Smartwatch,62,1,62,CreditCard,Roma,0,DHL,3,3
5109,6109,2024-03-03,38.0,M,Basic,Libri,Fumetto,44,2,88,PayPal,Milano,0,GLS,4,10
5110,6110,2024-04-13,61.0,F,Gold,Sport,Manubri,112,4,448,CreditCard,Milano,0,GLS,4,24
5111,6111,2024-12-17,31.0,M,Basic,Abbigliamento,Giacca,123,2,246,CreditCard,Torino,0,BRT,4,13
5112,6112,2024-01-27,18.0,F,Silver,Elettronica,Smartphone,631,1,631,PayPal,Milano,0,BRT,2,3
5113,6113,2024-12-26,34.0,F,Basic,Abbigliamento,Jeans,127,3,381,BankTransfer,Bologna,1,BRT,4,13
5114,6114,2024-07-10,41.0,M,Silver,Abbigliamento,Maglione,78,1,78,PayPal,Torino,1,BRT,4,4
5115,6115,2024-07-11,18.0,F,Basic,Libri,Manuale,48,2,96,Cash,Torino,0,DHL,1,7
5116,6116,2024-08-05,32.0,M,Silver,Libri,Romanzo,18,4,72,Cash,Torino,0,BRT,3,8
5117,6117,2024-01-12,48.0,F,Gold,Casa,Tappeto,99,2,198,PayPal,Torino,1,GLS,5,0
5118,6118,2024-10-16,37.0,F,Silver,Abbigliamento,Jeans,63,4,252,CreditCard,Napoli,1,DHL,2,5
5119,6119,2024-03-28,,F,Basic,Abbigliamento,Maglione,148,1,148,BankTransfer,Roma,1,DHL,3,12
5120,6120,2024-09-08,61.0,F,Gold,Elettronica,Cuffie,165,2,330,Cash,Bologna,0,BRT,4,9
5121,6121,2024-08-12,18.0,M,Basic,Casa,Coperta,12,3,36,CreditCard,Roma,0,Poste,5,7
5122,6122,2024-12-20,,M,Basic,Casa,Lampada,69,1,69,PayPal,Bologna,0,DHL,2,4
5123,6123,2024-04-25,49.0,F,Silver,Abbigliamento,Scarpe,91,2,182,CreditCard,Roma,0,BRT,2,10
5124,6124,2024-11-24,,M,Basic,Abbigliamento,Giacca,128,2,256,BankTransfer,Bologna,1,BRT,3,7
5125,6125,2024-02-01,48.0,M,Silver,Elettronica,Laptop,360,4,1440,BankTransfer,Roma,1,Poste,5,16
5126,6126,2024-08-12,39.0,M,Basic,Casa,Cuscino,30,3,90,CreditCard,Bologna,0,Poste,6,4
5127,6127,2024-03-26,67.0,M,Basic,Libri,Enciclopedia,44,2,88,CreditCard,Roma,0,DHL,3,5
5128,6128,2024-10-28,35.0,F,Basic,Casa,Lampada,28,5,140,CreditCard,Torino,0,GLS,4,14
5129,6129,2024-09-21,18.0,M,Basic,Sport,Scarpe Running,129,2,258,Cash,Bologna,0,BRT,5,7
5130,6130,2024-08-16,39.0,M,Basic,Casa,Pentola,147,2,294,CreditCard,Roma,1,DHL,2,7
5131,6131,2024-01-07,18.0,F,Silver,Libri,Romanzo,23,5,115,PayPal,Napoli,0,BRT,6,13
5132,6132,2024-01-21,59.0,M,Silver,Casa,Tappeto,100,2,200,CreditCard,Roma,0,Poste,5,12
5133,6133,2024-03-11,18.0,M,Basic,Elettronica,Laptop,145,2,290,PayPal,Torino,0,DHL,2,9
5134,6134,2024-01-31,56.0,F,Basic,Sport,Manubri,40,3,120,CreditCard,Milano,0,GLS,4,7
5135,6135,2024-05-19,,M,Basic,Abbigliamento,Jeans,59,2,118,Cash,Milano,0,GLS,4,2
5136,6136,2024-04-12,33.0,F,Basic,Elettronica,Tablet,502,2,1004,BankTransfer,Torino,0,BRT,4,13
5137,6137,2024-08-05,60.0,M,Basic,Casa,Pentola,120,4,480,CreditCard,Milano,0,BRT,3,18
5138,6138,2024-07-01,45.0,F,Silver,Sport,Tappetino Yoga,148,1,148,CreditCard,Napoli,1,BRT,3,0
5139,6139,2024-06-16,18.0,M,Silver,Casa,Cuscino,46,1,46,CreditCard,Torino,1,Poste,8,1
5140,6140,2024-01-07,35.0,F,Silver,Casa,Cuscino,70,1,70,Cash,Milano,0,BRT,3,1
5141,6141,2024-03-06,33.0,M,Basic,Abbigliamento,Scarpe,31,3,93,CreditCard,Milano,0,GLS,3,6
5142,6142,2024-02-15,25.0,M,Basic,Libri,Manuale,18,3,54,BankTransfer,Roma,1,GLS,2,4
5143,6143,2024-05-20,,M,Silver,Abbigliamento,Giacca,79,2,158,CreditCard,Torino,0,DHL,2,4
5144,6144,2024-10-03,75.0,F,Basic,Elettronica,Smartwatch,795,2,1590,PayPal,Roma,0,GLS,4,13
5145,6145,2024-10-25,21.0,M,Basic,Casa,Pentola,86,1,86,PayPal,Roma,0,GLS,3,1
5146,6146,2024-12-11,35.0,M,Silver,Elettronica,Laptop,436,4,1744,CreditCard,Bologna,0,Poste,5,14
5147,6147,2024-02-19,75.0,F,Basic,Abbigliamento,T-shirt,138,2,276,Cash,Bologna,0,BRT,3,0
5148,6148,2024-07-05,,F,Gold,Casa,Tappeto,84,3,252,Cash,Milano,0,Poste,4,15
5149,6149,2024-03-20,33.0,F,Basic,Casa,Lampada,89,3,267,CreditCard,Torino,0,BRT,3,3
5150,6150,2024-03-25,38.0,M,Gold,Abbigliamento,T-shirt,62,3,186,BankTransfer,Napoli,1,BRT,1,12
5151,6151,2024-09-07,18.0,M,Silver,Abbigliamento,Jeans,105,1,105,BankTransfer,Roma,1,DHL,2,4
5152,6152,2024-02-13,36.0,F,Silver,Abbigliamento,Jeans,57,1,57,PayPal,Torino,1,BRT,6,0
5153,6153,2024-09-06,,F,Silver,Libri,Guida,22,1,22,CreditCard,Napoli,0,GLS,3,9
5154,6154,2024-09-06,19.0,M,Basic,Abbigliamento,Jeans,112,5,560,BankTransfer,Torino,1,BRT,2,14
5155,6155,2024-07-23,41.0,M,Silver,Sport,Scarpe Running,33,2,66,CreditCard,Roma,0,BRT,1,4
5156,6156,2024-06-29,27.0,M,Silver,Abbigliamento,Scarpe,106,1,106,CreditCard,Torino,0,DHL,1,9
5157,6157,2024-01-09,46.0,F,Basic,Elettronica,Laptop,323,1,323,PayPal,Napoli,0,DHL,2,3
5158,6158,2024-02-18,45.0,F,Basic,Sport,Manubri,152,1,152,CreditCard,Roma,0,GLS,4,0
5159,6159,2024-06-29,44.0,M,Silver,Elettronica,Tablet,422,2,844,CreditCard,Torino,1,BRT,1,8
5160,6160,2024-02-14,40.0,M,Silver,Abbigliamento,Scarpe,177,1,177,PayPal,Milano,0,DHL,2,4
5161,6161,2024-12-27,46.0,F,Basic,Libri,Enciclopedia,40,1,40,CreditCard,Roma,1,Poste,5,5
5162,6162,2024-02-19,21.0,F,Silver,Libri,Fumetto,21,2,42,Cash,Roma,1,BRT,6,12
5163,6163,2024-07-12,19.0,M,Basic,Libri,Enciclopedia,21,5,105,BankTransfer,Torino,1,Poste,3,16
5164,6164,2024-07-25,26.0,M,Silver,Casa,Lampada,47,1,47,PayPal,Bologna,0,GLS,2,5
5165,6165,2024-11-16,55.0,M,Gold,Abbigliamento,Jeans,81,1,81,PayPal,Napoli,0,BRT,4,4
5166,6166,2024-12-20,37.0,F,Silver,Libri,Manuale,19,1,19,PayPal,Roma,0,BRT,2,11
5167,6167,2024-06-14,36.0,M,Basic,Sport,Borraccia,60,3,180,CreditCard,Napoli,1,GLS,4,8
5168,6168,2024-09-11,,F,Basic,Elettronica,Smartphone,587,5,2935,CreditCard,Milano,1,GLS,4,13
5169,6169,2024-05-30,40.0,M,Basic,Abbigliamento,Jeans,53,1,53,CreditCard,Napoli,1,DHL,2,5
5170,6170,2024-12-27,46.0,M,Basic,Elettronica,Laptop,466,3,1398,CreditCard,Torino,1,GLS,5,8
5171,6171,2024-04-17,38.0,M,Gold,Sport,Borraccia,145,1,145,Cash,Milano,0,BRT,6,9
5172,6172,2024-11-09,,F,Basic,Sport,Tappetino Yoga,26,1,26,PayPal,Roma,0,DHL,2,10
5173,6173,2024-08-16,57.0,F,Silver,Elettronica,Smartwatch,222,4,888,PayPal,Milano,1,GLS,2,16
5174,6174,2024-06-19,54.0,F,Basic,Abbigliamento,Jeans,34,5,170,CreditCard,Milano,1,GLS,2,11
5175,6175,2024-07-13,41.0,M,Basic,Sport,Tappetino Yoga,48,1,48,CreditCard,Roma,0,BRT,4,0
5176,6176,2024-04-03,59.0,F,Gold,Sport,Manubri,141,3,423,PayPal,Roma,0,Poste,9,12
5177,6177,2024-10-10,40.0,F,Basic,Elettronica,Cuffie,589,1,589,CreditCard,Torino,1,Poste,4,3
5178,6178,2024-09-03,41.0,M,Basic,Elettronica,Tablet,665,4,2660,CreditCard,Napoli,0,GLS,3,13
5179,6179,2024-06-17,40.0,F,Basic,Elettronica,Cuffie,741,2,1482,Cash,Roma,0,GLS,4,5
5180,6180,2024-09-08,49.0,F,Basic,Libri,Manuale,38,4,152,CreditCard,Bologna,1,GLS,4,15
5181,6181,2024-10-15,29.0,F,Basic,Sport,Pallone,27,1,27,CreditCard,Roma,0,Poste,6,4
5182,6182,2024-11-16,26.0,M,Basic,Abbigliamento,Scarpe,108,3,324,PayPal,Torino,1,Poste,6,7
5183,6183,2024-05-28,62.0,M,Gold,Elettronica,Laptop,678,4,2712,PayPal,Roma,0,DHL,2,14
5184,6184,2024-10-02,18.0,M,Basic,Libri,Fumetto,35,1,35,CreditCard,Roma,1,GLS,2,0
5185,6185,2024-04-22,57.0,F,Gold,Libri,Guida,34,4,136,PayPal,Milano,0,Poste,4,11
5186,6186,2024-02-14,18.0,M,Basic,Casa,Pentola,130,5,650,PayPal,Napoli,1,GLS,4,11
5187,6187,2024-09-14,65.0,F,Silver,Casa,Cuscino,115,3,345,CreditCard,Roma,1,Poste,9,8
5188,6188,2024-10-16,37.0,F,Gold,Libri,Enciclopedia,15,1,15,CreditCard,Roma,0,GLS,2,0
5189,6189,2024-02-23,74.0,F,Silver,Abbigliamento,Maglione,63,2,126,PayPal,Roma,0,GLS,2,2
5190,6190,2024-07-24,43.0,F,Gold,Sport,Pallone,60,4,240,PayPal,Milano,0,GLS,4,10
5191,6191,2024-07-25,29.0,M,Silver,Sport,Pallone,77,1,77,BankTransfer,Roma,1,GLS,4,2
5192,6192,2024-10-10,51.0,M,Gold,Casa,Lampada,110,1,110,PayPal,Bologna,0,BRT,2,3
5193,6193,2024-02-22,,M,Basic,Libri,Romanzo,9,2,18,BankTransfer,Bologna,1,DHL,3,2
5194,6194,2024-09-18,,F,Silver,Elettronica,Smartphone,151,1,151,BankTransfer,Roma,0,BRT,1,4
5195,6195,2024-10-19,42.0,F,Silver,Abbigliamento,Giacca,199,3,597,BankTransfer,Bologna,0,DHL,2,12
5196,6196,2024-05-15,59.0,F,Gold,Libri,Guida,20,3,60,PayPal,Torino,0,Poste,6,5
5197,6197,2024-11-29,52.0,M,Gold,Elettronica,Cuffie,472,2,944,CreditCard,Roma,0,Poste,8,0
5198,6198,2024-12-13,32.0,F,Silver,Libri,Manuale,29,1,29,Cash,Milano,0,GLS,3,2
5199,6199,2024-12-01,42.0,F,Basic,Libri,Fumetto,42,2,84,CreditCard,Milano,0,Poste,4,6
5200,6200,2024-06-25,63.0,F,Silver,Abbigliamento,Maglione,170,3,510,PayPal,Milano,1,Poste,5,6
5201,6201,2024-09-09,41.0,M,Basic,Abbigliamento,Giacca,55,1,55,CreditCard,Roma,0,GLS,2,1
5202,6202,2024-07-13,57.0,M,Basic,Sport,Tappetino Yoga,124,3,372,BankTransfer,Milano,0,BRT,3,13
5203,6203,2024-12-16,55.0,M,Basic,Casa,Tappeto,132,3,396,PayPal,Torino,1,GLS,3,6
5204,6204,2024-04-26,42.0,F,Gold,Casa,Lampada,126,2,252,CreditCard,Roma,0,BRT,5,6
5205,6205,2024-08-08,50.0,M,Silver,Abbigliamento,Giacca,154,1,154,PayPal,Torino,1,DHL,3,9
5206,6206,2024-04-06,30.0,F,Silver,Libri,Romanzo,46,2,92,CreditCard,Milano,0,GLS,3,6
5207,6207,2024-06-30,37.0,F,Silver,Libri,Fumetto,29,2,58,BankTransfer,Milano,1,Poste,4,9
5208,6208,2024-12-30,67.0,M,Basic,Sport,Borraccia,62,2,124,BankTransfer,Milano,1,BRT,3,8
5209,6209,2024-10-15,42.0,F,Gold,Abbigliamento,Jeans,200,1,200,CreditCard,Napoli,1,DHL,1,0
5210,6210,2024-08-26,,F,Basic,Sport,Manubri,37,2,74,CreditCard,Napoli,0,DHL,2,4
5211,6211,2024-11-15,32.0,M,Basic,Casa,Pentola,125,3,375,BankTransfer,Milano,0,GLS,4,12
5212,6212,2024-11-22,18.0,F,Basic,Libri,Fumetto,12,4,48,CreditCard,Milano,1,DHL,2,12
5213,6213,2024-05-10,24.0,F,Silver,Libri,Guida,11,1,11,PayPal,Roma,0,GLS,4,2
5214,6214,2024-05-26,34.0,F,Silver,Sport,Manubri,42,2,84,Cash,Roma,0,BRT,2,2
5215,6215,2024-01-10,20.0,M,Basic,Casa,Cuscino,16,4,64,PayPal,Torino,1,DHL,3,8
5216,6216,2024-01-09,51.0,M,Gold,Elettronica,Smartwatch,496,1,496,BankTransfer,Napoli,0,BRT,3,6
5217,6217,2024-10-05,38.0,M,Gold,Elettronica,Smartphone,769,2,1538,PayPal,Torino,0,GLS,3,6
5218,6218,2024-09-23,24.0,F,Silver,Elettronica,Tablet,289,1,289,CreditCard,Milano,0,DHL,2,11
5219,6219,2024-06-11,54.0,M,Gold,Sport,Tappetino Yoga,159,2,318,BankTransfer,Milano,0,BRT,3,3
5220,6220,2024-06-15,33.0,M,Basic,Libri,Manuale,34,1,34,CreditCard,Torino,1,GLS,3,2
5221,6221,2024-12-19,,F,Gold,Casa,Pentola,23,2,46,PayPal,Roma,0,GLS,5,6
5222,6222,2024-12-17,,M,Basic,Casa,Cuscino,47,2,94,CreditCard,Napoli,0,GLS,3,10
5223,6223,2024-05-07,40.0,F,Silver,Libri,Romanzo,34,2,68,CreditCard,Torino,0,GLS,4,6
5224,6224,2024-04-16,74.0,F,Silver,Libri,Manuale,11,1,11,PayPal,Milano,0,GLS,2,0
5225,6225,2024-04-24,,M,Silver,Libri,Manuale,33,2,66,PayPal,Roma,1,GLS,5,12
5226,6226,2024-07-12,,M,Basic,Elettronica,Laptop,506,3,1518,CreditCard,Milano,0,Poste,4,5
5227,6227,2024-01-11,23.0,F,Basic,Libri,Enciclopedia,33,1,33,CreditCard,Napoli,1,DHL,1,2
5228,6228,2024-11-18,40.0,M,Gold,Abbigliamento,Maglione,66,3,198,CreditCard,Milano,0,DHL,2,5
5229,6229,2024-07-07,33.0,M,Gold,Elettronica,Tablet,55,3,165,Cash,Napoli,1,GLS,3,3
5230,6230,2024-11-29,50.0,M,Silver,Libri,Manuale,11,1,11,CreditCard,Roma,0,BRT,3,6
5231,6231,2024-08-10,42.0,F,Basic,Casa,Cuscino,36,1,36,PayPal,Milano,1,GLS,3,6
5232,6232,2024-02-07,60.0,M,Gold,Elettronica,Laptop,444,1,444,Cash,Milano,0,Poste,4,1
5233,6233,2024-04-14,,F,Basic,Casa,Lampada,109,2,218,PayPal,Torino,0,Poste,4,0
5234,6234,2024-06-01,18.0,F,Basic,Casa,Coperta,140,2,280,CreditCard,Napoli,0,BRT,6,7
5235,6235,2024-12-26,25.0,F,Silver,Elettronica,Cuffie,188,1,188,CreditCard,Napoli,1,DHL,2,0
5236,6236,2024-02-13,38.0,M,Basic,Elettronica,Smartwatch,652,3,1956,BankTransfer,Roma,0,GLS,3,4
5237,6237,2024-05-11,47.0,F,Silver,Sport,Borraccia,132,1,132,PayPal,Milano,0,BRT,1,9
5238,6238,2024-10-08,75.0,F,Gold,Libri,Romanzo,33,1,33,PayPal,Roma,0,GLS,4,3
5239,6239,2024-09-16,48.0,M,Silver,Abbigliamento,Jeans,20,5,100,CreditCard,Milano,1,GLS,3,18
5240,6240,2024-08-30,47.0,M,Silver,Sport,Manubri,156,1,156,CreditCard,Bologna,0,Poste,5,5
5241,6241,2024-09-18,19.0,M,Gold,Sport,Scarpe Running,37,1,37,CreditCard,Roma,0,Poste,4,0
5242,6242,2024-02-23,43.0,F,Silver,Casa,Cuscino,78,1,78,BankTransfer,Bologna,0,DHL,2,5
5243,6243,2024-11-15,,M,Gold,Casa,Coperta,140,2,280,CreditCard,Torino,0,Poste,6,11
5244,6244,2024-04-10,29.0,F,Silver,Elettronica,Cuffie,372,2,744,CreditCard,Roma,1,DHL,3,7
5245,6245,2024-11-07,51.0,F,Gold,Sport,Pallone,77,1,77,CreditCard,Roma,0,BRT,5,0
5246,6246,2024-04-20,,M,Gold,Elettronica,Tablet,242,3,726,PayPal,Roma,0,GLS,4,6
5247,6247,2024-01-10,32.0,F,Basic,Sport,Pallone,47,2,94,PayPal,Roma,0,GLS,3,7
5248,6248,2024-02-10,30.0,M,Basic,Elettronica,Smartwatch,532,1,532,Cash,Roma,0,Poste,7,6
5249,6249,2024-01-21,34.0,M,Basic,Elettronica,Smartphone,109,1,109,PayPal,Roma,1,Poste,5,7
5250,6250,2024-08-07,66.0,F,Gold,Abbigliamento,Maglione,88,3,264,CreditCard,Milano,0,GLS,4,11
5251,6251,2024-10-03,,M,Basic,Elettronica,Laptop,410,1,410,PayPal,Bologna,0,Poste,3,5
5252,6252,2024-04-19,36.0,F,Silver,Abbigliamento,Scarpe,186,2,372,Cash,Torino,0,GLS,3,8
5253,6253,2024-05-12,55.0,M,Basic,Libri,Manuale,11,2,22,BankTransfer,Bologna,0,DHL,2,1
5254,6254,2024-01-06,36.0,F,Silver,Libri,Romanzo,46,1,46,PayPal,Napoli,1,GLS,6,2
5255,6255,2024-01-13,20.0,F,Basic,Elettronica,Laptop,791,1,791,PayPal,Milano,1,BRT,2,0
5256,6256,2024-05-06,48.0,M,Basic,Casa,Pentola,74,3,222,CreditCard,Milano,1,GLS,3,9
5257,6257,2024-03-06,51.0,M,Silver,Abbigliamento,Jeans,67,1,67,PayPal,Torino,0,GLS,2,3
5258,6258,2024-07-08,20.0,F,Basic,Elettronica,Cuffie,481,2,962,PayPal,Bologna,1,GLS,4,8
5259,6259,2024-11-19,33.0,M,Silver,Sport,Borraccia,110,3,330,BankTransfer,Milano,1,Poste,4,17
5260,6260,2024-11-03,48.0,F,Basic,Libri,Romanzo,45,1,45,CreditCard,Napoli,1,GLS,4,2
5261,6261,2024-06-23,26.0,M,Silver,Elettronica,Laptop,50,4,200,BankTransfer,Torino,0,GLS,3,10
5262,6262,2024-10-08,37.0,F,Silver,Libri,Fumetto,23,1,23,PayPal,Bologna,0,BRT,4,2
5263,6263,2024-03-16,34.0,M,Basic,Abbigliamento,T-shirt,147,1,147,PayPal,Bologna,1,Poste,1,7
5264,6264,2024-08-26,35.0,F,Gold,Sport,Borraccia,55,3,165,PayPal,Torino,0,DHL,2,2
5265,6265,2024-03-28,35.0,M,Basic,Libri,Manuale,16,3,48,PayPal,Milano,0,Poste,7,3
5266,6266,2024-01-15,57.0,F,Basic,Libri,Guida,32,2,64,Cash,Napoli,0,DHL,2,4
5267,6267,2024-08-14,54.0,F,Gold,Sport,Tappetino Yoga,80,1,80,PayPal,Bologna,0,BRT,4,0
5268,6268,2024-02-29,45.0,M,Silver,Libri,Manuale,47,3,141,CreditCard,Napoli,0,DHL,2,7
5269,6269,2024-12-17,35.0,M,Basic,Casa,Cuscino,123,2,246,BankTransfer,Torino,0,BRT,4,8
5270,6270,2024-02-05,,M,Basic,Casa,Lampada,95,2,190,PayPal,Bologna,0,DHL,2,12
5271,6271,2024-03-30,24.0,F,Silver,Libri,Romanzo,38,4,152,CreditCard,Roma,0,DHL,2,16
5272,6272,2024-09-26,55.0,F,Gold,Elettronica,Smartphone,158,1,158,PayPal,Milano,0,DHL,1,2
5273,6273,2024-05-28,25.0,F,Basic,Elettronica,Cuffie,260,4,1040,CreditCard,Torino,1,GLS,3,5
5274,6274,2024-01-25,33.0,M,Basic,Sport,Manubri,136,5,680,CreditCard,Torino,1,BRT,5,18
5275,6275,2024-02-08,54.0,F,Silver,Casa,Pentola,21,2,42,PayPal,Bologna,0,Poste,2,10
5276,6276,2024-09-07,18.0,F,Basic,Abbigliamento,Scarpe,134,2,268,PayPal,Torino,1,BRT,6,5
5277,6277,2024-03-29,64.0,M,Silver,Casa,Pentola,31,1,31,BankTransfer,Bologna,0,Poste,5,3
5278,6278,2024-03-01,36.0,F,Basic,Sport,Pallone,112,3,336,CreditCard,Roma,0,GLS,3,7
5279,6279,2024-08-26,18.0,F,Basic,Abbigliamento,T-shirt,73,1,73,BankTransfer,Roma,1,BRT,5,3
5280,6280,2024-09-17,22.0,F,Silver,Elettronica,Smartphone,181,2,362,CreditCard,Roma,0,BRT,2,11
5281,6281,2024-12-06,,M,Basic,Elettronica,Laptop,156,1,156,CreditCard,Milano,1,BRT,2,9
5282,6282,2024-04-13,59.0,M,Silver,Elettronica,Laptop,242,1,242,CreditCard,Napoli,0,GLS,4,6
5283,6283,2024-05-21,54.0,F,Silver,Elettronica,Smartwatch,473,2,946,CreditCard,Napoli,0,BRT,2,15
5284,6284,2024-07-27,49.0,M,Gold,Sport,Tappetino Yoga,168,2,336,PayPal,Bologna,0,BRT,1,8
5285,6285,2024-08-15,44.0,M,Basic,Elettronica,Smartwatch,613,4,2452,PayPal,Bologna,0,BRT,3,12
5286,6286,2024-05-19,37.0,M,Basic,Abbigliamento,T-shirt,59,4,236,BankTransfer,Roma,1,Poste,7,18
5287,6287,2024-07-24,30.0,F,Basic,Elettronica,Tablet,363,2,726,PayPal,Bologna,0,Poste,3,3
5288,6288,2024-09-14,,F,Basic,Elettronica,Smartphone,680,1,680,PayPal,Milano,0,GLS,3,6
5289,6289,2024-02-28,,F,Gold,Libri,Romanzo,16,1,16,CreditCard,Milano,0,GLS,3,2
5290,6290,2024-08-31,,M,Basic,Elettronica,Smartwatch,727,4,2908,PayPal,Bologna,0,Poste,7,16
5291,6291,2024-05-13,53.0,F,Silver,Sport,Tappetino Yoga,38,1,38,CreditCard,Milano,0,DHL,3,9
5292,6292,2024-10-28,,F,Basic,Libri,Manuale,33,1,33,PayPal,Roma,0,Poste,4,1
5293,6293,2024-08-02,,F,Basic,Casa,Cuscino,83,4,332,PayPal,Roma,1,GLS,4,12
5294,6294,2024-04-20,36.0,M,Basic,Abbigliamento,Jeans,20,1,20,PayPal,Torino,1,DHL,3,0
5295,6295,2024-03-01,53.0,F,Silver,Sport,Scarpe Running,127,3,381,CreditCard,Milano,0,Poste,1,9
5296,6296,2024-11-05,31.0,F,Basic,Casa,Lampada,23,2,46,CreditCard,Torino,0,GLS,4,3
5297,6297,2024-10-28,45.0,M,Gold,Abbigliamento,Scarpe,131,1,131,BankTransfer,Torino,0,Poste,5,3
5298,6298,2024-10-09,66.0,M,Gold,Libri,Enciclopedia,14,2,28,PayPal,Napoli,1,Poste,1,11
5299,6299,2024-08-10,29.0,M,Basic,Abbigliamento,Maglione,135,1,135,CreditCard,Roma,0,DHL,1,2
5300,6300,2024-03-10,24.0,M,Basic,Elettronica,Cuffie,390,2,780,BankTransfer,Torino,1,GLS,5,1
5301,6301,2024-01-15,,F,Basic,Elettronica,Smartphone,684,1,684,BankTransfer,Napoli,1,GLS,4,0
5302,6302,2024-05-15,57.0,F,Gold,Abbigliamento,T-shirt,177,3,531,CreditCard,Milano,0,BRT,4,7
5303,6303,2024-03-02,47.0,M,Gold,Elettronica,Smartphone,647,1,647,CreditCard,Roma,0,GLS,4,5
5304,6304,2024-08-23,57.0,F,Gold,Casa,Pentola,129,3,387,CreditCard,Napoli,0,BRT,4,9
5305,6305,2024-12-01,49.0,F,Silver,Sport,Manubri,40,4,160,Cash,Napoli,1,Poste,4,12
5306,6306,2024-10-04,41.0,M,Basic,Sport,Pallone,45,2,90,PayPal,Napoli,1,DHL,3,8
5307,6307,2024-06-10,42.0,M,Silver,Casa,Cuscino,50,2,100,BankTransfer,Milano,1,DHL,2,7
5308,6308,2024-05-24,,M,Basic,Libri,Manuale,40,1,40,PayPal,Milano,1,BRT,3,2
5309,6309,2024-08-25,28.0,F,Silver,Libri,Romanzo,35,2,70,PayPal,Bologna,0,GLS,4,5
5310,6310,2024-01-26,40.0,M,Gold,Elettronica,Cuffie,622,1,622,BankTransfer,Bologna,0,Poste,6,0
5311,6311,2024-08-22,33.0,M,Silver,Elettronica,Laptop,715,3,2145,PayPal,Roma,0,BRT,2,6
5312,6312,2024-05-01,49.0,F,Silver,Casa,Pentola,30,2,60,CreditCard,Milano,0,GLS,2,7
5313,6313,2024-05-18,22.0,F,Basic,Elettronica,Laptop,626,1,626,CreditCard,Milano,0,GLS,4,4
5314,6314,2024-10-23,21.0,M,Basic,Casa,Lampada,114,3,342,PayPal,Roma,0,BRT,4,8
5315,6315,2024-08-15,,M,Basic,Sport,Scarpe Running,67,3,201,Cash,Bologna,1,GLS,3,7
5316,6316,2024-06-05,35.0,M,Basic,Elettronica,Cuffie,695,1,695,BankTransfer,Bologna,0,Poste,2,5
5317,6317,2024-07-17,58.0,F,Basic,Casa,Coperta,40,4,160,BankTransfer,Bologna,0,BRT,3,10
5318,6318,2024-11-18,53.0,M,Basic,Casa,Tappeto,96,1,96,PayPal,Bologna,0,DHL,1,5
5319,6319,2024-12-30,,F,Basic,Sport,Manubri,149,1,149,PayPal,Roma,0,GLS,4,0
5320,6320,2024-01-15,24.0,M,Basic,Elettronica,Smartwatch,683,1,683,PayPal,Milano,0,DHL,3,10
5321,6321,2024-05-01,29.0,M,Basic,Abbigliamento,Scarpe,36,1,36,Cash,Torino,1,GLS,3,0
5322,6322,2024-12-21,18.0,M,Silver,Elettronica,Laptop,160,1,160,CreditCard,Bologna,0,Poste,3,0
5323,6323,2024-01-24,43.0,M,Basic,Libri,Enciclopedia,11,1,11,CreditCard,Roma,1,Poste,5,0
5324,6324,2024-05-03,30.0,F,Basic,Elettronica,Tablet,93,4,372,PayPal,Torino,1,BRT,2,14
5325,6325,2024-10-23,,F,Basic,Libri,Fumetto,20,3,60,CreditCard,Roma,1,DHL,1,9
5326,6326,2024-12-29,25.0,F,Basic,Abbigliamento,Giacca,176,2,352,CreditCard,Roma,0,BRT,1,0
5327,6327,2024-01-20,56.0,M,Silver,Casa,Lampada,115,4,460,CreditCard,Roma,1,Poste,4,12
5328,6328,2024-09-04,55.0,F,Gold,Libri,Manuale,22,5,110,BankTransfer,Bologna,1,GLS,5,13
5329,6329,2024-11-24,56.0,F,Basic,Libri,Manuale,29,3,87,Cash,Milano,0,DHL,3,2
5330,6330,2024-03-06,28.0,F,Basic,Casa,Coperta,23,4,92,PayPal,Roma,0,GLS,4,13
5331,6331,2024-11-18,61.0,F,Silver,Libri,Romanzo,19,2,38,CreditCard,Torino,0,Poste,1,3
5332,6332,2024-10-11,25.0,M,Gold,Libri,Manuale,29,1,29,PayPal,Torino,0,GLS,2,2
5333,6333,2024-03-06,48.0,M,Silver,Libri,Romanzo,22,2,44,CreditCard,Milano,0,BRT,4,0
5334,6334,2024-06-17,35.0,M,Gold,Elettronica,Tablet,721,1,721,Cash,Napoli,0,Poste,2,0
5335,6335,2024-11-11,59.0,M,Basic,Libri,Manuale,49,3,147,Cash,Bologna,0,BRT,2,12
5336,6336,2024-04-05,48.0,M,Basic,Abbigliamento,Giacca,100,2,200,BankTransfer,Torino,1,BRT,3,11
5337,6337,2024-11-15,18.0,M,Basic,Libri,Fumetto,42,1,42,Cash,Milano,0,GLS,4,0
5338,6338,2024-04-03,60.0,M,Gold,Abbigliamento,Maglione,92,2,184,CreditCard,Torino,0,Poste,3,2
5339,6339,2024-01-24,33.0,M,Basic,Casa,Cuscino,108,2,216,BankTransfer,Roma,0,GLS,4,9
5340,6340,2024-05-03,,F,Silver,Abbigliamento,Scarpe,135,5,675,Cash,Bologna,0,BRT,1,14
5341,6341,2024-04-30,33.0,F,Basic,Casa,Cuscino,140,1,140,Cash,Roma,1,DHL,2,1
5342,6342,2024-08-28,20.0,M,Basic,Libri,Fumetto,17,4,68,CreditCard,Milano,0,GLS,4,9
5343,6343,2024-08-19,31.0,M,Basic,Libri,Guida,37,2,74,Cash,Napoli,0,BRT,3,6
5344,6344,2024-05-12,19.0,M,Basic,Casa,Coperta,118,2,236,CreditCard,Torino,0,Poste,6,9
5345,6345,2024-05-23,60.0,M,Silver,Sport,Scarpe Running,171,3,513,Cash,Napoli,0,Poste,2,14
5346,6346,2024-07-23,37.0,M,Basic,Sport,Borraccia,145,1,145,Cash,Roma,0,BRT,3,9
5347,6347,2024-05-30,,M,Silver,Libri,Romanzo,20,1,20,CreditCard,Roma,0,Poste,3,0
5348,6348,2024-12-15,19.0,M,Basic,Casa,Cuscino,131,3,393,PayPal,Roma,0,GLS,3,5
5349,6349,2024-01-04,33.0,F,Silver,Sport,Pallone,81,1,81,CreditCard,Bologna,0,BRT,1,3
5350,6350,2024-03-16,18.0,M,Basic,Libri,Manuale,17,2,34,CreditCard,Milano,0,Poste,6,10
5351,6351,2024-03-10,18.0,F,Silver,Casa,Tappeto,100,1,100,PayPal,Napoli,0,GLS,3,3
5352,6352,2024-05-14,18.0,M,Basic,Elettronica,Laptop,100,1,100,PayPal,Bologna,0,Poste,4,2
5353,6353,2024-06-01,53.0,M,Gold,Libri,Enciclopedia,48,2,96,CreditCard,Bologna,1,DHL,1,12
5354,6354,2024-06-14,42.0,M,Basic,Elettronica,Laptop,664,1,664,CreditCard,Milano,0,BRT,3,10
5355,6355,2024-09-05,35.0,M,Basic,Sport,Borraccia,137,2,274,PayPal,Roma,0,BRT,4,0
5356,6356,2024-11-18,,F,Basic,Abbigliamento,Scarpe,168,2,336,CreditCard,Milano,0,Poste,5,13
5357,6357,2024-11-28,31.0,F,Silver,Sport,Tappetino Yoga,114,1,114,Cash,Milano,0,Poste,7,0
5358,6358,2024-01-23,20.0,F,Basic,Abbigliamento,Scarpe,167,3,501,BankTransfer,Bologna,0,BRT,3,7
5359,6359,2024-03-05,40.0,F,Silver,Casa,Cuscino,104,1,104,PayPal,Bologna,0,BRT,2,0
5360,6360,2024-12-21,46.0,M,Basic,Sport,Tappetino Yoga,124,4,496,PayPal,Roma,1,GLS,3,15
5361,6361,2024-12-27,35.0,F,Basic,Sport,Manubri,110,2,220,PayPal,Torino,1,DHL,3,9
5362,6362,2024-03-26,,F,Basic,Abbigliamento,Scarpe,193,1,193,PayPal,Roma,0,Poste,4,2
5363,6363,2024-06-02,54.0,M,Gold,Libri,Guida,23,3,69,BankTransfer,Napoli,1,DHL,1,12
5364,6364,2024-12-27,38.0,F,Gold,Sport,Borraccia,140,1,140,BankTransfer,Milano,0,GLS,4,1
5365,6365,2024-11-09,,F,Basic,Elettronica,Tablet,360,5,1800,CreditCard,Torino,1,Poste,4,10
5366,6366,2024-09-14,66.0,F,Gold,Elettronica,Smartwatch,288,3,864,PayPal,Bologna,0,DHL,2,11
5367,6367,2024-08-24,42.0,F,Silver,Libri,Enciclopedia,32,2,64,Cash,Milano,0,GLS,4,11
5368,6368,2024-08-28,31.0,M,Silver,Abbigliamento,Maglione,48,1,48,BankTransfer,Milano,0,DHL,2,0
5369,6369,2024-06-12,36.0,F,Basic,Libri,Enciclopedia,9,2,18,CreditCard,Milano,0,GLS,3,9
5370,6370,2024-06-20,42.0,F,Basic,Casa,Lampada,70,1,70,Cash,Roma,0,GLS,3,6
5371,6371,2024-11-13,36.0,M,Basic,Libri,Fumetto,45,5,225,Cash,Milano,1,BRT,4,12
5372,6372,2024-11-18,28.0,F,Silver,Libri,Fumetto,34,2,68,CreditCard,Roma,0,BRT,6,0
5373,6373,2024-12-28,48.0,F,Gold,Abbigliamento,Jeans,195,2,390,PayPal,Milano,0,GLS,3,6
5374,6374,2024-02-14,37.0,M,Silver,Elettronica,Smartphone,175,3,525,CreditCard,Roma,0,Poste,1,11
5375,6375,2024-05-28,29.0,M,Basic,Libri,Enciclopedia,17,3,51,CreditCard,Milano,0,Poste,6,0
5376,6376,2024-09-15,18.0,M,Gold,Abbigliamento,Jeans,153,2,306,BankTransfer,Milano,0,DHL,2,11
5377,6377,2024-11-12,30.0,M,Basic,Casa,Tappeto,23,2,46,Cash,Napoli,0,BRT,3,2
5378,6378,2024-05-14,44.0,M,Basic,Elettronica,Laptop,109,3,327,PayPal,Milano,1,Poste,1,11
5379,6379,2024-02-19,,M,Basic,Casa,Cuscino,127,4,508,Cash,Bologna,1,Poste,5,15
5380,6380,2024-04-30,19.0,F,Basic,Abbigliamento,Maglione,166,4,664,BankTransfer,Milano,1,DHL,1,7
5381,6381,2024-03-27,,M,Gold,Sport,Scarpe Running,103,3,309,CreditCard,Roma,0,BRT,6,9
5382,6382,2024-01-01,22.0,M,Silver,Casa,Lampada,101,1,101,Cash,Milano,0,GLS,2,7
5383,6383,2024-10-15,29.0,M,Basic,Libri,Romanzo,25,1,25,BankTransfer,Milano,0,BRT,4,0
5384,6384,2024-01-17,41.0,M,Silver,Elettronica,Cuffie,556,2,1112,CreditCard,Roma,1,BRT,4,11
5385,6385,2024-02-13,,F,Gold,Abbigliamento,Jeans,169,5,845,CreditCard,Napoli,1,GLS,3,15
5386,6386,2024-11-14,38.0,M,Silver,Abbigliamento,Giacca,115,1,115,BankTransfer,Milano,0,Poste,4,2
5387,6387,2024-04-01,29.0,M,Basic,Elettronica,Cuffie,299,1,299,CreditCard,Roma,0,Poste,5,3
5388,6388,2024-04-21,18.0,F,Basic,Casa,Lampada,74,2,148,CreditCard,Milano,1,DHL,3,3
5389,6389,2024-04-06,,F,Basic,Libri,Fumetto,39,2,78,CreditCard,Roma,0,BRT,5,8
5390,6390,2024-02-13,42.0,F,Silver,Abbigliamento,Maglione,177,2,354,Cash,Roma,0,BRT,4,0
5391,6391,2024-11-22,43.0,M,Basic,Elettronica,Smartphone,180,2,360,Cash,Milano,1,GLS,3,3
5392,6392,2024-09-23,42.0,M,Silver,Sport,Manubri,34,1,34,CreditCard,Torino,0,DHL,2,1
5393,6393,2024-05-11,37.0,F,Silver,Libri,Fumetto,19,4,76,PayPal,Milano,0,DHL,3,13
5394,6394,2024-12-08,38.0,F,Gold,Elettronica,Smartphone,265,1,265,CreditCard,Napoli,0,BRT,1,0
5395,6395,2024-12-16,40.0,M,Basic,Abbigliamento,T-shirt,91,2,182,Cash,Napoli,1,BRT,2,8
5396,6396,2024-03-26,75.0,F,Gold,Casa,Cuscino,146,2,292,PayPal,Napoli,0,GLS,4,7
5397,6397,2024-07-21,38.0,F,Silver,Abbigliamento,T-shirt,18,2,36,BankTransfer,Torino,0,Poste,8,4
5398,6398,2024-12-22,23.0,M,Basic,Abbigliamento,Maglione,94,2,188,CreditCard,Roma,0,Poste,6,7
5399,6399,2024-11-20,54.0,M,Basic,Casa,Coperta,45,4,180,PayPal,Torino,0,BRT,1,11
5400,6400,2024-11-27,,M,Basic,Casa,Tappeto,69,2,138,CreditCard,Torino,0,GLS,2,10
5401,6401,2024-12-28,51.0,F,Silver,Abbigliamento,Giacca,88,3,264,CreditCard,Roma,0,BRT,4,7
5402,6402,2024-06-15,,F,Gold,Elettronica,Tablet,365,2,730,BankTransfer,Torino,0,DHL,1,3
5403,6403,2024-01-29,18.0,M,Basic,Elettronica,Smartphone,662,1,662,BankTransfer,Bologna,0,BRT,3,2
5404,6404,2024-08-28,50.0,M,Silver,Libri,Enciclopedia,38,2,76,CreditCard,Bologna,0,GLS,2,9
5405,6405,2024-11-26,55.0,F,Silver,Libri,Fumetto,29,2,58,PayPal,Milano,0,DHL,2,8
5406,6406,2024-12-31,20.0,F,Basic,Sport,Scarpe Running,174,3,522,CreditCard,Bologna,1,Poste,1,10
5407,6407,2024-12-24,22.0,F,Basic,Elettronica,Cuffie,94,2,188,PayPal,Roma,0,BRT,4,2
5408,6408,2024-10-10,28.0,M,Silver,Casa,Lampada,142,3,426,Cash,Bologna,1,BRT,2,0
5409,6409,2024-05-04,24.0,F,Basic,Libri,Enciclopedia,26,1,26,CreditCard,Bologna,1,DHL,2,0
5410,6410,2024-12-23,38.0,M,Silver,Abbigliamento,T-shirt,196,3,588,CreditCard,Milano,1,Poste,10,13
5411,6411,2024-05-29,18.0,M,Basic,Sport,Tappetino Yoga,75,1,75,CreditCard,Milano,0,DHL,3,3
5412,6412,2024-08-18,40.0,F,Basic,Casa,Coperta,63,1,63,CreditCard,Milano,0,DHL,2,1
5413,6413,2024-07-17,,M,Basic,Elettronica,Cuffie,535,1,535,BankTransfer,Torino,0,BRT,4,0
5414,6414,2024-09-28,,M,Silver,Elettronica,Cuffie,770,2,1540,BankTransfer,Milano,0,GLS,4,7
5415,6415,2024-11-29,22.0,F,Basic,Casa,Tappeto,140,2,280,CreditCard,Napoli,0,GLS,3,7
5416,6416,2024-06-11,66.0,F,Gold,Abbigliamento,T-shirt,109,2,218,CreditCard,Torino,0,BRT,2,9
5417,6417,2024-01-05,35.0,M,Basic,Elettronica,Smartphone,304,1,304,BankTransfer,Roma,0,GLS,3,10
5418,6418,2024-01-30,40.0,M,Silver,Sport,Pallone,90,1,90,BankTransfer,Napoli,0,DHL,3,10
5419,6419,2024-04-25,26.0,M,Silver,Abbigliamento,Maglione,104,2,208,Cash,Milano,1,Poste,6,0
5420,6420,2024-07-22,18.0,M,Gold,Libri,Guida,18,4,72,BankTransfer,Napoli,0,DHL,2,18
5421,6421,2024-04-27,18.0,M,Silver,Elettronica,Smartphone,79,2,158,BankTransfer,Roma,0,BRT,4,6
5422,6422,2024-01-22,40.0,F,Basic,Abbigliamento,Scarpe,129,4,516,PayPal,Milano,0,DHL,3,16
5423,6423,2024-03-11,,M,Basic,Libri,Manuale,48,4,192,BankTransfer,Milano,0,BRT,1,16
5424,6424,2024-12-19,57.0,F,Silver,Sport,Scarpe Running,58,4,232,BankTransfer,Roma,1,GLS,4,16
5425,6425,2024-09-23,,M,Basic,Elettronica,Tablet,115,3,345,PayPal,Roma,0,Poste,5,13
5426,6426,2024-02-17,57.0,F,Gold,Casa,Tappeto,40,2,80,Cash,Roma,0,BRT,1,6
5427,6427,2024-01-23,,F,Basic,Libri,Guida,23,2,46,CreditCard,Milano,0,GLS,5,2
5428,6428,2024-11-26,42.0,M,Gold,Abbigliamento,Jeans,97,2,194,PayPal,Roma,0,DHL,3,0
5429,6429,2024-10-11,53.0,M,Basic,Elettronica,Tablet,192,1,192,CreditCard,Napoli,0,Poste,5,2
5430,6430,2024-11-13,32.0,F,Basic,Libri,Guida,27,5,135,BankTransfer,Napoli,0,BRT,3,14
5431,6431,2024-06-25,,M,Gold,Casa,Pentola,99,3,297,BankTransfer,Milano,0,BRT,2,8
5432,6432,2024-08-21,35.0,F,Basic,Casa,Coperta,91,1,91,CreditCard,Roma,1,BRT,4,5
5433,6433,2024-07-02,,M,Basic,Abbigliamento,Maglione,104,1,104,CreditCard,Milano,0,DHL,2,2
5434,6434,2024-07-23,20.0,M,Basic,Libri,Fumetto,49,1,49,CreditCard,Bologna,0,BRT,1,6
5435,6435,2024-07-10,36.0,M,Basic,Libri,Romanzo,39,1,39,Cash,Torino,0,BRT,5,0
5436,6436,2024-11-03,61.0,M,Basic,Abbigliamento,Scarpe,54,4,216,Cash,Torino,1,BRT,4,15
5437,6437,2024-08-30,,F,Basic,Elettronica,Cuffie,574,1,574,CreditCard,Milano,0,BRT,1,3
5438,6438,2024-07-28,,M,Basic,Libri,Manuale,33,2,66,CreditCard,Torino,0,BRT,4,1
5439,6439,2024-05-17,23.0,M,Basic,Sport,Borraccia,133,3,399,PayPal,Bologna,1,BRT,3,6
5440,6440,2024-04-07,18.0,F,Basic,Abbigliamento,Maglione,40,3,120,CreditCard,Bologna,0,GLS,2,8
5441,6441,2024-12-20,18.0,F,Basic,Casa,Pentola,21,1,21,BankTransfer,Roma,1,Poste,4,4
5442,6442,2024-07-08,43.0,F,Basic,Casa,Lampada,25,1,25,Cash,Roma,0,Poste,6,4
5443,6443,2024-05-29,34.0,F,Basic,Libri,Fumetto,13,1,13,PayPal,Napoli,0,GLS,4,7
5444,6444,2024-02-25,40.0,M,Basic,Abbigliamento,Giacca,137,3,411,CreditCard,Roma,1,BRT,6,14
5445,6445,2024-09-26,53.0,F,Gold,Elettronica,Laptop,193,3,579,Cash,Bologna,0,DHL,2,5
5446,6446,2024-07-10,,M,Silver,Casa,Lampada,146,1,146,BankTransfer,Torino,0,GLS,2,9
5447,6447,2024-08-12,,M,Basic,Casa,Cuscino,53,2,106,CreditCard,Napoli,1,BRT,1,5
5448,6448,2024-10-18,63.0,F,Gold,Elettronica,Cuffie,178,1,178,BankTransfer,Bologna,0,Poste,3,0
5449,6449,2024-05-21,36.0,M,Basic,Abbigliamento,Giacca,116,1,116,CreditCard,Roma,0,DHL,2,0
5450,6450,2024-08-26,33.0,M,Basic,Casa,Tappeto,29,1,29,CreditCard,Roma,0,DHL,1,4
5451,6451,2024-03-17,18.0,M,Basic,Abbigliamento,T-shirt,192,1,192,BankTransfer,Bologna,1,BRT,4,8
5452,6452,2024-07-19,,F,Basic,Libri,Enciclopedia,20,1,20,Cash,Napoli,0,BRT,2,0
5453,6453,2024-01-22,37.0,M,Silver,Sport,Tappetino Yoga,175,2,350,BankTransfer,Napoli,1,DHL,2,8
5454,6454,2024-03-16,41.0,F,Basic,Casa,Lampada,114,2,228,BankTransfer,Bologna,0,GLS,3,1
5455,6455,2024-06-25,23.0,M,Basic,Abbigliamento,Maglione,156,1,156,Cash,Torino,0,DHL,2,5
5456,6456,2024-01-15,55.0,F,Silver,Casa,Cuscino,20,1,20,PayPal,Milano,1,Poste,2,0
5457,6457,2024-03-16,,M,Basic,Sport,Borraccia,103,5,515,CreditCard,Milano,0,Poste,5,25
5458,6458,2024-04-18,18.0,M,Silver,Casa,Tappeto,27,1,27,BankTransfer,Milano,0,DHL,2,7
5459,6459,2024-04-28,27.0,M,Basic,Elettronica,Cuffie,482,1,482,CreditCard,Bologna,0,DHL,2,6
5460,6460,2024-04-24,49.0,F,Silver,Elettronica,Smartphone,641,3,1923,CreditCard,Milano,0,DHL,2,11
5461,6461,2024-05-04,53.0,M,Basic,Sport,Manubri,121,1,121,CreditCard,Milano,0,BRT,4,9
5462,6462,2024-01-29,41.0,F,Gold,Sport,Scarpe Running,156,1,156,CreditCard,Bologna,0,Poste,1,0
5463,6463,2024-09-01,,M,Basic,Casa,Pentola,72,1,72,CreditCard,Bologna,1,BRT,1,5
5464,6464,2024-12-03,39.0,F,Basic,Elettronica,Cuffie,347,3,1041,Cash,Torino,1,DHL,3,4
5465,6465,2024-05-19,45.0,F,Basic,Libri,Manuale,17,3,51,PayPal,Bologna,0,Poste,3,6
5466,6466,2024-05-18,41.0,M,Silver,Libri,Fumetto,31,3,93,CreditCard,Milano,1,GLS,5,5
5467,6467,2024-11-03,75.0,F,Basic,Elettronica,Smartphone,357,1,357,BankTransfer,Roma,0,BRT,2,11
5468,6468,2024-12-13,27.0,F,Basic,Abbigliamento,Maglione,97,1,97,PayPal,Bologna,1,GLS,3,3
5469,6469,2024-03-11,28.0,F,Basic,Casa,Tappeto,148,2,296,CreditCard,Milano,0,BRT,2,6
5470,6470,2024-02-17,48.0,M,Basic,Abbigliamento,Giacca,124,2,248,PayPal,Napoli,0,DHL,3,4
5471,6471,2024-04-17,55.0,M,Gold,Sport,Tappetino Yoga,99,2,198,BankTransfer,Milano,0,GLS,3,0
5472,6472,2024-06-17,40.0,F,Basic,Casa,Pentola,15,3,45,PayPal,Bologna,0,BRT,1,13
5473,6473,2024-03-15,,F,Silver,Libri,Guida,17,1,17,CreditCard,Torino,1,GLS,2,2
5474,6474,2024-03-08,36.0,M,Silver,Sport,Tappetino Yoga,46,1,46,Cash,Bologna,0,BRT,5,3
5475,6475,2024-09-09,,F,Silver,Libri,Romanzo,42,1,42,CreditCard,Torino,0,Poste,9,10
5476,6476,2024-02-06,32.0,M,Silver,Elettronica,Smartwatch,248,2,496,BankTransfer,Milano,0,Poste,5,7
5477,6477,2024-07-26,,F,Basic,Sport,Pallone,127,2,254,Cash,Torino,1,BRT,1,2
5478,6478,2024-12-29,55.0,F,Silver,Elettronica,Cuffie,600,2,1200,CreditCard,Torino,0,GLS,3,3
5479,6479,2024-06-06,56.0,F,Silver,Libri,Romanzo,43,3,129,CreditCard,Milano,1,BRT,3,10
5480,6480,2024-10-28,33.0,F,Basic,Libri,Enciclopedia,30,1,30,PayPal,Milano,0,Poste,6,3
5481,6481,2024-01-27,,F,Basic,Casa,Lampada,28,2,56,CreditCard,Roma,0,GLS,4,9
5482,6482,2024-03-15,,F,Gold,Abbigliamento,T-shirt,114,3,342,CreditCard,Torino,0,BRT,3,9
5483,6483,2024-10-10,58.0,M,Basic,Abbigliamento,T-shirt,140,4,560,PayPal,Milano,1,BRT,3,16
5484,6484,2024-05-20,,M,Basic,Libri,Guida,42,2,84,CreditCard,Torino,0,Poste,6,10
5485,6485,2024-12-02,27.0,F,Basic,Casa,Pentola,97,3,291,PayPal,Milano,1,DHL,2,10
5486,6486,2024-02-21,18.0,F,Silver,Casa,Pentola,71,2,142,BankTransfer,Torino,0,BRT,1,8
5487,6487,2024-12-03,52.0,M,Silver,Sport,Pallone,102,5,510,BankTransfer,Bologna,0,DHL,2,14
5488,6488,2024-07-14,40.0,F,Silver,Libri,Enciclopedia,48,1,48,CreditCard,Napoli,1,GLS,4,4
5489,6489,2024-07-27,57.0,F,Silver,Abbigliamento,Maglione,178,3,534,CreditCard,Roma,0,Poste,7,16
5490,6490,2024-05-17,19.0,M,Silver,Sport,Tappetino Yoga,52,3,156,PayPal,Milano,1,Poste,7,8
5491,6491,2024-04-19,66.0,M,Silver,Elettronica,Smartphone,156,2,312,BankTransfer,Milano,0,BRT,3,1
5492,6492,2024-01-08,33.0,F,Silver,Sport,Manubri,101,3,303,PayPal,Napoli,0,BRT,5,9
5493,6493,2024-01-11,36.0,M,Silver,Libri,Guida,41,1,41,CreditCard,Milano,0,BRT,1,4
5494,6494,2024-07-17,42.0,M,Silver,Sport,Manubri,89,4,356,CreditCard,Bologna,0,Poste,2,10
5495,6495,2024-12-12,28.0,M,Basic,Elettronica,Tablet,584,3,1752,CreditCard,Milano,0,BRT,4,0
5496,6496,2024-02-02,41.0,M,Gold,Abbigliamento,T-shirt,150,2,300,BankTransfer,Torino,1,Poste,6,3
5497,6497,2024-11-05,28.0,F,Basic,Libri,Fumetto,46,3,138,Cash,Milano,1,GLS,4,9
5498,6498,2024-10-17,41.0,M,Basic,Libri,Fumetto,47,2,94,CreditCard,Bologna,1,GLS,4,5
5499,6499,2024-09-25,25.0,F,Basic,Casa,Lampada,117,3,351,Cash,Torino,0,BRT,3,6
5500,6500,2024-05-16,26.0,M,Basic,Libri,Enciclopedia,37,4,148,CreditCard,Bologna,1,Poste,7,9
5501,6501,2024-05-30,50.0,M,Basic,Sport,Scarpe Running,110,2,220,BankTransfer,Napoli,1,GLS,3,11
5502,6502,2024-05-18,71.0,M,Gold,Libri,Romanzo,36,2,72,Cash,Roma,0,Poste,4,5
5503,6503,2024-11-18,34.0,M,Silver,Libri,Guida,26,1,26,CreditCard,Milano,1,BRT,1,4
5504,6504,2024-12-23,28.0,M,Basic,Elettronica,Tablet,121,4,484,CreditCard,Bologna,0,GLS,4,13
5505,6505,2024-05-02,52.0,M,Basic,Casa,Pentola,12,3,36,Cash,Milano,0,BRT,3,11
5506,6506,2024-06-14,34.0,M,Silver,Sport,Tappetino Yoga,94,4,376,CreditCard,Milano,1,GLS,4,11
5507,6507,2024-12-30,48.0,M,Basic,Casa,Coperta,103,1,103,CreditCard,Milano,0,BRT,3,0
5508,6508,2024-07-12,18.0,F,Basic,Abbigliamento,Jeans,167,4,668,PayPal,Torino,1,DHL,2,19
5509,6509,2024-03-15,46.0,F,Silver,Casa,Tappeto,121,5,605,CreditCard,Napoli,0,Poste,5,8
5510,6510,2024-06-12,70.0,F,Gold,Casa,Cuscino,39,3,117,PayPal,Milano,0,DHL,2,16
5511,6511,2024-06-12,42.0,M,Basic,Abbigliamento,Giacca,52,1,52,Cash,Roma,1,GLS,3,8
5512,6512,2024-06-11,57.0,M,Basic,Sport,Borraccia,29,1,29,CreditCard,Napoli,1,BRT,4,0
5513,6513,2024-08-05,40.0,F,Silver,Libri,Manuale,17,4,68,CreditCard,Torino,1,GLS,5,16
5514,6514,2024-09-22,53.0,M,Silver,Abbigliamento,T-shirt,76,2,152,PayPal,Napoli,0,GLS,4,1
5515,6515,2024-08-14,32.0,M,Silver,Casa,Tappeto,114,2,228,CreditCard,Milano,0,BRT,2,12
5516,6516,2024-05-13,,M,Silver,Abbigliamento,T-shirt,86,3,258,CreditCard,Milano,1,GLS,3,6
5517,6517,2024-11-24,44.0,F,Basic,Sport,Pallone,146,2,292,Cash,Roma,0,BRT,2,6
5518,6518,2024-01-13,45.0,M,Silver,Sport,Scarpe Running,177,1,177,Cash,Roma,0,DHL,3,0
5519,6519,2024-07-11,,M,Basic,Elettronica,Smartphone,186,5,930,PayPal,Roma,0,BRT,3,13
5520,6520,2024-02-08,,F,Silver,Libri,Manuale,12,1,12,CreditCard,Roma,1,DHL,1,0
5521,6521,2024-02-06,27.0,F,Basic,Casa,Lampada,60,3,180,BankTransfer,Bologna,0,GLS,4,14
5522,6522,2024-05-30,,F,Basic,Casa,Tappeto,146,1,146,PayPal,Bologna,0,Poste,1,6
5523,6523,2024-10-02,35.0,F,Silver,Elettronica,Laptop,313,3,939,CreditCard,Torino,0,GLS,5,8
5524,6524,2024-12-01,,F,Basic,Libri,Romanzo,16,2,32,CreditCard,Napoli,1,BRT,2,12
5525,6525,2024-08-13,18.0,M,Basic,Libri,Romanzo,48,3,144,CreditCard,Torino,0,Poste,3,9
5526,6526,2024-07-11,53.0,M,Basic,Casa,Pentola,106,2,212,BankTransfer,Bologna,0,GLS,2,5
5527,6527,2024-09-26,39.0,M,Silver,Elettronica,Cuffie,458,1,458,Cash,Torino,0,BRT,5,0
5528,6528,2024-01-12,,F,Basic,Abbigliamento,Scarpe,104,1,104,BankTransfer,Bologna,0,Poste,10,3
5529,6529,2024-09-24,,F,Basic,Sport,Scarpe Running,52,2,104,PayPal,Torino,1,DHL,2,6
5530,6530,2024-08-12,37.0,M,Silver,Casa,Tappeto,32,2,64,CreditCard,Bologna,0,GLS,3,9
5531,6531,2024-04-13,27.0,M,Basic,Libri,Enciclopedia,24,1,24,Cash,Napoli,0,Poste,5,0
5532,6532,2024-07-03,27.0,M,Silver,Casa,Pentola,26,4,104,CreditCard,Roma,0,BRT,1,16
5533,6533,2024-03-30,,F,Basic,Libri,Enciclopedia,13,1,13,BankTransfer,Napoli,0,GLS,4,0
5534,6534,2024-05-01,,F,Silver,Libri,Guida,28,3,84,CreditCard,Milano,0,DHL,3,13
5535,6535,2024-06-23,18.0,M,Basic,Libri,Manuale,46,2,92,PayPal,Milano,0,BRT,3,9
5536,6536,2024-09-12,,M,Basic,Libri,Manuale,27,2,54,PayPal,Milano,0,GLS,4,15
5537,6537,2024-08-14,51.0,M,Silver,Libri,Guida,11,1,11,Cash,Roma,0,BRT,2,0
5538,6538,2024-01-21,27.0,F,Basic,Casa,Coperta,117,1,117,PayPal,Napoli,0,DHL,1,8
5539,6539,2024-09-12,32.0,M,Silver,Libri,Fumetto,22,2,44,BankTransfer,Bologna,1,GLS,2,16
5540,6540,2024-10-19,71.0,M,Silver,Libri,Romanzo,32,1,32,PayPal,Bologna,0,BRT,4,5
5541,6541,2024-10-11,32.0,F,Basic,Elettronica,Laptop,83,1,83,BankTransfer,Milano,0,GLS,5,4
5542,6542,2024-11-11,32.0,F,Basic,Casa,Pentola,48,4,192,BankTransfer,Torino,0,DHL,2,6
5543,6543,2024-01-05,,M,Basic,Casa,Coperta,121,2,242,PayPal,Milano,1,BRT,1,5
5544,6544,2024-05-22,51.0,F,Silver,Sport,Borraccia,34,1,34,BankTransfer,Bologna,1,BRT,2,1
5545,6545,2024-10-05,50.0,F,Basic,Sport,Tappetino Yoga,28,3,84,BankTransfer,Milano,1,BRT,4,8
5546,6546,2024-07-21,75.0,F,Gold,Abbigliamento,Maglione,170,2,340,Cash,Roma,1,BRT,3,7
5547,6547,2024-02-06,,F,Silver,Casa,Tappeto,75,1,75,BankTransfer,Napoli,0,Poste,4,5
5548,6548,2024-08-11,57.0,M,Silver,Casa,Pentola,41,2,82,CreditCard,Roma,0,Poste,5,6
5549,6549,2024-02-27,,M,Gold,Casa,Coperta,21,2,42,PayPal,Napoli,0,BRT,4,4
5550,6550,2024-04-28,34.0,M,Silver,Sport,Manubri,96,2,192,CreditCard,Napoli,0,DHL,2,3
5551,6551,2024-11-11,18.0,F,Silver,Sport,Scarpe Running,95,2,190,CreditCard,Milano,0,GLS,4,12
5552,6552,2024-10-06,18.0,F,Basic,Elettronica,Smartwatch,100,3,300,PayPal,Roma,0,DHL,2,17
5553,6553,2024-03-28,42.0,F,Basic,Abbigliamento,Giacca,149,4,596,PayPal,Torino,0,DHL,2,8
5554,6554,2024-01-10,45.0,M,Silver,Casa,Coperta,123,1,123,CreditCard,Milano,1,GLS,3,13
5555,6555,2024-07-04,22.0,M,Silver,Abbigliamento,Maglione,115,2,230,CreditCard,Torino,0,GLS,4,0
5556,6556,2024-06-23,32.0,F,Basic,Casa,Coperta,138,4,552,PayPal,Roma,1,BRT,1,12
5557,6557,2024-07-26,61.0,F,Gold,Libri,Fumetto,13,2,26,Cash,Napoli,0,DHL,2,2
5558,6558,2024-02-04,38.0,M,Silver,Sport,Tappetino Yoga,149,2,298,PayPal,Roma,0,DHL,2,0
5559,6559,2024-10-06,56.0,F,Gold,Sport,Manubri,69,1,69,CreditCard,Roma,0,BRT,3,5
5560,6560,2024-04-01,46.0,F,Basic,Libri,Manuale,29,1,29,CreditCard,Bologna,0,DHL,1,7
5561,6561,2024-12-27,33.0,M,Basic,Elettronica,Smartwatch,118,1,118,PayPal,Roma,0,BRT,5,0
5562,6562,2024-08-10,26.0,M,Basic,Elettronica,Cuffie,386,2,772,PayPal,Roma,0,Poste,6,8
5563,6563,2024-04-21,45.0,M,Silver,Abbigliamento,Maglione,111,5,555,CreditCard,Torino,1,Poste,6,15
5564,6564,2024-12-22,28.0,F,Basic,Elettronica,Tablet,706,1,706,PayPal,Torino,0,BRT,3,6
5565,6565,2024-01-31,37.0,M,Silver,Libri,Enciclopedia,20,1,20,CreditCard,Napoli,0,GLS,5,5
5566,6566,2024-02-20,43.0,F,Silver,Abbigliamento,T-shirt,163,1,163,PayPal,Napoli,0,Poste,6,5
5567,6567,2024-04-03,37.0,M,Silver,Abbigliamento,Giacca,106,2,212,CreditCard,Bologna,1,DHL,2,14
5568,6568,2024-04-12,24.0,M,Basic,Libri,Romanzo,46,5,230,BankTransfer,Roma,0,Poste,3,10
5569,6569,2024-02-04,22.0,M,Silver,Sport,Borraccia,62,1,62,CreditCard,Milano,1,DHL,1,6
5570,6570,2024-07-09,43.0,F,Gold,Abbigliamento,Maglione,65,4,260,CreditCard,Milano,0,BRT,2,9
5571,6571,2024-05-11,48.0,F,Basic,Libri,Manuale,13,2,26,CreditCard,Roma,1,GLS,4,8
5572,6572,2024-03-13,43.0,F,Basic,Libri,Enciclopedia,41,1,41,PayPal,Roma,0,Poste,8,5
5573,6573,2024-04-01,,M,Silver,Casa,Cuscino,120,3,360,PayPal,Roma,0,Poste,1,7
5574,6574,2024-12-06,,F,Silver,Libri,Guida,30,2,60,CreditCard,Bologna,0,GLS,5,5
5575,6575,2024-06-19,34.0,M,Basic,Sport,Manubri,123,1,123,BankTransfer,Roma,0,GLS,3,11
5576,6576,2024-11-09,49.0,F,Basic,Elettronica,Laptop,782,3,2346,Cash,Bologna,0,BRT,3,11
5577,6577,2024-06-02,,M,Basic,Sport,Borraccia,40,2,80,CreditCard,Milano,1,Poste,3,4
5578,6578,2024-05-12,24.0,M,Basic,Sport,Borraccia,141,2,282,CreditCard,Roma,0,BRT,4,8
5579,6579,2024-01-25,,M,Basic,Casa,Pentola,149,3,447,CreditCard,Torino,0,GLS,5,10
5580,6580,2024-03-14,40.0,M,Basic,Sport,Manubri,118,3,354,PayPal,Milano,0,Poste,8,20
5581,6581,2024-12-06,43.0,F,Basic,Casa,Lampada,54,1,54,PayPal,Bologna,1,GLS,5,7
5582,6582,2024-04-19,51.0,M,Silver,Casa,Pentola,86,2,172,CreditCard,Milano,0,GLS,3,6
5583,6583,2024-03-10,60.0,M,Basic,Elettronica,Cuffie,241,3,723,CreditCard,Milano,0,BRT,5,5
5584,6584,2024-04-27,37.0,M,Basic,Abbigliamento,T-shirt,155,2,310,PayPal,Torino,0,Poste,4,4
5585,6585,2024-07-05,18.0,M,Silver,Casa,Cuscino,50,1,50,CreditCard,Napoli,0,Poste,1,0
5586,6586,2024-09-02,,M,Gold,Casa,Cuscino,91,2,182,BankTransfer,Milano,0,GLS,4,3
5587,6587,2024-02-02,18.0,F,Silver,Sport,Borraccia,58,2,116,PayPal,Napoli,0,GLS,4,0
5588,6588,2024-07-04,38.0,F,Basic,Abbigliamento,Scarpe,158,1,158,BankTransfer,Torino,1,Poste,1,2
5589,6589,2024-11-19,44.0,M,Gold,Casa,Coperta,143,4,572,PayPal,Roma,0,BRT,3,3
5590,6590,2024-10-08,,M,Basic,Casa,Coperta,137,4,548,PayPal,Roma,0,BRT,4,11
5591,6591,2024-04-14,58.0,M,Basic,Libri,Romanzo,31,1,31,Cash,Roma,1,BRT,1,0
5592,6592,2024-06-08,,M,Basic,Sport,Pallone,168,1,168,PayPal,Roma,0,Poste,4,13
5593,6593,2024-05-04,34.0,M,Basic,Libri,Romanzo,15,1,15,CreditCard,Napoli,0,Poste,3,3
5594,6594,2024-07-14,48.0,M,Basic,Sport,Scarpe Running,56,2,112,Cash,Milano,1,GLS,4,5
5595,6595,2024-08-24,45.0,F,Basic,Libri,Enciclopedia,20,2,40,PayPal,Roma,0,BRT,1,8
5596,6596,2024-02-09,33.0,M,Silver,Casa,Tappeto,136,1,136,Cash,Bologna,0,Poste,6,0
5597,6597,2024-12-06,45.0,M,Basic,Casa,Coperta,136,2,272,CreditCard,Roma,0,Poste,4,5
5598,6598,2024-07-31,57.0,F,Silver,Sport,Manubri,53,2,106,CreditCard,Milano,0,Poste,7,7
5599,6599,2024-02-19,50.0,M,Basic,Elettronica,Tablet,316,3,948,BankTransfer,Roma,0,Poste,6,2
5600,6600,2024-11-19,47.0,M,Silver,Elettronica,Laptop,360,1,360,CreditCard,Bologna,0,Poste,1,4
5601,6601,2024-04-08,30.0,M,Silver,Casa,Lampada,50,2,100,Cash,Milano,0,BRT,1,0
5602,6602,2024-01-08,,F,Silver,Casa,Lampada,83,1,83,BankTransfer,Roma,1,BRT,1,3
5603,6603,2024-07-05,22.0,F,Silver,Elettronica,Smartwatch,743,1,743,CreditCard,Napoli,0,GLS,4,0
5604,6604,2024-11-25,,M,Silver,Elettronica,Smartphone,420,2,840,CreditCard,Milano,0,DHL,1,9
5605,6605,2024-08-10,32.0,M,Basic,Sport,Borraccia,98,1,98,CreditCard,Milano,0,BRT,4,1
5606,6606,2024-07-19,26.0,F,Basic,Abbigliamento,Scarpe,33,3,99,PayPal,Bologna,1,GLS,4,0
5607,6607,2024-11-07,24.0,M,Basic,Casa,Tappeto,42,1,42,CreditCard,Roma,1,BRT,3,7
5608,6608,2024-10-29,,F,Basic,Casa,Pentola,107,2,214,Cash,Roma,1,BRT,6,8
5609,6609,2024-07-02,35.0,M,Silver,Casa,Coperta,43,1,43,PayPal,Milano,1,GLS,3,1
5610,6610,2024-09-19,25.0,M,Basic,Abbigliamento,Giacca,36,1,36,BankTransfer,Bologna,1,GLS,6,0
5611,6611,2024-07-08,39.0,F,Basic,Abbigliamento,Giacca,148,2,296,CreditCard,Napoli,0,DHL,2,0
5612,6612,2024-05-27,64.0,M,Gold,Casa,Pentola,63,2,126,BankTransfer,Milano,0,BRT,1,7
5613,6613,2024-02-21,64.0,M,Basic,Sport,Manubri,162,1,162,PayPal,Torino,1,GLS,3,0
5614,6614,2024-06-23,27.0,F,Basic,Casa,Lampada,110,3,330,BankTransfer,Torino,1,DHL,1,7
5615,6615,2024-12-02,28.0,F,Basic,Casa,Coperta,44,2,88,Cash,Roma,0,Poste,3,10
5616,6616,2024-11-27,39.0,M,Basic,Libri,Romanzo,22,1,22,Cash,Torino,0,GLS,5,0
5617,6617,2024-08-16,33.0,F,Basic,Abbigliamento,Giacca,127,3,381,CreditCard,Torino,1,Poste,1,6
5618,6618,2024-12-11,,M,Basic,Sport,Manubri,62,5,310,CreditCard,Torino,0,Poste,5,10
5619,6619,2024-01-04,45.0,F,Gold,Abbigliamento,Jeans,185,1,185,PayPal,Napoli,1,BRT,2,0
5620,6620,2024-12-26,47.0,F,Gold,Abbigliamento,Scarpe,47,3,141,CreditCard,Milano,0,BRT,4,23
5621,6621,2024-10-06,47.0,F,Basic,Sport,Pallone,122,1,122,PayPal,Napoli,1,GLS,3,7
5622,6622,2024-08-04,34.0,M,Basic,Casa,Lampada,84,1,84,CreditCard,Bologna,0,Poste,5,0
5623,6623,2024-08-01,50.0,F,Basic,Elettronica,Tablet,296,4,1184,BankTransfer,Roma,1,GLS,4,10
5624,6624,2024-10-02,18.0,M,Basic,Libri,Guida,12,3,36,BankTransfer,Torino,0,DHL,2,9
5625,6625,2024-02-02,38.0,M,Silver,Libri,Manuale,26,2,52,PayPal,Milano,0,GLS,4,14
5626,6626,2024-02-16,58.0,F,Silver,Sport,Pallone,163,1,163,CreditCard,Milano,0,GLS,3,4
5627,6627,2024-11-12,,F,Basic,Libri,Manuale,20,1,20,Cash,Torino,0,GLS,3,0
5628,6628,2024-08-05,22.0,F,Silver,Abbigliamento,Maglione,124,4,496,BankTransfer,Roma,1,GLS,3,13
5629,6629,2024-02-16,21.0,F,Basic,Casa,Tappeto,73,4,292,CreditCard,Napoli,1,BRT,5,12
5630,6630,2024-01-30,49.0,F,Basic,Libri,Fumetto,18,1,18,Cash,Roma,0,DHL,3,8
5631,6631,2024-03-06,38.0,M,Silver,Casa,Lampada,15,1,15,BankTransfer,Milano,1,BRT,3,0
5632,6632,2024-08-22,,M,Basic,Sport,Scarpe Running,120,3,360,Cash,Torino,0,GLS,3,10
5633,6633,2024-10-19,49.0,F,Gold,Abbigliamento,T-shirt,179,1,179,PayPal,Bologna,1,DHL,2,6
5634,6634,2024-07-05,,M,Basic,Elettronica,Smartwatch,174,1,174,CreditCard,Milano,1,BRT,4,15
5635,6635,2024-06-08,,F,Basic,Abbigliamento,Jeans,161,1,161,PayPal,Torino,1,BRT,1,0
5636,6636,2024-12-09,31.0,F,Silver,Abbigliamento,Giacca,108,2,216,CreditCard,Torino,0,DHL,2,2
5637,6637,2024-06-11,44.0,F,Basic,Libri,Manuale,48,2,96,PayPal,Roma,0,BRT,3,2
5638,6638,2024-05-18,53.0,F,Basic,Elettronica,Smartwatch,438,1,438,Cash,Roma,0,GLS,4,1
5639,6639,2024-01-29,28.0,F,Basic,Abbigliamento,Jeans,40,4,160,BankTransfer,Milano,1,DHL,3,9
5640,6640,2024-09-03,,F,Basic,Abbigliamento,T-shirt,34,1,34,BankTransfer,Bologna,1,BRT,3,1
5641,6641,2024-08-14,,M,Basic,Abbigliamento,T-shirt,86,1,86,BankTransfer,Torino,1,BRT,3,0
5642,6642,2024-12-26,50.0,M,Basic,Libri,Manuale,45,1,45,PayPal,Bologna,0,BRT,2,2
5643,6643,2024-02-03,18.0,M,Gold,Abbigliamento,Giacca,143,1,143,CreditCard,Napoli,1,BRT,4,7
5644,6644,2024-08-31,25.0,F,Silver,Elettronica,Smartwatch,588,1,588,CreditCard,Bologna,0,BRT,1,12
5645,6645,2024-04-05,37.0,F,Basic,Abbigliamento,Scarpe,187,2,374,PayPal,Milano,1,GLS,3,9
5646,6646,2024-06-12,52.0,M,Silver,Sport,Scarpe Running,163,1,163,PayPal,Torino,0,GLS,4,0
5647,6647,2024-04-29,40.0,F,Basic,Elettronica,Smartphone,211,2,422,CreditCard,Roma,0,DHL,2,8
5648,6648,2024-09-10,18.0,F,Gold,Libri,Manuale,48,2,96,CreditCard,Napoli,0,DHL,2,10
5649,6649,2024-03-28,46.0,M,Basic,Abbigliamento,Maglione,131,2,262,PayPal,Milano,1,BRT,7,5
5650,6650,2024-03-27,42.0,M,Basic,Libri,Manuale,8,1,8,BankTransfer,Milano,0,GLS,5,0
5651,6651,2024-11-24,53.0,F,Basic,Sport,Tappetino Yoga,51,1,51,CreditCard,Milano,0,BRT,4,3
5652,6652,2024-11-29,36.0,M,Gold,Sport,Pallone,145,2,290,PayPal,Bologna,1,GLS,5,8
5653,6653,2024-05-24,,F,Gold,Sport,Pallone,103,1,103,BankTransfer,Bologna,0,BRT,3,0
5654,6654,2024-05-19,21.0,M,Silver,Sport,Pallone,78,1,78,CreditCard,Roma,0,GLS,5,3
5655,6655,2024-02-14,47.0,M,Gold,Libri,Romanzo,28,2,56,CreditCard,Napoli,0,BRT,3,4
5656,6656,2024-04-28,62.0,M,Silver,Elettronica,Smartwatch,492,2,984,CreditCard,Torino,1,DHL,3,2
5657,6657,2024-10-29,31.0,M,Basic,Casa,Pentola,38,3,114,Cash,Milano,0,GLS,3,10
5658,6658,2024-06-16,48.0,F,Silver,Abbigliamento,Giacca,52,1,52,BankTransfer,Milano,1,BRT,1,4
5659,6659,2024-12-27,,F,Basic,Casa,Lampada,68,2,136,CreditCard,Roma,0,GLS,3,6
5660,6660,2024-10-09,32.0,M,Basic,Libri,Enciclopedia,16,2,32,CreditCard,Milano,1,Poste,6,9
5661,6661,2024-10-30,63.0,M,Gold,Sport,Manubri,167,1,167,BankTransfer,Bologna,0,GLS,3,10
5662,6662,2024-12-06,34.0,M,Silver,Sport,Pallone,154,4,616,BankTransfer,Torino,0,GLS,4,6
5663,6663,2024-03-13,26.0,M,Basic,Elettronica,Tablet,612,1,612,BankTransfer,Napoli,0,DHL,1,0
5664,6664,2024-01-30,18.0,M,Basic,Sport,Borraccia,127,1,127,PayPal,Bologna,1,BRT,2,5
5665,6665,2024-12-24,52.0,M,Basic,Elettronica,Laptop,488,3,1464,Cash,Napoli,0,DHL,2,18
5666,6666,2024-01-23,,M,Basic,Libri,Manuale,9,1,9,PayPal,Napoli,1,DHL,1,3
5667,6667,2024-01-01,47.0,M,Silver,Abbigliamento,T-shirt,80,1,80,PayPal,Milano,0,BRT,5,0
5668,6668,2024-12-15,44.0,M,Silver,Libri,Fumetto,35,2,70,CreditCard,Milano,1,BRT,4,8
5669,6669,2024-01-23,18.0,F,Silver,Sport,Scarpe Running,36,1,36,PayPal,Milano,0,GLS,4,4
5670,6670,2024-04-13,,M,Gold,Elettronica,Smartphone,224,1,224,PayPal,Napoli,0,DHL,2,0
5671,6671,2024-05-05,,M,Basic,Elettronica,Cuffie,659,5,3295,Cash,Bologna,0,BRT,8,19
5672,6672,2024-11-09,50.0,F,Silver,Sport,Pallone,100,3,300,CreditCard,Roma,0,GLS,3,11
5673,6673,2024-08-12,24.0,F,Basic,Elettronica,Laptop,312,2,624,BankTransfer,Milano,0,DHL,2,5
5674,6674,2024-06-20,57.0,M,Silver,Elettronica,Laptop,199,2,398,BankTransfer,Bologna,0,DHL,3,6
5675,6675,2024-05-31,54.0,M,Gold,Casa,Tappeto,19,5,95,CreditCard,Milano,1,Poste,4,15
5676,6676,2024-10-29,73.0,M,Silver,Elettronica,Smartwatch,106,2,212,Cash,Bologna,0,GLS,4,3
5677,6677,2024-04-28,,M,Gold,Sport,Manubri,156,1,156,PayPal,Roma,0,BRT,5,2
5678,6678,2024-09-07,25.0,M,Silver,Sport,Borraccia,76,3,228,CreditCard,Roma,0,DHL,2,2
5679,6679,2024-11-30,,M,Basic,Sport,Borraccia,111,2,222,BankTransfer,Milano,0,GLS,2,11
5680,6680,2024-04-14,30.0,M,Basic,Elettronica,Cuffie,178,2,356,Cash,Bologna,0,DHL,2,13
5681,6681,2024-09-15,18.0,M,Silver,Elettronica,Tablet,388,1,388,CreditCard,Milano,0,Poste,5,9
5682,6682,2024-09-01,18.0,M,Silver,Sport,Borraccia,156,2,312,CreditCard,Torino,0,GLS,4,9
5683,6683,2024-02-04,38.0,M,Gold,Casa,Coperta,61,2,122,Cash,Napoli,0,BRT,3,8
5684,6684,2024-08-22,20.0,M,Basic,Casa,Pentola,110,2,220,PayPal,Torino,1,GLS,4,0
5685,6685,2024-06-07,,M,Basic,Casa,Coperta,13,5,65,BankTransfer,Roma,1,Poste,7,17
5686,6686,2024-06-19,50.0,M,Basic,Abbigliamento,Scarpe,174,1,174,CreditCard,Napoli,1,DHL,3,0
5687,6687,2024-02-26,57.0,M,Silver,Casa,Pentola,71,1,71,Cash,Milano,0,GLS,4,4
5688,6688,2024-10-25,34.0,F,Silver,Sport,Pallone,116,4,464,PayPal,Torino,0,DHL,2,6
5689,6689,2024-03-30,55.0,F,Silver,Casa,Lampada,45,2,90,PayPal,Bologna,0,BRT,6,0
5690,6690,2024-03-05,55.0,M,Basic,Sport,Pallone,142,2,284,Cash,Torino,0,DHL,2,2
5691,6691,2024-05-06,44.0,M,Gold,Elettronica,Tablet,746,5,3730,PayPal,Milano,0,BRT,1,16
5692,6692,2024-08-10,30.0,M,Silver,Sport,Manubri,137,1,137,CreditCard,Roma,1,GLS,3,0
5693,6693,2024-09-20,52.0,M,Basic,Elettronica,Cuffie,589,2,1178,CreditCard,Roma,0,Poste,8,0
5694,6694,2024-05-01,18.0,F,Silver,Abbigliamento,T-shirt,194,2,388,PayPal,Torino,0,DHL,2,6
5695,6695,2024-12-22,58.0,M,Gold,Abbigliamento,Maglione,152,1,152,BankTransfer,Torino,0,BRT,2,7
5696,6696,2024-02-11,,M,Basic,Libri,Romanzo,11,2,22,BankTransfer,Milano,0,GLS,3,7
5697,6697,2024-02-29,36.0,M,Silver,Elettronica,Tablet,126,5,630,Cash,Torino,0,GLS,3,13
5698,6698,2024-06-12,42.0,F,Basic,Libri,Manuale,28,1,28,CreditCard,Bologna,1,DHL,1,9
5699,6699,2024-11-12,18.0,M,Gold,Abbigliamento,Maglione,61,1,61,BankTransfer,Napoli,0,GLS,4,5
5700,6700,2024-01-10,,F,Silver,Casa,Tappeto,127,5,635,BankTransfer,Bologna,0,BRT,3,18
5701,6701,2024-11-21,31.0,M,Basic,Libri,Guida,19,3,57,PayPal,Torino,1,BRT,2,9
5702,6702,2024-06-01,66.0,F,Gold,Casa,Cuscino,91,1,91,CreditCard,Roma,0,GLS,3,4
5703,6703,2024-04-21,18.0,F,Gold,Casa,Lampada,12,1,12,CreditCard,Bologna,0,BRT,3,4
5704,6704,2024-05-07,23.0,M,Basic,Elettronica,Laptop,795,4,3180,CreditCard,Milano,0,DHL,2,13
5705,6705,2024-12-19,42.0,M,Silver,Libri,Fumetto,27,1,27,CreditCard,Bologna,0,GLS,3,3
5706,6706,2024-05-04,42.0,M,Gold,Casa,Cuscino,91,1,91,BankTransfer,Napoli,0,GLS,5,1
5707,6707,2024-05-04,,M,Silver,Abbigliamento,Maglione,122,1,122,BankTransfer,Torino,1,BRT,4,6
5708,6708,2024-07-02,,M,Gold,Casa,Pentola,78,1,78,BankTransfer,Milano,0,Poste,1,0
5709,6709,2024-05-06,50.0,F,Basic,Elettronica,Smartwatch,491,1,491,CreditCard,Torino,0,Poste,4,8
5710,6710,2024-10-04,,M,Basic,Elettronica,Cuffie,550,5,2750,CreditCard,Torino,1,BRT,2,19
5711,6711,2024-04-13,54.0,M,Silver,Sport,Manubri,122,4,488,BankTransfer,Milano,0,DHL,2,12
5712,6712,2024-04-06,50.0,F,Basic,Elettronica,Tablet,195,5,975,CreditCard,Milano,0,GLS,3,14
5713,6713,2024-07-11,64.0,M,Basic,Libri,Fumetto,11,1,11,CreditCard,Milano,0,BRT,3,7
5714,6714,2024-03-21,34.0,M,Basic,Abbigliamento,Giacca,145,2,290,CreditCard,Bologna,1,BRT,2,16
5715,6715,2024-05-22,22.0,M,Silver,Libri,Enciclopedia,44,2,88,BankTransfer,Torino,0,Poste,7,10
5716,6716,2024-10-30,41.0,F,Basic,Casa,Coperta,126,1,126,CreditCard,Roma,0,BRT,3,7
5717,6717,2024-03-22,52.0,M,Gold,Elettronica,Tablet,377,5,1885,Cash,Torino,0,Poste,9,17
5718,6718,2024-02-15,59.0,F,Gold,Libri,Manuale,32,2,64,PayPal,Milano,0,Poste,6,1
5719,6719,2024-10-31,67.0,M,Silver,Abbigliamento,Maglione,176,3,528,CreditCard,Milano,1,BRT,1,10
5720,6720,2024-06-01,18.0,F,Basic,Sport,Borraccia,165,1,165,PayPal,Milano,0,Poste,5,4
5721,6721,2024-04-12,32.0,M,Silver,Libri,Enciclopedia,10,1,10,CreditCard,Napoli,1,Poste,4,1
5722,6722,2024-05-02,,M,Gold,Casa,Pentola,30,1,30,CreditCard,Torino,0,GLS,3,8
5723,6723,2024-10-23,23.0,M,Basic,Sport,Pallone,28,5,140,PayPal,Milano,0,Poste,3,21
5724,6724,2024-11-19,33.0,F,Silver,Abbigliamento,Jeans,147,2,294,Cash,Milano,1,GLS,4,4
5725,6725,2024-06-27,20.0,F,Basic,Sport,Manubri,133,5,665,CreditCard,Milano,1,GLS,3,20
5726,6726,2024-08-03,26.0,M,Silver,Sport,Pallone,151,1,151,PayPal,Napoli,1,BRT,1,10
5727,6727,2024-07-09,27.0,F,Basic,Sport,Tappetino Yoga,134,2,268,BankTransfer,Milano,0,GLS,2,6
5728,6728,2024-10-31,26.0,M,Basic,Abbigliamento,Jeans,70,5,350,CreditCard,Milano,1,BRT,3,9
5729,6729,2024-02-04,,M,Basic,Casa,Pentola,118,5,590,Cash,Milano,0,Poste,5,10
5730,6730,2024-02-10,18.0,M,Silver,Libri,Fumetto,23,1,23,Cash,Bologna,0,BRT,4,0
5731,6731,2024-11-18,38.0,M,Gold,Sport,Manubri,170,1,170,PayPal,Torino,1,GLS,4,0
5732,6732,2024-07-19,60.0,F,Basic,Elettronica,Smartwatch,157,1,157,CreditCard,Napoli,0,Poste,4,6
5733,6733,2024-03-08,18.0,F,Basic,Sport,Borraccia,88,2,176,BankTransfer,Milano,0,DHL,2,8
5734,6734,2024-01-15,45.0,M,Gold,Casa,Cuscino,50,2,100,PayPal,Roma,0,GLS,3,5
5735,6735,2024-03-31,21.0,F,Basic,Sport,Manubri,55,1,55,CreditCard,Milano,0,GLS,3,4
5736,6736,2024-02-01,,F,Basic,Elettronica,Smartwatch,228,4,912,Cash,Bologna,0,GLS,4,8
5737,6737,2024-04-03,,F,Basic,Sport,Tappetino Yoga,111,3,333,PayPal,Bologna,0,DHL,2,10
5738,6738,2024-03-26,53.0,F,Basic,Elettronica,Smartwatch,692,4,2768,CreditCard,Napoli,1,Poste,9,11
5739,6739,2024-03-23,42.0,M,Gold,Elettronica,Smartwatch,192,3,576,CreditCard,Napoli,1,GLS,3,5
5740,6740,2024-06-13,27.0,M,Basic,Elettronica,Tablet,358,3,1074,Cash,Roma,0,DHL,2,3
5741,6741,2024-06-05,,M,Basic,Elettronica,Cuffie,630,1,630,Cash,Napoli,0,BRT,1,4
5742,6742,2024-02-27,18.0,F,Basic,Elettronica,Smartphone,303,1,303,CreditCard,Bologna,0,BRT,3,8
5743,6743,2024-08-22,,M,Silver,Abbigliamento,T-shirt,64,1,64,CreditCard,Milano,0,DHL,2,7
5744,6744,2024-12-08,23.0,M,Basic,Elettronica,Smartphone,774,1,774,CreditCard,Milano,1,DHL,2,4
5745,6745,2024-09-01,,F,Gold,Elettronica,Cuffie,376,3,1128,CreditCard,Napoli,0,GLS,4,4
5746,6746,2024-10-30,,M,Silver,Abbigliamento,T-shirt,27,1,27,Cash,Napoli,0,BRT,4,0
5747,6747,2024-10-03,18.0,F,Basic,Libri,Guida,46,1,46,BankTransfer,Napoli,1,Poste,7,9
5748,6748,2024-01-04,28.0,F,Basic,Sport,Manubri,65,2,130,PayPal,Roma,1,Poste,2,5
5749,6749,2024-06-19,26.0,M,Basic,Elettronica,Cuffie,459,3,1377,CreditCard,Roma,0,BRT,4,9
5750,6750,2024-02-08,,M,Basic,Libri,Manuale,13,2,26,PayPal,Milano,1,BRT,1,2
5751,6751,2024-02-13,41.0,M,Silver,Casa,Pentola,127,1,127,BankTransfer,Torino,0,BRT,1,7
5752,6752,2024-04-01,40.0,M,Gold,Casa,Tappeto,121,1,121,BankTransfer,Milano,0,DHL,2,4
5753,6753,2024-05-30,46.0,F,Basic,Casa,Lampada,41,1,41,BankTransfer,Milano,0,BRT,4,3
5754,6754,2024-09-19,64.0,F,Basic,Abbigliamento,Giacca,93,2,186,PayPal,Torino,0,BRT,5,11
5755,6755,2024-11-22,36.0,M,Basic,Casa,Pentola,76,1,76,PayPal,Roma,1,BRT,1,3
5756,6756,2024-11-13,68.0,F,Gold,Casa,Tappeto,56,2,112,CreditCard,Torino,0,GLS,2,3
5757,6757,2024-01-11,18.0,M,Basic,Elettronica,Smartwatch,232,1,232,Cash,Torino,1,GLS,4,2
5758,6758,2024-07-11,18.0,M,Basic,Casa,Coperta,108,2,216,CreditCard,Torino,1,GLS,3,15
5759,6759,2024-06-13,23.0,M,Silver,Abbigliamento,Jeans,92,2,184,CreditCard,Torino,0,GLS,4,7
5760,6760,2024-11-07,,M,Basic,Sport,Manubri,58,2,116,Cash,Napoli,0,BRT,2,6
5761,6761,2024-09-23,37.0,M,Silver,Abbigliamento,Jeans,172,2,344,PayPal,Milano,1,GLS,4,6
5762,6762,2024-09-22,63.0,F,Gold,Abbigliamento,Scarpe,134,1,134,PayPal,Roma,1,GLS,4,0
5763,6763,2024-11-26,31.0,M,Silver,Sport,Tappetino Yoga,72,3,216,PayPal,Napoli,1,GLS,2,7
5764,6764,2024-07-12,,F,Silver,Libri,Romanzo,36,1,36,CreditCard,Bologna,0,BRT,1,3
5765,6765,2024-09-24,41.0,F,Gold,Casa,Cuscino,23,1,23,BankTransfer,Roma,0,BRT,2,7
5766,6766,2024-12-18,,F,Basic,Elettronica,Smartphone,659,4,2636,PayPal,Napoli,1,BRT,4,5
5767,6767,2024-10-27,55.0,F,Silver,Libri,Manuale,28,1,28,PayPal,Roma,0,DHL,2,6
5768,6768,2024-03-14,18.0,F,Basic,Sport,Pallone,126,3,378,CreditCard,Torino,1,DHL,3,9
5769,6769,2024-04-28,47.0,M,Basic,Casa,Coperta,24,1,24,CreditCard,Torino,0,BRT,3,2
5770,6770,2024-06-06,31.0,M,Silver,Elettronica,Cuffie,403,2,806,BankTransfer,Napoli,0,DHL,2,10
5771,6771,2024-01-24,31.0,M,Silver,Sport,Scarpe Running,173,1,173,CreditCard,Roma,0,BRT,3,11
5772,6772,2024-09-18,22.0,F,Basic,Casa,Tappeto,141,1,141,PayPal,Bologna,0,BRT,3,6
5773,6773,2024-12-21,,M,Basic,Abbigliamento,Jeans,120,3,360,Cash,Torino,1,BRT,2,13
5774,6774,2024-02-09,18.0,F,Silver,Casa,Coperta,106,3,318,PayPal,Milano,0,BRT,2,8
5775,6775,2024-06-28,26.0,M,Silver,Libri,Manuale,36,2,72,CreditCard,Roma,1,BRT,3,8
5776,6776,2024-11-14,38.0,M,Silver,Elettronica,Tablet,404,2,808,CreditCard,Milano,0,BRT,2,5
5777,6777,2024-01-21,34.0,F,Silver,Libri,Manuale,15,1,15,PayPal,Napoli,0,DHL,3,0
5778,6778,2024-06-12,49.0,F,Silver,Casa,Coperta,62,3,186,CreditCard,Bologna,0,DHL,3,11
5779,6779,2024-01-28,18.0,F,Basic,Elettronica,Tablet,106,3,318,PayPal,Torino,1,Poste,2,11
5780,6780,2024-06-18,50.0,F,Basic,Libri,Enciclopedia,43,1,43,PayPal,Roma,0,Poste,2,15
5781,6781,2024-02-03,45.0,F,Basic,Sport,Manubri,125,1,125,PayPal,Bologna,0,GLS,5,0
5782,6782,2024-06-25,18.0,F,Basic,Casa,Coperta,38,1,38,CreditCard,Roma,1,BRT,1,8
5783,6783,2024-08-03,31.0,F,Basic,Casa,Tappeto,36,5,180,CreditCard,Bologna,1,GLS,4,15
5784,6784,2024-04-25,33.0,F,Basic,Abbigliamento,T-shirt,190,1,190,BankTransfer,Torino,0,GLS,4,9
5785,6785,2024-01-13,37.0,M,Basic,Casa,Coperta,33,3,99,CreditCard,Torino,0,GLS,4,5
5786,6786,2024-12-06,22.0,M,Silver,Sport,Scarpe Running,38,4,152,PayPal,Bologna,1,GLS,5,17
5787,6787,2024-11-06,20.0,M,Silver,Elettronica,Cuffie,220,1,220,BankTransfer,Bologna,0,BRT,1,2
5788,6788,2024-07-17,65.0,F,Basic,Sport,Manubri,79,2,158,CreditCard,Bologna,0,BRT,1,6
5789,6789,2024-08-30,24.0,F,Basic,Elettronica,Cuffie,187,2,374,PayPal,Milano,1,GLS,3,7
5790,6790,2024-10-18,25.0,F,Silver,Elettronica,Smartwatch,183,2,366,Cash,Bologna,0,Poste,7,15
5791,6791,2024-12-12,39.0,M,Silver,Elettronica,Smartphone,275,1,275,Cash,Milano,0,DHL,2,0
5792,6792,2024-02-25,53.0,M,Gold,Elettronica,Smartwatch,556,4,2224,CreditCard,Milano,0,DHL,2,5
5793,6793,2024-11-10,,M,Basic,Casa,Cuscino,21,3,63,BankTransfer,Torino,0,GLS,3,12
5794,6794,2024-03-04,42.0,F,Gold,Casa,Cuscino,41,1,41,BankTransfer,Napoli,0,GLS,4,7
5795,6795,2024-08-23,,F,Basic,Libri,Guida,23,2,46,BankTransfer,Bologna,1,BRT,3,6
5796,6796,2024-05-06,40.0,F,Silver,Abbigliamento,Jeans,94,1,94,CreditCard,Napoli,1,GLS,4,6
5797,6797,2024-06-20,35.0,M,Basic,Elettronica,Cuffie,306,2,612,PayPal,Napoli,0,BRT,5,0
5798,6798,2024-05-17,43.0,M,Silver,Abbigliamento,T-shirt,69,2,138,CreditCard,Milano,1,BRT,2,1
5799,6799,2024-05-11,40.0,F,Silver,Elettronica,Smartphone,731,2,1462,CreditCard,Napoli,0,BRT,2,10
5800,6800,2024-05-27,,F,Basic,Elettronica,Smartphone,499,1,499,BankTransfer,Roma,0,DHL,2,0
5801,6801,2024-02-09,43.0,F,Silver,Elettronica,Tablet,283,3,849,BankTransfer,Torino,0,Poste,4,4
5802,6802,2024-03-10,25.0,M,Silver,Casa,Cuscino,58,1,58,CreditCard,Roma,1,BRT,2,2
5803,6803,2024-06-28,67.0,M,Basic,Sport,Pallone,110,1,110,PayPal,Roma,1,Poste,2,8
5804,6804,2024-08-21,25.0,M,Basic,Sport,Borraccia,132,4,528,CreditCard,Torino,0,GLS,3,7
5805,6805,2024-12-05,62.0,M,Basic,Elettronica,Laptop,421,2,842,CreditCard,Napoli,1,BRT,3,1
5806,6806,2024-06-19,44.0,M,Gold,Sport,Borraccia,167,2,334,BankTransfer,Roma,0,GLS,3,3
5807,6807,2024-05-18,47.0,F,Silver,Sport,Pallone,47,2,94,BankTransfer,Torino,0,BRT,1,8
5808,6808,2024-01-29,38.0,F,Basic,Sport,Pallone,109,4,436,BankTransfer,Roma,0,BRT,8,0
5809,6809,2024-09-03,18.0,M,Basic,Elettronica,Smartphone,136,3,408,BankTransfer,Roma,1,GLS,3,5
5810,6810,2024-04-20,37.0,M,Gold,Sport,Borraccia,113,3,339,BankTransfer,Torino,0,DHL,2,5
5811,6811,2024-02-07,,M,Gold,Casa,Pentola,28,1,28,PayPal,Milano,0,BRT,5,8
5812,6812,2024-04-02,74.0,M,Silver,Abbigliamento,Jeans,36,1,36,CreditCard,Torino,1,GLS,3,4
5813,6813,2024-06-20,44.0,F,Silver,Sport,Manubri,96,3,288,CreditCard,Milano,1,BRT,2,9
5814,6814,2024-12-16,36.0,F,Silver,Sport,Tappetino Yoga,96,1,96,PayPal,Torino,0,DHL,3,0
5815,6815,2024-05-14,39.0,M,Gold,Elettronica,Smartwatch,231,2,462,Cash,Milano,0,BRT,2,7
5816,6816,2024-04-25,,F,Basic,Abbigliamento,Giacca,196,2,392,Cash,Napoli,0,Poste,7,2
5817,6817,2024-09-12,,F,Basic,Sport,Borraccia,125,4,500,CreditCard,Roma,0,GLS,4,11
5818,6818,2024-02-05,37.0,F,Gold,Abbigliamento,Giacca,58,1,58,PayPal,Napoli,0,BRT,2,0
5819,6819,2024-08-09,40.0,F,Basic,Abbigliamento,Scarpe,129,4,516,PayPal,Torino,1,DHL,2,11
5820,6820,2024-10-25,42.0,M,Gold,Casa,Lampada,17,1,17,CreditCard,Torino,0,BRT,1,5
5821,6821,2024-04-12,59.0,M,Gold,Sport,Manubri,151,3,453,CreditCard,Roma,0,BRT,1,7
5822,6822,2024-07-15,27.0,F,Silver,Elettronica,Smartphone,224,5,1120,BankTransfer,Milano,0,GLS,4,14
5823,6823,2024-07-03,18.0,M,Gold,Casa,Lampada,114,2,228,BankTransfer,Roma,0,BRT,2,6
5824,6824,2024-09-16,30.0,F,Basic,Casa,Lampada,71,3,213,Cash,Roma,1,Poste,6,13
5825,6825,2024-04-11,26.0,M,Silver,Elettronica,Smartphone,445,1,445,BankTransfer,Milano,1,DHL,3,9
5826,6826,2024-04-12,18.0,M,Basic,Libri,Enciclopedia,17,2,34,BankTransfer,Napoli,1,BRT,2,1
5827,6827,2024-07-19,,M,Basic,Abbigliamento,Jeans,112,1,112,PayPal,Napoli,0,Poste,7,6
5828,6828,2024-12-08,40.0,M,Basic,Elettronica,Cuffie,778,2,1556,BankTransfer,Milano,0,GLS,3,0
5829,6829,2024-09-30,24.0,M,Basic,Abbigliamento,T-shirt,91,2,182,BankTransfer,Milano,1,BRT,5,11
5830,6830,2024-01-31,70.0,F,Gold,Abbigliamento,T-shirt,118,1,118,CreditCard,Milano,0,GLS,3,5
5831,6831,2024-09-08,60.0,M,Basic,Abbigliamento,Giacca,127,2,254,PayPal,Torino,1,GLS,3,5
5832,6832,2024-11-05,,M,Basic,Elettronica,Smartphone,622,1,622,PayPal,Napoli,1,BRT,2,10
5833,6833,2024-10-05,58.0,M,Silver,Libri,Fumetto,9,2,18,CreditCard,Torino,0,BRT,3,11
5834,6834,2024-02-07,20.0,M,Basic,Elettronica,Tablet,776,5,3880,BankTransfer,Torino,1,GLS,3,9
5835,6835,2024-11-12,40.0,F,Silver,Libri,Romanzo,15,2,30,Cash,Roma,1,Poste,6,6
5836,6836,2024-03-16,72.0,M,Silver,Elettronica,Tablet,721,4,2884,CreditCard,Torino,1,GLS,4,16
5837,6837,2024-09-12,,F,Gold,Elettronica,Laptop,487,1,487,BankTransfer,Torino,0,BRT,4,3
5838,6838,2024-02-07,32.0,M,Silver,Libri,Guida,12,4,48,PayPal,Bologna,0,GLS,4,18
5839,6839,2024-04-19,18.0,M,Silver,Abbigliamento,Scarpe,150,4,600,PayPal,Roma,1,DHL,2,12
5840,6840,2024-08-26,49.0,F,Silver,Sport,Scarpe Running,178,5,890,BankTransfer,Roma,0,DHL,2,26
5841,6841,2024-01-12,26.0,M,Basic,Elettronica,Tablet,540,3,1620,PayPal,Roma,0,Poste,6,6
5842,6842,2024-02-02,63.0,M,Silver,Elettronica,Laptop,94,2,188,CreditCard,Bologna,0,BRT,2,4
5843,6843,2024-02-12,58.0,M,Silver,Sport,Manubri,68,1,68,PayPal,Milano,0,GLS,3,9
5844,6844,2024-12-08,43.0,M,Basic,Libri,Enciclopedia,19,2,38,PayPal,Bologna,0,GLS,3,2
5845,6845,2024-01-05,59.0,M,Gold,Casa,Lampada,69,4,276,BankTransfer,Napoli,0,BRT,3,14
5846,6846,2024-07-05,18.0,M,Silver,Abbigliamento,T-shirt,132,1,132,CreditCard,Napoli,1,BRT,5,0
5847,6847,2024-06-12,71.0,M,Basic,Abbigliamento,Jeans,47,4,188,Cash,Bologna,1,GLS,4,5
5848,6848,2024-02-07,62.0,F,Silver,Abbigliamento,Giacca,138,3,414,CreditCard,Roma,0,BRT,3,6
5849,6849,2024-09-09,56.0,F,Gold,Sport,Pallone,90,4,360,PayPal,Napoli,0,DHL,2,8
5850,6850,2024-08-10,,F,Gold,Libri,Romanzo,26,2,52,PayPal,Napoli,0,GLS,4,7
5851,6851,2024-08-22,26.0,F,Basic,Libri,Enciclopedia,30,2,60,CreditCard,Milano,0,BRT,2,8
5852,6852,2024-11-19,31.0,F,Basic,Sport,Scarpe Running,54,2,108,BankTransfer,Bologna,0,GLS,4,6
5853,6853,2024-11-13,32.0,M,Basic,Libri,Enciclopedia,13,1,13,CreditCard,Napoli,1,Poste,5,5
5854,6854,2024-02-10,,M,Basic,Sport,Borraccia,117,1,117,Cash,Bologna,1,BRT,3,7
5855,6855,2024-09-23,18.0,M,Silver,Abbigliamento,Jeans,135,4,540,BankTransfer,Bologna,0,BRT,3,15
5856,6856,2024-09-30,33.0,M,Basic,Sport,Scarpe Running,81,1,81,PayPal,Torino,1,GLS,2,4
5857,6857,2024-10-09,,F,Basic,Sport,Scarpe Running,97,3,291,PayPal,Roma,0,BRT,7,6
5858,6858,2024-09-12,18.0,M,Silver,Casa,Coperta,95,1,95,CreditCard,Roma,0,BRT,3,3
5859,6859,2024-05-22,30.0,M,Basic,Sport,Manubri,86,1,86,Cash,Bologna,0,DHL,3,0
5860,6860,2024-02-18,62.0,M,Basic,Libri,Guida,35,5,175,BankTransfer,Torino,0,Poste,2,16
5861,6861,2024-02-07,,F,Basic,Sport,Tappetino Yoga,99,1,99,BankTransfer,Milano,0,Poste,6,6
5862,6862,2024-07-22,55.0,F,Basic,Elettronica,Cuffie,165,1,165,CreditCard,Roma,0,Poste,5,11
5863,6863,2024-06-05,37.0,F,Silver,Libri,Enciclopedia,50,3,150,BankTransfer,Bologna,1,BRT,3,12
5864,6864,2024-04-26,,F,Basic,Sport,Borraccia,53,4,212,BankTransfer,Roma,1,GLS,5,8
5865,6865,2024-08-30,46.0,F,Basic,Libri,Romanzo,19,4,76,CreditCard,Roma,1,GLS,5,16
5866,6866,2024-07-17,54.0,M,Basic,Abbigliamento,Scarpe,192,2,384,PayPal,Roma,1,BRT,4,0
5867,6867,2024-12-04,38.0,F,Silver,Abbigliamento,T-shirt,187,2,374,BankTransfer,Milano,0,GLS,3,5
5868,6868,2024-05-31,23.0,M,Basic,Sport,Tappetino Yoga,91,2,182,CreditCard,Napoli,1,GLS,3,9
5869,6869,2024-03-05,18.0,F,Basic,Sport,Tappetino Yoga,47,1,47,BankTransfer,Roma,0,DHL,3,9
5870,6870,2024-05-10,49.0,F,Gold,Elettronica,Smartphone,123,1,123,PayPal,Roma,0,DHL,2,3
5871,6871,2024-02-07,32.0,F,Basic,Sport,Scarpe Running,71,5,355,CreditCard,Torino,0,BRT,2,15
5872,6872,2024-12-06,26.0,M,Silver,Elettronica,Smartwatch,535,2,1070,PayPal,Roma,0,BRT,5,8
5873,6873,2024-03-30,48.0,M,Basic,Libri,Guida,17,3,51,CreditCard,Torino,1,GLS,3,17
5874,6874,2024-11-11,44.0,M,Basic,Elettronica,Laptop,396,1,396,CreditCard,Bologna,0,BRT,4,6
5875,6875,2024-11-02,21.0,M,Basic,Sport,Scarpe Running,126,1,126,CreditCard,Roma,0,DHL,2,2
5876,6876,2024-08-28,18.0,F,Basic,Libri,Enciclopedia,45,3,135,BankTransfer,Torino,0,DHL,3,7
5877,6877,2024-12-25,18.0,M,Basic,Libri,Enciclopedia,16,2,32,Cash,Napoli,1,GLS,5,11
5878,6878,2024-06-18,60.0,M,Silver,Libri,Guida,41,1,41,CreditCard,Torino,0,BRT,3,6
5879,6879,2024-07-24,45.0,F,Silver,Libri,Guida,38,3,114,CreditCard,Bologna,1,Poste,7,8
5880,6880,2024-03-28,,M,Basic,Casa,Tappeto,52,1,52,PayPal,Torino,0,DHL,2,2
5881,6881,2024-12-20,46.0,M,Silver,Abbigliamento,Giacca,144,2,288,BankTransfer,Torino,0,GLS,3,11
5882,6882,2024-07-25,37.0,F,Silver,Abbigliamento,Giacca,181,1,181,Cash,Bologna,0,Poste,1,1
5883,6883,2024-01-17,,M,Silver,Elettronica,Cuffie,715,2,1430,PayPal,Napoli,0,Poste,6,5
5884,6884,2024-01-04,51.0,F,Silver,Libri,Guida,17,3,51,CreditCard,Bologna,0,BRT,2,1
5885,6885,2024-07-13,52.0,M,Silver,Libri,Romanzo,15,2,30,PayPal,Bologna,0,GLS,4,7
5886,6886,2024-09-13,18.0,M,Basic,Sport,Manubri,180,1,180,PayPal,Roma,0,BRT,4,5
5887,6887,2024-09-04,59.0,F,Silver,Abbigliamento,Scarpe,143,3,429,CreditCard,Bologna,0,DHL,4,7
5888,6888,2024-11-11,36.0,M,Silver,Abbigliamento,Scarpe,198,4,792,CreditCard,Milano,0,Poste,4,18
5889,6889,2024-08-10,27.0,F,Basic,Sport,Pallone,31,1,31,PayPal,Torino,1,BRT,4,5
5890,6890,2024-12-05,,M,Basic,Abbigliamento,Jeans,29,2,58,CreditCard,Milano,1,BRT,4,3
5891,6891,2024-09-24,35.0,F,Basic,Libri,Manuale,43,4,172,PayPal,Napoli,0,GLS,3,10
5892,6892,2024-01-23,18.0,M,Basic,Libri,Manuale,42,2,84,PayPal,Torino,1,DHL,3,11
5893,6893,2024-05-13,39.0,M,Basic,Abbigliamento,T-shirt,111,1,111,PayPal,Roma,0,Poste,5,15
5894,6894,2024-03-05,47.0,M,Basic,Sport,Pallone,152,3,456,CreditCard,Milano,0,Poste,3,10
5895,6895,2024-03-01,55.0,M,Gold,Elettronica,Smartwatch,118,2,236,BankTransfer,Milano,0,BRT,3,0
5896,6896,2024-04-07,44.0,M,Gold,Abbigliamento,Maglione,48,1,48,BankTransfer,Napoli,0,GLS,2,3
5897,6897,2024-02-03,36.0,F,Basic,Sport,Scarpe Running,34,2,68,BankTransfer,Roma,1,Poste,6,3
5898,6898,2024-10-27,29.0,F,Silver,Abbigliamento,T-shirt,66,1,66,PayPal,Roma,0,BRT,6,0
5899,6899,2024-03-25,47.0,F,Basic,Sport,Pallone,70,3,210,BankTransfer,Milano,1,DHL,2,10
5900,6900,2024-01-21,28.0,F,Basic,Elettronica,Cuffie,655,2,1310,PayPal,Bologna,0,BRT,3,6
5901,6901,2024-11-21,52.0,M,Gold,Abbigliamento,Giacca,54,1,54,PayPal,Roma,1,DHL,3,0
5902,6902,2024-08-06,,F,Basic,Libri,Romanzo,28,2,56,PayPal,Torino,1,Poste,4,2
5903,6903,2024-02-26,18.0,M,Basic,Casa,Lampada,65,2,130,PayPal,Roma,0,DHL,2,7
5904,6904,2024-05-20,50.0,M,Basic,Abbigliamento,Scarpe,152,3,456,CreditCard,Napoli,1,Poste,6,16
5905,6905,2024-02-02,34.0,M,Basic,Libri,Guida,29,2,58,PayPal,Milano,0,Poste,4,11
5906,6906,2024-06-13,38.0,M,Gold,Abbigliamento,Giacca,29,2,58,BankTransfer,Roma,1,GLS,2,9
5907,6907,2024-12-24,62.0,F,Basic,Abbigliamento,Maglione,58,2,116,CreditCard,Roma,1,BRT,4,9
5908,6908,2024-08-24,35.0,M,Basic,Sport,Tappetino Yoga,109,5,545,CreditCard,Roma,0,BRT,1,23
5909,6909,2024-06-24,42.0,F,Gold,Sport,Scarpe Running,73,2,146,PayPal,Bologna,0,GLS,5,8
5910,6910,2024-02-01,,F,Basic,Libri,Manuale,43,2,86,PayPal,Bologna,0,GLS,2,3
5911,6911,2024-03-06,61.0,M,Gold,Libri,Manuale,11,1,11,CreditCard,Torino,0,BRT,1,11
5912,6912,2024-06-21,33.0,F,Silver,Libri,Manuale,41,1,41,PayPal,Roma,0,GLS,3,7
5913,6913,2024-06-03,26.0,M,Basic,Casa,Tappeto,44,5,220,CreditCard,Milano,0,GLS,3,11
5914,6914,2024-05-08,27.0,M,Silver,Abbigliamento,Giacca,126,1,126,PayPal,Milano,1,BRT,2,1
5915,6915,2024-08-05,18.0,F,Silver,Libri,Fumetto,36,2,72,BankTransfer,Bologna,0,Poste,3,3
5916,6916,2024-05-05,18.0,F,Basic,Elettronica,Cuffie,198,5,990,BankTransfer,Milano,1,BRT,1,12
5917,6917,2024-09-29,58.0,M,Basic,Libri,Guida,37,3,111,BankTransfer,Roma,0,GLS,2,6
5918,6918,2024-10-02,37.0,F,Basic,Elettronica,Cuffie,53,4,212,CreditCard,Milano,1,Poste,8,8
5919,6919,2024-02-03,39.0,F,Basic,Abbigliamento,T-shirt,56,1,56,PayPal,Torino,1,BRT,4,0
5920,6920,2024-05-01,41.0,F,Basic,Abbigliamento,Maglione,60,2,120,CreditCard,Roma,0,DHL,3,13
5921,6921,2024-07-05,56.0,F,Silver,Sport,Tappetino Yoga,153,2,306,CreditCard,Roma,1,DHL,2,11
5922,6922,2024-11-12,34.0,F,Basic,Casa,Lampada,46,1,46,CreditCard,Milano,1,GLS,3,5
5923,6923,2024-11-23,35.0,M,Basic,Casa,Pentola,118,1,118,BankTransfer,Napoli,0,GLS,4,0
5924,6924,2024-06-20,52.0,F,Silver,Elettronica,Smartphone,534,1,534,Cash,Roma,0,BRT,3,1
5925,6925,2024-06-15,55.0,M,Gold,Libri,Guida,50,2,100,CreditCard,Napoli,0,BRT,4,7
5926,6926,2024-01-01,53.0,F,Basic,Sport,Pallone,116,2,232,Cash,Milano,0,GLS,2,0
5927,6927,2024-10-17,,F,Basic,Casa,Pentola,135,1,135,CreditCard,Bologna,0,BRT,4,0
5928,6928,2024-05-30,41.0,M,Silver,Elettronica,Tablet,740,1,740,Cash,Milano,0,DHL,2,11
5929,6929,2024-01-15,31.0,F,Silver,Abbigliamento,Giacca,171,3,513,PayPal,Milano,0,BRT,4,15
5930,6930,2024-08-07,31.0,M,Basic,Libri,Manuale,28,1,28,CreditCard,Roma,1,Poste,5,2
5931,6931,2024-12-04,,F,Basic,Casa,Coperta,49,4,196,BankTransfer,Bologna,1,BRT,1,14
5932,6932,2024-10-20,61.0,F,Silver,Abbigliamento,Maglione,112,3,336,CreditCard,Torino,0,DHL,3,10
5933,6933,2024-12-28,18.0,M,Silver,Libri,Manuale,41,2,82,CreditCard,Torino,0,BRT,1,8
5934,6934,2024-06-29,25.0,M,Basic,Sport,Scarpe Running,63,4,252,CreditCard,Roma,0,GLS,3,8
5935,6935,2024-04-26,38.0,F,Silver,Abbigliamento,T-shirt,182,3,546,CreditCard,Milano,1,BRT,2,8
5936,6936,2024-08-12,32.0,F,Silver,Elettronica,Laptop,677,3,2031,Cash,Roma,1,GLS,3,6
5937,6937,2024-08-19,51.0,M,Silver,Libri,Romanzo,40,4,160,PayPal,Bologna,0,Poste,4,14
5938,6938,2024-10-23,35.0,F,Basic,Elettronica,Laptop,632,1,632,PayPal,Roma,1,BRT,2,0
5939,6939,2024-10-16,31.0,M,Basic,Casa,Lampada,25,5,125,CreditCard,Milano,0,BRT,5,13
5940,6940,2024-06-17,59.0,M,Gold,Abbigliamento,Scarpe,155,1,155,BankTransfer,Bologna,0,GLS,4,3
5941,6941,2024-04-27,52.0,F,Silver,Casa,Tappeto,87,1,87,PayPal,Roma,1,Poste,7,3
5942,6942,2024-09-06,,M,Basic,Libri,Romanzo,41,2,82,CreditCard,Napoli,0,Poste,3,3
5943,6943,2024-10-13,18.0,M,Basic,Sport,Scarpe Running,137,2,274,PayPal,Roma,0,Poste,4,9
5944,6944,2024-10-14,42.0,F,Basic,Sport,Tappetino Yoga,118,2,236,CreditCard,Milano,0,Poste,6,4
5945,6945,2024-04-07,74.0,F,Gold,Libri,Enciclopedia,24,2,48,PayPal,Torino,0,Poste,7,5
5946,6946,2024-04-24,31.0,M,Basic,Libri,Romanzo,29,4,116,Cash,Torino,0,GLS,3,18
5947,6947,2024-07-15,18.0,M,Gold,Libri,Guida,37,3,111,CreditCard,Torino,1,GLS,2,7
5948,6948,2024-03-11,22.0,F,Basic,Abbigliamento,Jeans,84,2,168,BankTransfer,Bologna,0,Poste,1,7
5949,6949,2024-06-07,,F,Silver,Abbigliamento,Maglione,159,1,159,BankTransfer,Milano,1,GLS,2,1
5950,6950,2024-08-13,33.0,F,Silver,Sport,Scarpe Running,51,2,102,CreditCard,Roma,0,BRT,3,5
5951,6951,2024-08-18,53.0,F,Basic,Abbigliamento,T-shirt,107,1,107,PayPal,Napoli,0,BRT,1,0
5952,6952,2024-04-06,43.0,F,Gold,Sport,Pallone,42,2,84,Cash,Torino,0,BRT,2,11
5953,6953,2024-04-30,,F,Basic,Libri,Enciclopedia,27,2,54,Cash,Milano,0,DHL,3,5
5954,6954,2024-07-02,56.0,F,Basic,Sport,Pallone,102,4,408,PayPal,Roma,0,GLS,4,16
5955,6955,2024-03-12,42.0,M,Basic,Libri,Romanzo,15,2,30,PayPal,Torino,1,BRT,6,6
5956,6956,2024-08-13,43.0,F,Basic,Elettronica,Cuffie,301,1,301,PayPal,Napoli,0,DHL,2,0
5957,6957,2024-05-21,23.0,M,Basic,Abbigliamento,Jeans,143,4,572,Cash,Napoli,1,Poste,4,12
5958,6958,2024-01-11,,F,Gold,Libri,Guida,44,4,176,BankTransfer,Bologna,1,DHL,3,6
5959,6959,2024-05-15,39.0,F,Silver,Elettronica,Smartphone,537,3,1611,BankTransfer,Roma,0,BRT,3,5
5960,6960,2024-03-15,26.0,M,Basic,Abbigliamento,Jeans,93,2,186,CreditCard,Bologna,1,GLS,4,10
5961,6961,2024-06-17,,F,Silver,Elettronica,Smartwatch,465,1,465,Cash,Torino,0,BRT,5,5
5962,6962,2024-05-03,41.0,F,Gold,Elettronica,Cuffie,162,1,162,BankTransfer,Roma,0,GLS,3,1
5963,6963,2024-02-12,74.0,F,Gold,Casa,Tappeto,99,4,396,BankTransfer,Bologna,0,BRT,3,16
5964,6964,2024-09-17,57.0,F,Silver,Casa,Lampada,49,1,49,BankTransfer,Bologna,0,BRT,6,0
5965,6965,2024-04-02,24.0,F,Basic,Casa,Pentola,10,2,20,BankTransfer,Milano,0,GLS,4,5
5966,6966,2024-05-05,48.0,M,Silver,Abbigliamento,Maglione,34,3,102,CreditCard,Napoli,1,BRT,5,8
5967,6967,2024-11-03,25.0,F,Basic,Elettronica,Laptop,757,3,2271,Cash,Roma,1,BRT,4,13
5968,6968,2024-11-28,,M,Basic,Sport,Scarpe Running,55,1,55,CreditCard,Bologna,0,GLS,4,7
5969,6969,2024-02-13,19.0,F,Basic,Sport,Scarpe Running,41,2,82,CreditCard,Milano,1,DHL,2,0
5970,6970,2024-03-26,18.0,M,Silver,Abbigliamento,Giacca,118,3,354,BankTransfer,Milano,1,GLS,2,3
5971,6971,2024-01-13,41.0,F,Basic,Elettronica,Smartwatch,270,2,540,CreditCard,Torino,0,BRT,4,0
5972,6972,2024-08-01,,F,Gold,Sport,Scarpe Running,37,1,37,CreditCard,Napoli,0,BRT,4,9
5973,6973,2024-10-03,24.0,M,Basic,Casa,Pentola,148,1,148,Cash,Torino,1,Poste,1,2
5974,6974,2024-09-08,52.0,F,Silver,Sport,Borraccia,93,1,93,CreditCard,Roma,0,Poste,3,5
5975,6975,2024-11-23,57.0,M,Silver,Elettronica,Laptop,653,1,653,BankTransfer,Torino,0,GLS,4,3
5976,6976,2024-12-18,48.0,M,Silver,Abbigliamento,Scarpe,61,4,244,CreditCard,Torino,0,Poste,8,13
5977,6977,2024-11-20,55.0,F,Silver,Casa,Tappeto,149,2,298,BankTransfer,Milano,0,GLS,4,6
5978,6978,2024-10-10,40.0,F,Basic,Casa,Tappeto,126,2,252,PayPal,Torino,1,DHL,2,12
5979,6979,2024-12-31,64.0,F,Silver,Casa,Pentola,47,2,94,Cash,Milano,0,DHL,2,12
5980,6980,2024-10-23,52.0,M,Silver,Elettronica,Smartphone,762,1,762,PayPal,Roma,0,DHL,2,2
5981,6981,2024-04-17,,F,Basic,Elettronica,Laptop,473,3,1419,Cash,Roma,0,GLS,3,17
5982,6982,2024-08-09,29.0,M,Basic,Casa,Coperta,50,1,50,CreditCard,Torino,0,BRT,3,3
5983,6983,2024-06-22,41.0,M,Basic,Abbigliamento,Scarpe,143,5,715,PayPal,Milano,0,GLS,3,24
5984,6984,2024-06-02,56.0,M,Silver,Elettronica,Cuffie,63,1,63,CreditCard,Roma,0,Poste,3,0
5985,6985,2024-11-24,48.0,F,Silver,Elettronica,Laptop,735,2,1470,Cash,Roma,0,GLS,3,4
5986,6986,2024-07-20,28.0,M,Basic,Sport,Pallone,27,3,81,CreditCard,Roma,0,Poste,3,9
5987,6987,2024-10-23,26.0,M,Basic,Libri,Guida,13,3,39,CreditCard,Napoli,1,BRT,1,7
5988,6988,2024-03-11,46.0,M,Gold,Casa,Lampada,44,2,88,Cash,Milano,0,GLS,3,3
5989,6989,2024-04-24,23.0,M,Silver,Sport,Tappetino Yoga,152,1,152,CreditCard,Milano,0,BRT,3,2
5990,6990,2024-02-01,,M,Basic,Abbigliamento,T-shirt,171,3,513,CreditCard,Roma,0,GLS,2,9
5991,6991,2024-01-02,37.0,F,Gold,Sport,Manubri,29,5,145,BankTransfer,Milano,1,BRT,2,16
5992,6992,2024-12-19,41.0,M,Basic,Libri,Romanzo,25,2,50,CreditCard,Roma,1,BRT,2,10
5993,6993,2024-08-10,18.0,F,Basic,Sport,Pallone,173,4,692,PayPal,Torino,1,Poste,6,13
5994,6994,2024-02-04,58.0,M,Gold,Casa,Cuscino,54,1,54,BankTransfer,Milano,0,Poste,2,5
5995,6995,2024-04-22,32.0,M,Basic,Casa,Tappeto,63,2,126,CreditCard,Milano,1,Poste,6,4
5996,6996,2024-04-23,50.0,F,Basic,Libri,Romanzo,18,1,18,BankTransfer,Torino,0,GLS,3,1
5997,6997,2024-08-24,18.0,F,Gold,Elettronica,Smartphone,657,3,1971,Cash,Bologna,1,BRT,5,14
5998,6998,2024-01-24,46.0,F,Gold,Sport,Pallone,116,1,116,BankTransfer,Milano,0,BRT,5,6
5999,6999,2024-08-04,43.0,M,Silver,Libri,Enciclopedia,28,5,140,CreditCard,Roma,1,BRT,4,13
6000,7000,2024-11-27,18.0,M,Basic,Elettronica,Smartwatch,450,1,450,CreditCard,Torino,0,DHL,2,0
6001,7001,2024-11-12,41.0,M,Silver,Abbigliamento,T-shirt,138,1,138,CreditCard,Bologna,0,GLS,3,4
6002,7002,2024-11-12,19.0,M,Silver,Abbigliamento,Scarpe,169,4,676,PayPal,Napoli,1,Poste,9,7
6003,7003,2024-06-09,25.0,M,Gold,Casa,Cuscino,121,2,242,CreditCard,Bologna,0,GLS,4,4
6004,7004,2024-06-17,47.0,F,Silver,Elettronica,Smartwatch,394,1,394,BankTransfer,Bologna,0,Poste,1,0
6005,7005,2024-08-28,36.0,F,Silver,Elettronica,Smartwatch,474,5,2370,BankTransfer,Bologna,0,GLS,4,25
6006,7006,2024-06-26,34.0,M,Basic,Sport,Scarpe Running,34,3,102,CreditCard,Milano,1,Poste,3,5
6007,7007,2024-01-15,27.0,M,Basic,Abbigliamento,T-shirt,55,1,55,BankTransfer,Napoli,0,GLS,5,7
6008,7008,2024-03-26,,F,Basic,Abbigliamento,T-shirt,184,3,552,PayPal,Torino,0,BRT,1,9
6009,7009,2024-04-30,44.0,F,Silver,Libri,Romanzo,14,1,14,CreditCard,Milano,0,GLS,3,0
6010,7010,2024-07-05,18.0,F,Basic,Libri,Enciclopedia,44,2,88,CreditCard,Roma,1,GLS,3,0
6011,7011,2024-08-03,54.0,M,Silver,Sport,Pallone,86,2,172,BankTransfer,Roma,0,DHL,2,11
6012,7012,2024-02-20,41.0,F,Basic,Libri,Enciclopedia,28,2,56,BankTransfer,Napoli,1,Poste,2,7
6013,7013,2024-01-22,39.0,M,Silver,Abbigliamento,T-shirt,101,1,101,Cash,Milano,0,GLS,5,0
6014,7014,2024-01-30,31.0,M,Basic,Libri,Romanzo,21,2,42,PayPal,Milano,0,GLS,3,14
6015,7015,2024-07-09,18.0,F,Basic,Casa,Cuscino,44,1,44,CreditCard,Bologna,1,GLS,4,0
6016,7016,2024-10-11,,F,Silver,Libri,Guida,42,3,126,CreditCard,Roma,0,Poste,9,13
6017,7017,2024-09-20,43.0,M,Silver,Casa,Cuscino,66,2,132,CreditCard,Roma,0,Poste,7,8
6018,7018,2024-11-16,32.0,F,Silver,Abbigliamento,Giacca,104,1,104,CreditCard,Bologna,0,GLS,4,1
6019,7019,2024-05-13,42.0,F,Silver,Elettronica,Cuffie,380,1,380,PayPal,Milano,0,GLS,3,3
6020,7020,2024-03-09,,F,Basic,Casa,Coperta,47,4,188,CreditCard,Milano,1,Poste,4,18
6021,7021,2024-02-05,45.0,M,Silver,Elettronica,Tablet,579,1,579,CreditCard,Milano,1,GLS,4,10
6022,7022,2024-12-25,48.0,F,Silver,Libri,Fumetto,48,1,48,PayPal,Torino,0,BRT,6,3
6023,7023,2024-04-03,45.0,F,Basic,Sport,Pallone,42,2,84,PayPal,Milano,1,BRT,5,6
6024,7024,2024-01-05,,F,Silver,Abbigliamento,Scarpe,41,2,82,CreditCard,Bologna,0,BRT,2,2
6025,7025,2024-02-03,67.0,M,Silver,Sport,Tappetino Yoga,43,2,86,Cash,Napoli,1,BRT,2,13
6026,7026,2024-09-26,46.0,M,Basic,Casa,Cuscino,97,1,97,CreditCard,Milano,0,DHL,3,2
6027,7027,2024-12-31,44.0,M,Basic,Libri,Guida,29,1,29,PayPal,Torino,0,Poste,1,7
6028,7028,2024-10-13,,F,Basic,Elettronica,Cuffie,206,3,618,PayPal,Napoli,0,BRT,1,13
6029,7029,2024-05-30,18.0,F,Basic,Sport,Scarpe Running,30,1,30,PayPal,Roma,0,BRT,5,9
6030,7030,2024-09-02,34.0,M,Basic,Elettronica,Smartwatch,109,1,109,CreditCard,Milano,0,BRT,3,0
6031,7031,2024-07-06,,F,Silver,Abbigliamento,Giacca,142,4,568,BankTransfer,Torino,1,BRT,3,17
6032,7032,2024-02-18,,F,Basic,Elettronica,Cuffie,758,2,1516,PayPal,Roma,0,Poste,6,0
6033,7033,2024-05-26,50.0,F,Silver,Sport,Tappetino Yoga,26,1,26,PayPal,Milano,1,BRT,1,0
6034,7034,2024-09-19,37.0,F,Silver,Casa,Lampada,120,4,480,BankTransfer,Milano,0,BRT,5,12
6035,7035,2024-08-25,59.0,F,Silver,Casa,Pentola,76,2,152,PayPal,Milano,0,Poste,3,5
6036,7036,2024-02-28,36.0,M,Silver,Sport,Scarpe Running,127,4,508,PayPal,Roma,0,Poste,4,13
6037,7037,2024-05-28,61.0,M,Basic,Casa,Lampada,34,2,68,CreditCard,Napoli,0,DHL,2,6
6038,7038,2024-01-02,21.0,M,Silver,Libri,Romanzo,37,3,111,CreditCard,Milano,0,DHL,2,13
6039,7039,2024-06-30,22.0,M,Silver,Casa,Cuscino,79,2,158,BankTransfer,Napoli,0,GLS,5,3
6040,7040,2024-01-12,33.0,M,Basic,Elettronica,Smartphone,119,2,238,Cash,Torino,0,Poste,8,4
6041,7041,2024-03-25,55.0,M,Silver,Elettronica,Smartwatch,581,2,1162,BankTransfer,Milano,0,DHL,2,3
6042,7042,2024-06-02,18.0,M,Basic,Libri,Manuale,33,1,33,Cash,Milano,0,DHL,2,15
6043,7043,2024-08-30,64.0,M,Basic,Abbigliamento,Maglione,127,4,508,CreditCard,Milano,1,BRT,6,3
6044,7044,2024-11-27,47.0,F,Silver,Libri,Enciclopedia,46,2,92,CreditCard,Napoli,1,Poste,3,10
6045,7045,2024-04-05,46.0,M,Basic,Libri,Fumetto,23,2,46,BankTransfer,Milano,0,Poste,1,0
6046,7046,2024-01-02,26.0,F,Basic,Casa,Tappeto,75,2,150,CreditCard,Roma,1,DHL,2,6
6047,7047,2024-06-28,41.0,M,Basic,Casa,Cuscino,99,3,297,PayPal,Milano,1,BRT,1,16
6048,7048,2024-10-14,27.0,F,Basic,Abbigliamento,T-shirt,170,1,170,PayPal,Milano,0,Poste,1,7
6049,7049,2024-12-22,35.0,F,Basic,Abbigliamento,Giacca,79,2,158,PayPal,Torino,0,DHL,2,10
6050,7050,2024-12-03,,M,Basic,Casa,Tappeto,114,5,570,BankTransfer,Torino,1,BRT,3,20
6051,7051,2024-06-25,51.0,F,Gold,Elettronica,Tablet,401,1,401,BankTransfer,Milano,0,BRT,1,0
6052,7052,2024-09-02,32.0,M,Basic,Elettronica,Tablet,107,2,214,PayPal,Milano,0,GLS,3,0
6053,7053,2024-10-18,,M,Silver,Sport,Pallone,51,1,51,CreditCard,Milano,0,DHL,2,9
6054,7054,2024-08-28,38.0,M,Basic,Sport,Scarpe Running,67,3,201,CreditCard,Bologna,0,DHL,2,12
6055,7055,2024-01-31,47.0,F,Basic,Abbigliamento,Jeans,33,1,33,CreditCard,Bologna,1,GLS,3,1
6056,7056,2024-07-16,51.0,M,Gold,Casa,Cuscino,140,1,140,BankTransfer,Bologna,1,DHL,3,16
6057,7057,2024-05-19,48.0,F,Silver,Casa,Lampada,94,1,94,Cash,Roma,0,DHL,3,2
6058,7058,2024-06-15,58.0,F,Gold,Casa,Tappeto,133,1,133,CreditCard,Bologna,0,BRT,4,7
6059,7059,2024-12-04,50.0,M,Gold,Sport,Tappetino Yoga,102,1,102,BankTransfer,Napoli,0,DHL,2,0
6060,7060,2024-07-26,,M,Basic,Abbigliamento,Jeans,67,2,134,PayPal,Milano,0,BRT,4,9
6061,7061,2024-06-21,59.0,M,Silver,Sport,Borraccia,160,2,320,CreditCard,Roma,1,BRT,6,5
6062,7062,2024-05-17,53.0,F,Basic,Elettronica,Smartphone,443,5,2215,PayPal,Roma,0,GLS,4,14
6063,7063,2024-04-27,,M,Silver,Abbigliamento,T-shirt,150,1,150,PayPal,Torino,1,BRT,5,0
6064,7064,2024-08-21,58.0,M,Basic,Libri,Guida,21,4,84,PayPal,Milano,0,GLS,3,12
6065,7065,2024-09-30,18.0,M,Silver,Sport,Manubri,112,1,112,PayPal,Bologna,0,Poste,5,4
6066,7066,2024-02-01,38.0,M,Silver,Casa,Cuscino,82,2,164,CreditCard,Torino,1,BRT,5,8
6067,7067,2024-04-27,,F,Gold,Sport,Pallone,21,1,21,BankTransfer,Milano,0,Poste,3,3
6068,7068,2024-10-27,48.0,M,Basic,Casa,Cuscino,82,2,164,PayPal,Roma,0,DHL,2,6
6069,7069,2024-09-13,46.0,M,Silver,Elettronica,Smartphone,786,1,786,PayPal,Roma,0,DHL,2,8
6070,7070,2024-08-18,18.0,F,Basic,Libri,Romanzo,15,1,15,PayPal,Milano,0,Poste,7,8
6071,7071,2024-02-20,19.0,F,Silver,Sport,Manubri,130,2,260,CreditCard,Bologna,0,Poste,11,12
6072,7072,2024-12-19,25.0,F,Basic,Libri,Manuale,26,4,104,BankTransfer,Roma,1,Poste,3,5
6073,7073,2024-05-13,29.0,M,Basic,Libri,Enciclopedia,12,2,24,PayPal,Milano,1,BRT,4,6
6074,7074,2024-05-28,63.0,F,Basic,Libri,Guida,9,1,9,Cash,Roma,0,GLS,4,3
6075,7075,2024-09-13,,M,Basic,Abbigliamento,Scarpe,115,1,115,BankTransfer,Milano,1,DHL,3,1
6076,7076,2024-03-15,28.0,F,Basic,Casa,Coperta,134,1,134,CreditCard,Roma,0,DHL,2,1
6077,7077,2024-03-17,36.0,M,Silver,Elettronica,Laptop,158,2,316,Cash,Roma,1,GLS,4,8
6078,7078,2024-02-27,57.0,M,Basic,Libri,Romanzo,20,1,20,Cash,Torino,0,GLS,3,2
6079,7079,2024-02-21,44.0,F,Basic,Sport,Borraccia,49,3,147,CreditCard,Roma,1,GLS,3,7
6080,7080,2024-10-30,33.0,F,Basic,Abbigliamento,Scarpe,51,1,51,CreditCard,Milano,0,GLS,2,1
6081,7081,2024-10-26,18.0,M,Silver,Elettronica,Cuffie,487,2,974,Cash,Milano,1,BRT,3,14
6082,7082,2024-11-16,49.0,F,Basic,Casa,Coperta,144,1,144,PayPal,Torino,1,BRT,1,0
6083,7083,2024-08-08,33.0,M,Basic,Elettronica,Smartphone,507,1,507,CreditCard,Milano,0,GLS,4,7
6084,7084,2024-07-07,42.0,F,Silver,Casa,Pentola,38,2,76,Cash,Bologna,1,BRT,4,7
6085,7085,2024-01-13,36.0,F,Silver,Sport,Pallone,161,1,161,PayPal,Torino,0,BRT,5,3
6086,7086,2024-07-09,35.0,F,Gold,Sport,Scarpe Running,148,3,444,PayPal,Napoli,0,BRT,1,8
6087,7087,2024-07-22,45.0,M,Silver,Abbigliamento,Scarpe,131,2,262,BankTransfer,Torino,0,GLS,4,13
6088,7088,2024-03-06,42.0,M,Basic,Casa,Lampada,53,2,106,CreditCard,Napoli,1,GLS,5,11
6089,7089,2024-12-17,38.0,M,Basic,Elettronica,Cuffie,479,4,1916,CreditCard,Torino,1,GLS,5,13
6090,7090,2024-12-17,65.0,M,Silver,Elettronica,Laptop,692,1,692,PayPal,Torino,1,BRT,2,0
6091,7091,2024-02-16,,M,Basic,Casa,Lampada,104,2,208,PayPal,Roma,1,Poste,4,3
6092,7092,2024-12-21,45.0,M,Basic,Libri,Enciclopedia,9,1,9,CreditCard,Milano,0,Poste,4,5
6093,7093,2024-08-20,43.0,F,Basic,Sport,Pallone,177,1,177,BankTransfer,Bologna,1,GLS,4,8
6094,7094,2024-01-05,28.0,F,Basic,Libri,Fumetto,23,4,92,BankTransfer,Roma,0,BRT,3,5
6095,7095,2024-05-22,18.0,M,Gold,Elettronica,Smartwatch,298,1,298,CreditCard,Roma,0,Poste,6,2
6096,7096,2024-09-01,,F,Basic,Abbigliamento,T-shirt,122,2,244,CreditCard,Bologna,1,Poste,4,15
6097,7097,2024-12-09,48.0,F,Basic,Sport,Pallone,122,5,610,Cash,Torino,0,GLS,2,7
6098,7098,2024-02-23,49.0,M,Basic,Elettronica,Tablet,398,1,398,BankTransfer,Roma,1,Poste,7,6
6099,7099,2024-08-12,,F,Basic,Sport,Scarpe Running,56,1,56,Cash,Milano,0,BRT,1,3
6100,7100,2024-06-01,44.0,F,Silver,Sport,Scarpe Running,159,4,636,PayPal,Torino,1,GLS,3,1
6101,7101,2024-07-30,37.0,M,Basic,Abbigliamento,Maglione,64,5,320,BankTransfer,Roma,1,GLS,3,19
6102,7102,2024-02-15,34.0,M,Silver,Abbigliamento,Giacca,196,1,196,PayPal,Napoli,0,GLS,5,8
6103,7103,2024-03-17,49.0,F,Silver,Casa,Cuscino,101,1,101,CreditCard,Napoli,1,GLS,3,1
6104,7104,2024-08-06,,F,Basic,Casa,Pentola,97,1,97,BankTransfer,Bologna,0,GLS,3,0
6105,7105,2024-12-31,68.0,M,Basic,Sport,Borraccia,180,1,180,CreditCard,Roma,1,BRT,4,0
6106,7106,2024-08-13,34.0,M,Silver,Sport,Tappetino Yoga,179,1,179,BankTransfer,Roma,1,GLS,3,0
6107,7107,2024-12-31,19.0,F,Basic,Casa,Pentola,93,3,279,Cash,Torino,0,Poste,2,5
6108,7108,2024-02-06,31.0,M,Basic,Abbigliamento,Jeans,127,1,127,PayPal,Torino,1,GLS,3,0
6109,7109,2024-06-03,,F,Silver,Elettronica,Cuffie,475,2,950,CreditCard,Milano,0,GLS,4,8
6110,7110,2024-04-16,49.0,F,Silver,Sport,Manubri,115,2,230,CreditCard,Torino,1,GLS,2,8
6111,7111,2024-12-03,,M,Basic,Sport,Manubri,174,2,348,PayPal,Milano,0,DHL,2,7
6112,7112,2024-03-15,44.0,M,Silver,Elettronica,Cuffie,694,1,694,Cash,Milano,1,BRT,2,0
6113,7113,2024-06-23,43.0,F,Silver,Abbigliamento,Giacca,46,2,92,BankTransfer,Napoli,1,Poste,2,3
6114,7114,2024-01-21,51.0,F,Gold,Sport,Borraccia,52,2,104,BankTransfer,Bologna,1,GLS,4,1
6115,7115,2024-10-26,67.0,M,Gold,Elettronica,Tablet,505,1,505,BankTransfer,Roma,0,BRT,5,0
6116,7116,2024-02-15,56.0,M,Silver,Libri,Romanzo,33,2,66,CreditCard,Milano,0,GLS,4,14
6117,7117,2024-02-08,45.0,F,Basic,Casa,Pentola,146,2,292,CreditCard,Napoli,0,GLS,3,3
6118,7118,2024-10-31,,M,Silver,Libri,Guida,9,1,9,BankTransfer,Torino,1,DHL,2,1
6119,7119,2024-08-27,22.0,M,Silver,Elettronica,Laptop,530,4,2120,PayPal,Torino,0,DHL,3,10
6120,7120,2024-01-21,47.0,M,Silver,Elettronica,Smartphone,125,1,125,CreditCard,Napoli,0,Poste,6,0
6121,7121,2024-06-26,18.0,F,Gold,Casa,Tappeto,67,1,67,PayPal,Roma,0,DHL,3,0
6122,7122,2024-03-16,31.0,M,Basic,Libri,Fumetto,13,1,13,BankTransfer,Roma,0,GLS,3,5
6123,7123,2024-01-23,69.0,M,Silver,Libri,Romanzo,24,1,24,CreditCard,Milano,0,BRT,4,6
6124,7124,2024-10-13,30.0,M,Gold,Sport,Borraccia,69,1,69,BankTransfer,Torino,0,BRT,2,4
6125,7125,2024-06-14,46.0,F,Basic,Abbigliamento,Giacca,152,2,304,Cash,Bologna,0,Poste,11,10
6126,7126,2024-10-04,46.0,M,Silver,Elettronica,Cuffie,486,1,486,CreditCard,Milano,0,GLS,3,2
6127,7127,2024-07-05,31.0,F,Silver,Elettronica,Laptop,732,2,1464,Cash,Roma,1,Poste,6,5
6128,7128,2024-01-23,29.0,F,Basic,Elettronica,Tablet,325,5,1625,PayPal,Milano,1,GLS,2,15
6129,7129,2024-03-27,51.0,F,Basic,Sport,Tappetino Yoga,115,2,230,PayPal,Roma,0,BRT,4,15
6130,7130,2024-07-23,,M,Silver,Casa,Tappeto,23,1,23,CreditCard,Napoli,1,GLS,4,4
6131,7131,2024-10-17,,M,Basic,Libri,Enciclopedia,44,2,88,Cash,Milano,0,BRT,1,5
6132,7132,2024-02-18,25.0,M,Basic,Sport,Scarpe Running,76,4,304,CreditCard,Bologna,1,BRT,4,11
6133,7133,2024-09-06,38.0,F,Basic,Elettronica,Smartwatch,509,4,2036,CreditCard,Roma,1,GLS,3,13
6134,7134,2024-08-14,18.0,M,Basic,Casa,Coperta,87,5,435,Cash,Roma,0,DHL,2,12
6135,7135,2024-08-17,27.0,M,Silver,Sport,Manubri,114,3,342,PayPal,Roma,0,DHL,3,10
6136,7136,2024-04-12,55.0,M,Gold,Abbigliamento,T-shirt,183,1,183,PayPal,Roma,0,Poste,4,7
6137,7137,2024-12-20,18.0,M,Basic,Sport,Manubri,25,3,75,CreditCard,Napoli,1,Poste,8,10
6138,7138,2024-05-31,39.0,M,Silver,Libri,Fumetto,16,3,48,PayPal,Roma,1,GLS,4,13
6139,7139,2024-10-18,69.0,F,Gold,Libri,Manuale,17,2,34,PayPal,Milano,0,Poste,6,5
6140,7140,2024-10-22,22.0,M,Basic,Abbigliamento,T-shirt,89,1,89,BankTransfer,Roma,0,BRT,2,0
6141,7141,2024-02-04,29.0,M,Basic,Abbigliamento,Giacca,48,3,144,CreditCard,Roma,0,DHL,2,11
6142,7142,2024-02-17,36.0,M,Silver,Libri,Romanzo,12,2,24,CreditCard,Milano,0,Poste,8,11
6143,7143,2024-04-18,55.0,F,Gold,Libri,Manuale,19,2,38,Cash,Torino,0,Poste,5,0
6144,7144,2024-01-17,,F,Silver,Libri,Guida,33,3,99,BankTransfer,Torino,0,GLS,2,6
6145,7145,2024-04-09,,F,Basic,Elettronica,Cuffie,76,5,380,Cash,Bologna,1,GLS,4,16
6146,7146,2024-08-15,34.0,M,Silver,Casa,Tappeto,120,3,360,CreditCard,Roma,0,DHL,2,8
6147,7147,2024-06-06,,F,Basic,Sport,Manubri,69,3,207,BankTransfer,Napoli,0,DHL,2,4
6148,7148,2024-05-01,43.0,M,Silver,Sport,Borraccia,24,1,24,PayPal,Napoli,0,DHL,2,4
6149,7149,2024-08-20,36.0,F,Silver,Abbigliamento,Scarpe,164,1,164,Cash,Torino,0,GLS,3,1
6150,7150,2024-09-03,34.0,M,Gold,Abbigliamento,Giacca,16,1,16,Cash,Bologna,0,BRT,3,6
6151,7151,2024-02-29,20.0,F,Basic,Abbigliamento,Jeans,96,1,96,PayPal,Bologna,1,GLS,3,6
6152,7152,2024-12-31,64.0,M,Basic,Elettronica,Laptop,590,1,590,Cash,Milano,0,BRT,4,5
6153,7153,2024-08-04,24.0,F,Silver,Sport,Pallone,38,1,38,CreditCard,Roma,0,DHL,2,8
6154,7154,2024-04-15,18.0,F,Gold,Libri,Fumetto,17,4,68,PayPal,Napoli,1,DHL,2,8
6155,7155,2024-05-04,30.0,M,Gold,Sport,Pallone,149,1,149,PayPal,Torino,0,GLS,3,4
6156,7156,2024-09-12,23.0,M,Silver,Sport,Pallone,92,2,184,PayPal,Torino,0,Poste,6,2
6157,7157,2024-05-11,,M,Gold,Abbigliamento,Scarpe,63,1,63,PayPal,Milano,0,BRT,4,1
6158,7158,2024-11-13,36.0,M,Basic,Sport,Borraccia,179,2,358,BankTransfer,Milano,0,BRT,5,8
6159,7159,2024-02-02,26.0,F,Basic,Elettronica,Smartphone,633,3,1899,PayPal,Napoli,1,DHL,3,12
6160,7160,2024-06-29,42.0,M,Silver,Casa,Tappeto,25,3,75,CreditCard,Napoli,1,Poste,3,10
6161,7161,2024-11-03,44.0,F,Basic,Sport,Borraccia,61,1,61,PayPal,Milano,0,Poste,1,1
6162,7162,2024-02-03,53.0,F,Basic,Elettronica,Smartwatch,203,4,812,BankTransfer,Roma,1,BRT,6,11
6163,7163,2024-01-03,29.0,F,Basic,Elettronica,Smartwatch,472,1,472,BankTransfer,Torino,0,BRT,4,0
6164,7164,2024-08-22,20.0,M,Basic,Abbigliamento,Scarpe,27,3,81,BankTransfer,Milano,0,Poste,2,7
6165,7165,2024-12-24,53.0,M,Gold,Libri,Guida,37,5,185,PayPal,Torino,0,Poste,4,11
6166,7166,2024-05-09,39.0,M,Silver,Elettronica,Laptop,53,2,106,CreditCard,Bologna,1,GLS,3,7
6167,7167,2024-05-02,33.0,F,Silver,Sport,Pallone,150,1,150,CreditCard,Napoli,0,BRT,5,3
6168,7168,2024-05-20,43.0,F,Basic,Casa,Cuscino,40,1,40,PayPal,Roma,0,GLS,3,3
6169,7169,2024-07-29,37.0,F,Gold,Casa,Lampada,89,3,267,PayPal,Bologna,0,BRT,5,12
6170,7170,2024-02-05,31.0,F,Silver,Sport,Borraccia,128,4,512,PayPal,Roma,0,GLS,4,16
6171,7171,2024-09-26,,F,Basic,Sport,Tappetino Yoga,43,4,172,BankTransfer,Bologna,0,GLS,3,8
6172,7172,2024-03-07,35.0,M,Silver,Casa,Cuscino,132,3,396,PayPal,Roma,0,BRT,3,11
6173,7173,2024-11-20,33.0,M,Basic,Abbigliamento,Maglione,153,1,153,BankTransfer,Roma,1,BRT,5,0
6174,7174,2024-01-18,40.0,F,Basic,Libri,Enciclopedia,34,1,34,PayPal,Roma,1,GLS,4,3
6175,7175,2024-09-02,,F,Silver,Libri,Guida,20,1,20,Cash,Roma,0,BRT,1,12
6176,7176,2024-12-26,,F,Basic,Elettronica,Laptop,292,2,584,BankTransfer,Torino,0,GLS,5,7
6177,7177,2024-12-27,54.0,M,Silver,Elettronica,Smartwatch,428,1,428,CreditCard,Bologna,1,BRT,4,0
6178,7178,2024-05-15,,F,Basic,Sport,Scarpe Running,125,1,125,CreditCard,Milano,0,GLS,2,5
6179,7179,2024-12-02,25.0,M,Basic,Sport,Manubri,104,1,104,CreditCard,Milano,0,BRT,5,6
6180,7180,2024-07-30,33.0,F,Basic,Casa,Lampada,111,2,222,CreditCard,Roma,0,BRT,2,3
6181,7181,2024-10-20,55.0,M,Silver,Casa,Coperta,136,1,136,PayPal,Milano,0,DHL,1,4
6182,7182,2024-04-16,59.0,F,Silver,Abbigliamento,T-shirt,147,3,441,CreditCard,Roma,0,BRT,2,14
6183,7183,2024-03-23,42.0,M,Gold,Elettronica,Tablet,478,2,956,PayPal,Bologna,0,DHL,2,3
6184,7184,2024-06-11,35.0,F,Basic,Abbigliamento,Giacca,116,4,464,CreditCard,Milano,1,GLS,5,14
6185,7185,2024-03-04,18.0,F,Basic,Libri,Romanzo,48,1,48,Cash,Bologna,0,GLS,4,5
6186,7186,2024-01-26,18.0,F,Basic,Casa,Coperta,51,2,102,PayPal,Roma,1,DHL,2,2
6187,7187,2024-12-24,47.0,F,Silver,Sport,Manubri,95,3,285,BankTransfer,Napoli,0,GLS,3,6
6188,7188,2024-11-02,42.0,F,Basic,Abbigliamento,Giacca,178,1,178,PayPal,Roma,0,GLS,3,2
6189,7189,2024-02-18,,F,Basic,Libri,Fumetto,31,3,93,PayPal,Roma,0,BRT,6,14
6190,7190,2024-04-27,61.0,M,Basic,Sport,Tappetino Yoga,107,2,214,Cash,Milano,1,DHL,2,7
6191,7191,2024-03-27,55.0,F,Gold,Sport,Pallone,35,1,35,CreditCard,Bologna,0,BRT,5,5
6192,7192,2024-04-29,32.0,M,Silver,Libri,Fumetto,29,3,87,CreditCard,Torino,1,DHL,1,10
6193,7193,2024-01-21,52.0,F,Gold,Sport,Manubri,103,3,309,CreditCard,Torino,0,GLS,3,13
6194,7194,2024-02-06,30.0,M,Basic,Sport,Manubri,58,1,58,PayPal,Napoli,1,Poste,1,8
6195,7195,2024-10-01,50.0,F,Silver,Sport,Borraccia,43,2,86,PayPal,Torino,0,Poste,2,8
6196,7196,2024-07-28,60.0,M,Silver,Sport,Scarpe Running,140,2,280,BankTransfer,Milano,0,Poste,4,7
6197,7197,2024-07-24,,F,Basic,Elettronica,Smartwatch,725,1,725,BankTransfer,Roma,0,Poste,11,3
6198,7198,2024-02-01,51.0,M,Basic,Libri,Fumetto,44,1,44,BankTransfer,Bologna,0,BRT,5,5
6199,7199,2024-01-22,24.0,F,Basic,Sport,Tappetino Yoga,85,3,255,CreditCard,Napoli,1,GLS,3,6
6200,7200,2024-09-25,38.0,F,Gold,Sport,Borraccia,115,2,230,CreditCard,Roma,0,BRT,6,6
6201,7201,2024-02-18,,M,Gold,Sport,Pallone,78,4,312,BankTransfer,Milano,1,BRT,4,5
6202,7202,2024-09-10,40.0,M,Silver,Abbigliamento,T-shirt,83,1,83,CreditCard,Torino,0,BRT,4,5
6203,7203,2024-12-30,29.0,M,Basic,Elettronica,Laptop,375,1,375,Cash,Roma,0,BRT,4,2
6204,7204,2024-03-21,33.0,F,Basic,Casa,Coperta,114,4,456,BankTransfer,Milano,0,DHL,4,11
6205,7205,2024-06-24,,F,Basic,Sport,Borraccia,67,3,201,BankTransfer,Torino,0,BRT,1,9
6206,7206,2024-01-13,,M,Basic,Sport,Manubri,95,2,190,BankTransfer,Roma,0,BRT,2,16
6207,7207,2024-12-10,26.0,F,Basic,Sport,Borraccia,90,1,90,CreditCard,Torino,1,DHL,2,7
6208,7208,2024-03-05,28.0,M,Silver,Abbigliamento,Scarpe,173,4,692,CreditCard,Milano,0,GLS,4,13
6209,7209,2024-11-09,34.0,F,Basic,Casa,Cuscino,76,3,228,CreditCard,Torino,0,BRT,1,9
6210,7210,2024-08-11,56.0,F,Silver,Sport,Scarpe Running,167,1,167,CreditCard,Torino,0,BRT,1,2
6211,7211,2024-10-08,57.0,M,Silver,Sport,Pallone,89,2,178,PayPal,Napoli,0,DHL,3,0
6212,7212,2024-10-27,38.0,M,Basic,Elettronica,Smartwatch,261,2,522,PayPal,Bologna,1,BRT,5,1
6213,7213,2024-11-09,47.0,M,Basic,Libri,Enciclopedia,30,1,30,CreditCard,Bologna,0,GLS,3,4
6214,7214,2024-08-17,55.0,F,Gold,Casa,Pentola,85,1,85,CreditCard,Milano,0,DHL,2,11
6215,7215,2024-07-07,27.0,M,Basic,Elettronica,Cuffie,109,4,436,PayPal,Torino,1,DHL,1,9
6216,7216,2024-02-03,34.0,F,Basic,Abbigliamento,T-shirt,41,2,82,Cash,Milano,0,DHL,2,8
6217,7217,2024-03-02,45.0,M,Basic,Abbigliamento,T-shirt,129,2,258,BankTransfer,Roma,0,BRT,2,2
6218,7218,2024-09-11,48.0,F,Silver,Sport,Borraccia,30,1,30,CreditCard,Milano,0,BRT,3,0
6219,7219,2024-12-31,34.0,M,Silver,Abbigliamento,Giacca,141,1,141,CreditCard,Napoli,1,DHL,2,0
6220,7220,2024-09-26,42.0,F,Silver,Abbigliamento,Maglione,140,1,140,BankTransfer,Bologna,0,Poste,5,1
6221,7221,2024-09-12,39.0,M,Silver,Casa,Lampada,88,2,176,BankTransfer,Roma,0,BRT,4,6
6222,7222,2024-11-15,31.0,M,Gold,Elettronica,Laptop,527,4,2108,PayPal,Napoli,1,BRT,2,15
6223,7223,2024-07-20,,F,Gold,Sport,Borraccia,123,1,123,CreditCard,Milano,0,BRT,3,8
6224,7224,2024-03-30,48.0,F,Basic,Sport,Manubri,127,1,127,CreditCard,Torino,0,GLS,2,3
6225,7225,2024-12-22,48.0,F,Basic,Abbigliamento,T-shirt,39,1,39,Cash,Bologna,0,GLS,3,0
6226,7226,2024-05-28,51.0,F,Silver,Elettronica,Cuffie,491,5,2455,PayPal,Torino,0,DHL,3,14
6227,7227,2024-03-01,,M,Gold,Casa,Coperta,59,2,118,BankTransfer,Napoli,1,GLS,3,1
6228,7228,2024-06-04,64.0,M,Silver,Libri,Fumetto,21,1,21,PayPal,Napoli,0,GLS,3,0
6229,7229,2024-08-17,51.0,M,Silver,Abbigliamento,Jeans,107,5,535,CreditCard,Roma,1,GLS,3,19
6230,7230,2024-03-02,57.0,F,Gold,Casa,Cuscino,140,2,280,PayPal,Bologna,0,GLS,3,13
6231,7231,2024-02-05,39.0,F,Basic,Libri,Guida,13,1,13,Cash,Bologna,0,GLS,3,4
6232,7232,2024-02-08,18.0,F,Basic,Casa,Coperta,34,1,34,Cash,Napoli,0,GLS,2,4
6233,7233,2024-04-25,,F,Basic,Abbigliamento,Giacca,47,1,47,CreditCard,Torino,1,DHL,3,0
6234,7234,2024-08-28,28.0,M,Silver,Sport,Borraccia,161,1,161,CreditCard,Torino,1,DHL,3,0
6235,7235,2024-07-10,23.0,M,Basic,Abbigliamento,Scarpe,126,1,126,PayPal,Bologna,1,GLS,3,0
6236,7236,2024-06-25,32.0,M,Basic,Sport,Scarpe Running,154,1,154,CreditCard,Roma,1,Poste,5,0
6237,7237,2024-12-30,,M,Basic,Abbigliamento,Giacca,80,2,160,BankTransfer,Bologna,0,Poste,4,11
6238,7238,2024-05-01,18.0,F,Silver,Casa,Cuscino,135,1,135,Cash,Bologna,0,BRT,4,8
6239,7239,2024-02-08,,M,Silver,Sport,Scarpe Running,76,3,228,Cash,Milano,1,GLS,3,12
6240,7240,2024-07-13,57.0,F,Basic,Casa,Cuscino,49,1,49,CreditCard,Milano,1,DHL,3,10
6241,7241,2024-06-05,31.0,M,Silver,Libri,Fumetto,48,2,96,BankTransfer,Milano,0,GLS,4,8
6242,7242,2024-07-30,56.0,F,Basic,Libri,Enciclopedia,15,1,15,BankTransfer,Roma,0,GLS,3,3
6243,7243,2024-03-13,57.0,M,Silver,Casa,Lampada,116,4,464,PayPal,Bologna,0,GLS,2,15
6244,7244,2024-02-10,67.0,M,Gold,Casa,Pentola,71,3,213,PayPal,Napoli,0,GLS,4,13
6245,7245,2024-05-02,51.0,M,Basic,Casa,Lampada,141,1,141,PayPal,Milano,0,BRT,2,0
6246,7246,2024-03-23,18.0,F,Basic,Elettronica,Smartwatch,681,2,1362,CreditCard,Torino,0,GLS,2,3
6247,7247,2024-02-03,18.0,F,Basic,Abbigliamento,Jeans,32,2,64,CreditCard,Milano,1,GLS,4,4
6248,7248,2024-08-22,18.0,F,Basic,Sport,Scarpe Running,91,3,273,Cash,Napoli,1,Poste,1,14
6249,7249,2024-10-27,20.0,M,Basic,Elettronica,Smartwatch,642,4,2568,BankTransfer,Roma,1,BRT,2,5
6250,7250,2024-03-19,18.0,F,Gold,Sport,Borraccia,131,3,393,PayPal,Bologna,0,Poste,2,4
6251,7251,2024-06-24,32.0,M,Silver,Libri,Enciclopedia,20,5,100,PayPal,Roma,0,BRT,3,11
6252,7252,2024-03-21,19.0,M,Silver,Libri,Enciclopedia,46,3,138,PayPal,Bologna,0,BRT,4,14
6253,7253,2024-08-19,18.0,M,Basic,Elettronica,Tablet,467,4,1868,CreditCard,Milano,0,GLS,3,7
6254,7254,2024-03-05,19.0,M,Basic,Libri,Fumetto,40,1,40,Cash,Milano,1,GLS,3,1
6255,7255,2024-11-02,,M,Basic,Elettronica,Laptop,324,1,324,Cash,Bologna,1,GLS,4,0
6256,7256,2024-09-17,35.0,F,Basic,Casa,Lampada,28,1,28,PayPal,Roma,0,BRT,4,3
6257,7257,2024-03-23,19.0,M,Basic,Sport,Borraccia,30,4,120,CreditCard,Torino,1,GLS,4,9
6258,7258,2024-12-03,60.0,F,Silver,Elettronica,Smartphone,557,3,1671,Cash,Bologna,0,DHL,2,9
6259,7259,2024-04-09,35.0,F,Basic,Sport,Pallone,64,3,192,PayPal,Bologna,1,BRT,1,9
6260,7260,2024-02-10,51.0,F,Gold,Sport,Pallone,92,1,92,CreditCard,Napoli,0,BRT,4,8
6261,7261,2024-04-01,48.0,M,Basic,Libri,Romanzo,17,2,34,PayPal,Roma,0,BRT,4,13
6262,7262,2024-06-23,51.0,M,Silver,Elettronica,Tablet,658,1,658,CreditCard,Napoli,0,BRT,3,9
6263,7263,2024-04-15,,F,Basic,Casa,Coperta,147,2,294,CreditCard,Milano,0,Poste,3,5
6264,7264,2024-01-25,38.0,F,Gold,Elettronica,Laptop,147,2,294,BankTransfer,Napoli,1,GLS,3,9
6265,7265,2024-02-07,20.0,F,Silver,Abbigliamento,Giacca,65,1,65,BankTransfer,Napoli,1,GLS,4,2
6266,7266,2024-12-11,49.0,M,Silver,Sport,Tappetino Yoga,98,2,196,PayPal,Milano,0,GLS,4,3
6267,7267,2024-08-30,21.0,F,Basic,Sport,Tappetino Yoga,146,1,146,CreditCard,Napoli,0,GLS,3,6
6268,7268,2024-10-17,46.0,F,Basic,Libri,Manuale,21,3,63,Cash,Torino,1,GLS,2,12
6269,7269,2024-07-13,33.0,M,Basic,Abbigliamento,Jeans,22,2,44,PayPal,Bologna,1,BRT,5,2
6270,7270,2024-07-29,18.0,M,Basic,Abbigliamento,Scarpe,184,1,184,CreditCard,Napoli,1,Poste,2,1
6271,7271,2024-09-10,,M,Basic,Abbigliamento,Scarpe,32,4,128,BankTransfer,Torino,0,DHL,3,11
6272,7272,2024-05-13,45.0,F,Silver,Elettronica,Smartphone,667,2,1334,CreditCard,Torino,0,BRT,2,5
6273,7273,2024-02-08,28.0,M,Basic,Abbigliamento,Maglione,31,1,31,PayPal,Milano,0,BRT,2,2
6274,7274,2024-04-06,49.0,M,Gold,Elettronica,Smartwatch,120,5,600,CreditCard,Napoli,1,BRT,4,16
6275,7275,2024-01-23,23.0,M,Silver,Elettronica,Laptop,531,1,531,CreditCard,Roma,0,BRT,3,5
6276,7276,2024-10-05,37.0,F,Basic,Abbigliamento,Scarpe,171,2,342,CreditCard,Milano,0,BRT,2,10
6277,7277,2024-06-22,,M,Basic,Casa,Pentola,64,1,64,PayPal,Roma,0,GLS,4,0
6278,7278,2024-01-21,28.0,M,Basic,Sport,Borraccia,36,1,36,PayPal,Bologna,0,GLS,3,2
6279,7279,2024-06-05,25.0,F,Basic,Casa,Cuscino,127,1,127,BankTransfer,Roma,0,BRT,1,9
6280,7280,2024-04-01,29.0,M,Basic,Libri,Fumetto,29,2,58,BankTransfer,Roma,1,Poste,6,7
6281,7281,2024-09-09,,F,Basic,Sport,Borraccia,112,1,112,PayPal,Napoli,0,GLS,4,6
6282,7282,2024-07-14,43.0,F,Basic,Abbigliamento,Scarpe,76,1,76,BankTransfer,Milano,1,GLS,3,5
6283,7283,2024-02-02,,F,Basic,Elettronica,Smartwatch,483,2,966,CreditCard,Bologna,0,GLS,3,3
6284,7284,2024-06-29,48.0,F,Silver,Abbigliamento,T-shirt,56,2,112,PayPal,Bologna,1,GLS,2,2
6285,7285,2024-06-24,24.0,M,Silver,Libri,Guida,23,1,23,Cash,Milano,1,BRT,3,4
6286,7286,2024-07-31,45.0,F,Basic,Elettronica,Cuffie,323,3,969,CreditCard,Bologna,1,GLS,4,1
6287,7287,2024-10-30,30.0,F,Basic,Casa,Cuscino,103,1,103,PayPal,Napoli,0,GLS,5,8
6288,7288,2024-08-25,,M,Basic,Abbigliamento,Giacca,66,2,132,CreditCard,Napoli,0,BRT,5,10
6289,7289,2024-06-10,37.0,F,Silver,Casa,Lampada,83,2,166,CreditCard,Bologna,0,GLS,5,10
6290,7290,2024-09-15,49.0,M,Basic,Casa,Lampada,80,2,160,BankTransfer,Bologna,1,BRT,2,5
6291,7291,2024-09-03,51.0,F,Silver,Elettronica,Smartphone,548,1,548,PayPal,Napoli,1,Poste,6,1
6292,7292,2024-05-07,31.0,M,Basic,Abbigliamento,Jeans,114,3,342,CreditCard,Roma,1,BRT,5,5
6293,7293,2024-08-20,47.0,M,Gold,Sport,Manubri,141,3,423,BankTransfer,Bologna,0,GLS,3,6
6294,7294,2024-03-18,25.0,M,Basic,Sport,Pallone,41,1,41,BankTransfer,Milano,0,BRT,3,4
6295,7295,2024-02-11,,F,Basic,Abbigliamento,Scarpe,19,2,38,BankTransfer,Milano,1,GLS,4,3
6296,7296,2024-04-25,51.0,F,Gold,Libri,Enciclopedia,23,2,46,CreditCard,Roma,0,BRT,3,10
6297,7297,2024-05-08,,F,Silver,Sport,Tappetino Yoga,47,1,47,CreditCard,Roma,0,Poste,1,3
6298,7298,2024-08-16,33.0,F,Gold,Libri,Guida,41,1,41,PayPal,Napoli,0,BRT,3,3
6299,7299,2024-11-08,18.0,F,Silver,Abbigliamento,T-shirt,187,4,748,Cash,Milano,0,Poste,1,13
6300,7300,2024-10-22,43.0,M,Silver,Abbigliamento,Jeans,94,2,188,Cash,Bologna,0,GLS,3,14
6301,7301,2024-12-06,,M,Gold,Libri,Manuale,22,1,22,CreditCard,Torino,0,BRT,4,1
6302,7302,2024-03-16,,F,Silver,Casa,Tappeto,121,1,121,PayPal,Milano,0,BRT,2,2
6303,7303,2024-12-08,48.0,F,Silver,Sport,Manubri,152,2,304,PayPal,Bologna,0,GLS,4,15
6304,7304,2024-06-16,49.0,F,Basic,Sport,Tappetino Yoga,58,2,116,BankTransfer,Roma,0,Poste,4,6
6305,7305,2024-08-28,65.0,F,Silver,Elettronica,Smartphone,362,4,1448,BankTransfer,Milano,0,GLS,4,16
6306,7306,2024-11-14,26.0,M,Silver,Libri,Fumetto,48,1,48,Cash,Milano,1,BRT,3,6
6307,7307,2024-05-27,44.0,M,Basic,Elettronica,Smartwatch,673,3,2019,CreditCard,Roma,0,Poste,5,2
6308,7308,2024-05-24,,F,Gold,Abbigliamento,Maglione,109,3,327,PayPal,Napoli,0,BRT,2,5
6309,7309,2024-03-11,40.0,M,Basic,Sport,Tappetino Yoga,155,2,310,Cash,Torino,0,DHL,3,2
6310,7310,2024-02-24,,F,Silver,Sport,Scarpe Running,67,1,67,CreditCard,Roma,0,BRT,4,5
6311,7311,2024-08-03,57.0,F,Silver,Libri,Manuale,29,1,29,CreditCard,Torino,0,Poste,9,6
6312,7312,2024-10-08,21.0,F,Basic,Libri,Manuale,11,4,44,CreditCard,Torino,1,GLS,5,13
6313,7313,2024-09-23,46.0,M,Basic,Sport,Scarpe Running,85,1,85,CreditCard,Milano,0,BRT,4,1
6314,7314,2024-10-09,37.0,F,Basic,Libri,Enciclopedia,19,2,38,CreditCard,Napoli,0,Poste,8,6
6315,7315,2024-04-19,44.0,F,Silver,Abbigliamento,Scarpe,68,1,68,PayPal,Bologna,1,GLS,2,5
6316,7316,2024-09-28,54.0,M,Silver,Casa,Cuscino,111,2,222,Cash,Roma,0,Poste,4,7
6317,7317,2024-03-24,39.0,M,Basic,Sport,Pallone,139,1,139,CreditCard,Napoli,1,GLS,3,0
6318,7318,2024-07-09,63.0,F,Silver,Elettronica,Laptop,285,1,285,Cash,Torino,0,GLS,4,1
6319,7319,2024-10-01,26.0,M,Silver,Casa,Lampada,80,1,80,PayPal,Napoli,1,GLS,3,2
6320,7320,2024-12-03,58.0,M,Silver,Abbigliamento,Jeans,144,2,288,CreditCard,Torino,0,BRT,1,11
6321,7321,2024-08-21,55.0,M,Silver,Libri,Romanzo,12,4,48,PayPal,Roma,1,BRT,4,9
6322,7322,2024-02-29,18.0,M,Silver,Libri,Manuale,39,2,78,BankTransfer,Torino,0,BRT,4,6
6323,7323,2024-01-16,33.0,F,Silver,Elettronica,Smartwatch,796,2,1592,CreditCard,Bologna,0,Poste,6,6
6324,7324,2024-04-30,20.0,M,Silver,Abbigliamento,Scarpe,44,2,88,CreditCard,Roma,0,Poste,2,9
6325,7325,2024-05-06,53.0,F,Silver,Libri,Fumetto,14,3,42,CreditCard,Bologna,0,BRT,2,11
6326,7326,2024-05-08,64.0,M,Gold,Sport,Scarpe Running,71,1,71,PayPal,Bologna,0,Poste,5,13
6327,7327,2024-11-01,,F,Gold,Sport,Borraccia,101,1,101,Cash,Bologna,0,BRT,5,0
6328,7328,2024-02-25,71.0,M,Gold,Sport,Scarpe Running,54,2,108,Cash,Milano,1,GLS,5,8
6329,7329,2024-02-25,,F,Basic,Sport,Tappetino Yoga,59,2,118,Cash,Milano,0,Poste,8,6
6330,7330,2024-11-04,,M,Silver,Abbigliamento,Maglione,162,2,324,Cash,Napoli,0,GLS,4,7
6331,7331,2024-08-08,18.0,F,Basic,Elettronica,Cuffie,546,2,1092,Cash,Milano,0,Poste,6,3
6332,7332,2024-03-02,40.0,M,Silver,Casa,Tappeto,66,3,198,Cash,Bologna,1,BRT,6,4
6333,7333,2024-11-30,29.0,F,Silver,Elettronica,Cuffie,79,3,237,PayPal,Torino,1,GLS,4,10
6334,7334,2024-03-24,53.0,F,Gold,Abbigliamento,Scarpe,114,1,114,BankTransfer,Bologna,1,DHL,2,0
6335,7335,2024-04-27,18.0,F,Silver,Abbigliamento,Giacca,164,1,164,Cash,Milano,0,BRT,4,3
6336,7336,2024-11-08,22.0,F,Basic,Elettronica,Cuffie,783,1,783,PayPal,Torino,0,DHL,3,5
6337,7337,2024-04-27,45.0,M,Basic,Elettronica,Smartphone,474,2,948,PayPal,Milano,1,BRT,2,0
6338,7338,2024-09-16,37.0,F,Silver,Elettronica,Tablet,172,5,860,BankTransfer,Bologna,1,GLS,4,2
6339,7339,2024-12-31,,F,Gold,Abbigliamento,Giacca,176,2,352,CreditCard,Milano,0,GLS,4,7
6340,7340,2024-12-21,22.0,F,Silver,Libri,Manuale,36,1,36,PayPal,Torino,0,GLS,3,2
6341,7341,2024-10-12,45.0,M,Basic,Abbigliamento,Maglione,163,1,163,CreditCard,Milano,1,GLS,3,2
6342,7342,2024-02-29,30.0,F,Silver,Elettronica,Tablet,347,1,347,BankTransfer,Milano,0,BRT,2,3
6343,7343,2024-03-01,35.0,F,Silver,Libri,Guida,39,1,39,BankTransfer,Napoli,0,BRT,4,2
6344,7344,2024-02-15,42.0,F,Basic,Abbigliamento,Jeans,58,2,116,PayPal,Roma,1,Poste,11,5
6345,7345,2024-11-28,63.0,M,Basic,Elettronica,Smartwatch,340,5,1700,PayPal,Torino,0,BRT,3,8
6346,7346,2024-01-25,38.0,M,Basic,Sport,Scarpe Running,116,4,464,BankTransfer,Napoli,1,GLS,4,12
6347,7347,2024-03-04,21.0,M,Basic,Elettronica,Tablet,413,1,413,Cash,Roma,0,GLS,2,0
6348,7348,2024-06-13,32.0,M,Basic,Casa,Coperta,36,4,144,CreditCard,Milano,0,DHL,2,8
6349,7349,2024-08-03,23.0,M,Silver,Libri,Fumetto,31,2,62,PayPal,Torino,1,GLS,4,9
6350,7350,2024-11-25,46.0,M,Basic,Casa,Lampada,18,1,18,Cash,Torino,0,GLS,4,2
6351,7351,2024-09-21,26.0,M,Silver,Sport,Scarpe Running,85,3,255,BankTransfer,Milano,1,DHL,2,9
6352,7352,2024-04-11,32.0,M,Basic,Libri,Enciclopedia,22,3,66,Cash,Roma,0,BRT,3,8
6353,7353,2024-09-17,38.0,F,Silver,Elettronica,Tablet,226,4,904,CreditCard,Milano,0,DHL,2,7
6354,7354,2024-02-12,28.0,F,Basic,Libri,Guida,27,1,27,CreditCard,Bologna,1,BRT,4,7
6355,7355,2024-11-30,36.0,M,Basic,Elettronica,Smartphone,262,2,524,PayPal,Roma,0,GLS,5,2
6356,7356,2024-01-08,27.0,M,Basic,Abbigliamento,Scarpe,72,2,144,CreditCard,Roma,0,GLS,4,6
6357,7357,2024-06-24,41.0,M,Silver,Libri,Fumetto,39,3,117,CreditCard,Milano,0,Poste,6,6
6358,7358,2024-06-09,64.0,M,Basic,Abbigliamento,Maglione,156,1,156,CreditCard,Milano,0,Poste,6,8
6359,7359,2024-08-27,33.0,M,Silver,Sport,Borraccia,155,2,310,Cash,Milano,0,BRT,1,3
6360,7360,2024-08-25,47.0,F,Gold,Elettronica,Tablet,682,2,1364,PayPal,Napoli,0,BRT,2,14
6361,7361,2024-12-26,19.0,M,Basic,Casa,Coperta,31,3,93,Cash,Bologna,0,Poste,10,15
6362,7362,2024-07-16,35.0,M,Basic,Sport,Pallone,145,5,725,PayPal,Napoli,1,BRT,1,10
6363,7363,2024-11-16,31.0,M,Basic,Libri,Romanzo,39,1,39,CreditCard,Napoli,1,BRT,5,6
6364,7364,2024-08-24,46.0,M,Gold,Sport,Borraccia,35,1,35,BankTransfer,Roma,0,BRT,3,10
6365,7365,2024-05-15,,F,Basic,Elettronica,Tablet,200,5,1000,CreditCard,Milano,1,Poste,4,19
6366,7366,2024-02-14,,F,Silver,Abbigliamento,Maglione,42,3,126,CreditCard,Roma,0,BRT,6,5
6367,7367,2024-07-06,64.0,M,Silver,Elettronica,Smartwatch,734,5,3670,CreditCard,Napoli,0,GLS,3,13
6368,7368,2024-05-02,34.0,M,Basic,Elettronica,Smartphone,329,1,329,PayPal,Milano,0,GLS,3,2
6369,7369,2024-04-12,,F,Basic,Elettronica,Cuffie,152,1,152,PayPal,Roma,1,DHL,3,1
6370,7370,2024-05-26,39.0,M,Basic,Casa,Cuscino,102,1,102,PayPal,Roma,1,Poste,7,1
6371,7371,2024-11-23,33.0,M,Silver,Libri,Fumetto,37,4,148,PayPal,Napoli,0,GLS,4,11
6372,7372,2024-11-14,51.0,F,Gold,Abbigliamento,Giacca,141,1,141,PayPal,Roma,1,Poste,7,7
6373,7373,2024-03-02,50.0,M,Silver,Abbigliamento,T-shirt,137,1,137,BankTransfer,Torino,0,BRT,3,0
6374,7374,2024-03-12,68.0,F,Gold,Libri,Enciclopedia,23,1,23,PayPal,Roma,1,BRT,3,12
6375,7375,2024-09-25,,M,Silver,Sport,Pallone,61,4,244,CreditCard,Milano,0,GLS,3,13
6376,7376,2024-07-27,42.0,M,Silver,Sport,Tappetino Yoga,139,1,139,BankTransfer,Milano,0,BRT,3,10
6377,7377,2024-10-13,44.0,F,Gold,Abbigliamento,Jeans,95,2,190,PayPal,Bologna,0,GLS,3,8
6378,7378,2024-01-22,66.0,F,Silver,Libri,Romanzo,27,2,54,PayPal,Napoli,0,DHL,1,7
6379,7379,2024-07-16,30.0,F,Basic,Elettronica,Laptop,95,1,95,CreditCard,Bologna,0,GLS,3,2
6380,7380,2024-02-21,39.0,F,Basic,Casa,Pentola,31,2,62,BankTransfer,Milano,0,BRT,4,4
6381,7381,2024-08-01,37.0,F,Silver,Sport,Scarpe Running,75,3,225,CreditCard,Milano,0,Poste,6,10
6382,7382,2024-12-10,,F,Silver,Sport,Pallone,116,1,116,PayPal,Bologna,0,GLS,4,6
6383,7383,2024-04-14,40.0,F,Silver,Casa,Lampada,51,2,102,CreditCard,Torino,0,GLS,5,9
6384,7384,2024-03-03,21.0,F,Basic,Libri,Guida,26,3,78,CreditCard,Milano,1,Poste,5,16
6385,7385,2024-05-14,24.0,M,Basic,Libri,Manuale,49,1,49,CreditCard,Torino,1,BRT,4,0
6386,7386,2024-12-03,39.0,M,Silver,Casa,Cuscino,69,4,276,Cash,Roma,1,BRT,3,15
6387,7387,2024-11-02,60.0,M,Basic,Abbigliamento,T-shirt,134,3,402,CreditCard,Napoli,0,Poste,5,5
6388,7388,2024-03-02,48.0,F,Silver,Abbigliamento,Maglione,138,3,414,CreditCard,Napoli,1,GLS,3,9
6389,7389,2024-08-31,64.0,F,Gold,Sport,Manubri,107,3,321,CreditCard,Roma,1,GLS,1,8
6390,7390,2024-10-05,25.0,M,Basic,Elettronica,Cuffie,104,2,208,PayPal,Torino,1,DHL,2,11
6391,7391,2024-09-21,57.0,F,Silver,Casa,Pentola,129,2,258,BankTransfer,Roma,0,BRT,4,4
6392,7392,2024-05-24,63.0,M,Gold,Elettronica,Smartphone,483,1,483,CreditCard,Roma,1,Poste,2,3
6393,7393,2024-10-20,23.0,F,Basic,Casa,Tappeto,61,1,61,BankTransfer,Roma,1,Poste,3,7
6394,7394,2024-08-31,18.0,M,Basic,Abbigliamento,Giacca,45,4,180,PayPal,Roma,1,Poste,4,12
6395,7395,2024-04-14,,F,Gold,Casa,Lampada,58,1,58,CreditCard,Torino,0,BRT,6,7
6396,7396,2024-10-13,47.0,F,Basic,Casa,Lampada,56,2,112,PayPal,Torino,0,BRT,3,4
6397,7397,2024-08-18,43.0,M,Basic,Libri,Manuale,43,3,129,CreditCard,Torino,0,GLS,3,16
6398,7398,2024-10-09,49.0,M,Basic,Abbigliamento,Scarpe,175,3,525,PayPal,Bologna,1,DHL,2,10
6399,7399,2024-01-17,18.0,F,Silver,Casa,Tappeto,64,2,128,PayPal,Napoli,0,BRT,2,3
6400,7400,2024-06-03,,M,Silver,Elettronica,Laptop,655,1,655,Cash,Bologna,1,BRT,3,6
6401,7401,2024-12-01,57.0,F,Gold,Libri,Guida,36,5,180,Cash,Torino,1,BRT,6,19
6402,7402,2024-02-07,39.0,M,Basic,Elettronica,Smartphone,736,5,3680,Cash,Torino,1,BRT,4,15
6403,7403,2024-03-24,,F,Gold,Abbigliamento,Giacca,83,1,83,PayPal,Milano,0,BRT,1,0
6404,7404,2024-07-02,,M,Basic,Sport,Borraccia,28,1,28,PayPal,Roma,0,GLS,4,7
6405,7405,2024-12-04,,F,Basic,Sport,Borraccia,174,2,348,PayPal,Torino,0,GLS,4,9
6406,7406,2024-10-17,,M,Basic,Sport,Pallone,42,4,168,PayPal,Milano,1,GLS,4,7
6407,7407,2024-04-10,18.0,F,Basic,Abbigliamento,Giacca,170,4,680,Cash,Napoli,0,BRT,6,13
6408,7408,2024-02-24,49.0,F,Basic,Elettronica,Tablet,266,1,266,CreditCard,Roma,1,BRT,1,5
6409,7409,2024-11-29,65.0,F,Gold,Sport,Manubri,144,3,432,PayPal,Milano,0,GLS,3,7
6410,7410,2024-02-16,36.0,M,Silver,Casa,Cuscino,72,4,288,BankTransfer,Milano,1,BRT,3,14
6411,7411,2024-06-09,30.0,M,Basic,Abbigliamento,Scarpe,132,1,132,Cash,Roma,1,BRT,1,0
6412,7412,2024-04-01,37.0,F,Basic,Sport,Pallone,115,2,230,BankTransfer,Bologna,0,GLS,3,12
6413,7413,2024-02-18,,M,Silver,Libri,Manuale,43,3,129,PayPal,Milano,0,GLS,3,10
6414,7414,2024-01-19,,M,Basic,Libri,Guida,45,1,45,PayPal,Torino,0,Poste,6,3
6415,7415,2024-06-25,19.0,F,Silver,Libri,Guida,8,1,8,Cash,Torino,0,GLS,3,0
6416,7416,2024-02-29,45.0,M,Silver,Libri,Fumetto,41,1,41,PayPal,Roma,1,Poste,6,5
6417,7417,2024-02-15,,F,Basic,Abbigliamento,Maglione,47,1,47,PayPal,Bologna,0,Poste,3,4
6418,7418,2024-10-24,23.0,F,Basic,Libri,Manuale,33,4,132,CreditCard,Roma,0,BRT,2,14
6419,7419,2024-03-16,35.0,M,Silver,Abbigliamento,Scarpe,61,2,122,CreditCard,Torino,0,BRT,1,7
6420,7420,2024-11-05,45.0,F,Basic,Casa,Coperta,112,5,560,CreditCard,Milano,1,GLS,4,23
6421,7421,2024-12-15,26.0,M,Basic,Elettronica,Tablet,371,2,742,Cash,Napoli,1,BRT,2,6
6422,7422,2024-09-03,21.0,M,Basic,Casa,Cuscino,80,4,320,CreditCard,Napoli,0,BRT,1,10
6423,7423,2024-08-20,40.0,M,Silver,Abbigliamento,Scarpe,95,2,190,PayPal,Roma,1,BRT,5,3
6424,7424,2024-08-10,46.0,M,Basic,Elettronica,Cuffie,394,2,788,CreditCard,Napoli,0,Poste,2,6
6425,7425,2024-03-12,24.0,M,Silver,Abbigliamento,Giacca,83,1,83,CreditCard,Milano,1,BRT,2,3
6426,7426,2024-05-21,18.0,F,Basic,Libri,Enciclopedia,25,1,25,Cash,Roma,1,BRT,1,0
6427,7427,2024-01-12,45.0,F,Silver,Casa,Lampada,132,1,132,CreditCard,Milano,0,GLS,3,1
6428,7428,2024-02-03,30.0,M,Silver,Libri,Fumetto,19,2,38,BankTransfer,Roma,0,BRT,3,6
6429,7429,2024-06-12,63.0,F,Gold,Elettronica,Cuffie,141,3,423,PayPal,Milano,0,BRT,1,1
6430,7430,2024-01-07,40.0,F,Silver,Abbigliamento,Scarpe,135,1,135,CreditCard,Bologna,0,Poste,1,8
6431,7431,2024-11-24,,F,Basic,Elettronica,Smartphone,672,1,672,CreditCard,Torino,1,GLS,3,0
6432,7432,2024-04-27,44.0,M,Basic,Elettronica,Cuffie,653,1,653,CreditCard,Milano,0,BRT,2,10
6433,7433,2024-01-02,37.0,F,Basic,Sport,Scarpe Running,23,4,92,CreditCard,Roma,1,GLS,4,14
6434,7434,2024-05-31,55.0,M,Basic,Sport,Borraccia,172,1,172,Cash,Bologna,0,GLS,3,0
6435,7435,2024-08-05,48.0,M,Silver,Libri,Enciclopedia,46,2,92,Cash,Roma,0,Poste,6,6
6436,7436,2024-03-13,37.0,M,Silver,Libri,Guida,31,1,31,CreditCard,Milano,1,BRT,6,9
6437,7437,2024-01-16,56.0,F,Gold,Abbigliamento,Jeans,61,1,61,PayPal,Milano,1,GLS,4,3
6438,7438,2024-08-28,60.0,M,Silver,Casa,Tappeto,129,2,258,Cash,Bologna,0,BRT,5,4
6439,7439,2024-10-04,43.0,M,Basic,Sport,Manubri,117,4,468,PayPal,Torino,0,DHL,2,8
6440,7440,2024-11-05,52.0,M,Silver,Libri,Fumetto,40,3,120,CreditCard,Roma,0,BRT,2,13
6441,7441,2024-01-15,25.0,M,Basic,Abbigliamento,Jeans,172,1,172,BankTransfer,Napoli,1,Poste,3,5
6442,7442,2024-08-17,50.0,F,Silver,Libri,Manuale,33,3,99,PayPal,Torino,0,Poste,8,23
6443,7443,2024-11-29,42.0,M,Silver,Elettronica,Laptop,269,2,538,CreditCard,Napoli,0,DHL,3,1
6444,7444,2024-03-30,58.0,M,Gold,Elettronica,Cuffie,681,1,681,PayPal,Roma,0,GLS,4,3
6445,7445,2024-08-16,40.0,F,Silver,Elettronica,Smartwatch,236,2,472,CreditCard,Napoli,0,GLS,4,6
6446,7446,2024-10-26,38.0,F,Gold,Casa,Lampada,62,1,62,CreditCard,Milano,0,Poste,7,8
6447,7447,2024-08-16,19.0,M,Basic,Elettronica,Laptop,488,2,976,BankTransfer,Roma,0,BRT,4,6
6448,7448,2024-11-02,50.0,M,Basic,Elettronica,Smartwatch,149,1,149,PayPal,Milano,0,BRT,3,5
6449,7449,2024-10-26,46.0,F,Silver,Sport,Scarpe Running,109,2,218,BankTransfer,Milano,0,GLS,5,9
6450,7450,2024-07-04,39.0,F,Silver,Sport,Pallone,62,1,62,Cash,Milano,0,BRT,5,7
6451,7451,2024-08-09,,M,Silver,Libri,Romanzo,45,1,45,CreditCard,Milano,0,BRT,4,0
6452,7452,2024-05-08,35.0,M,Silver,Casa,Pentola,23,2,46,PayPal,Napoli,0,GLS,3,5
6453,7453,2024-07-27,38.0,M,Silver,Elettronica,Smartwatch,725,2,1450,BankTransfer,Milano,0,GLS,4,0
6454,7454,2024-07-21,51.0,M,Basic,Sport,Tappetino Yoga,103,1,103,PayPal,Roma,0,Poste,4,7
6455,7455,2024-03-24,52.0,M,Basic,Casa,Pentola,42,1,42,BankTransfer,Milano,1,DHL,2,1
6456,7456,2024-04-19,25.0,M,Silver,Elettronica,Smartwatch,659,2,1318,PayPal,Bologna,0,Poste,3,0
6457,7457,2024-01-10,21.0,M,Silver,Libri,Romanzo,20,2,40,PayPal,Bologna,0,GLS,6,2
6458,7458,2024-07-12,46.0,M,Basic,Abbigliamento,Giacca,115,2,230,Cash,Napoli,1,Poste,6,4
6459,7459,2024-08-23,21.0,F,Basic,Elettronica,Cuffie,179,1,179,PayPal,Milano,0,BRT,1,0
6460,7460,2024-11-10,37.0,M,Silver,Sport,Pallone,100,1,100,Cash,Torino,0,GLS,4,1
6461,7461,2024-08-10,43.0,M,Gold,Sport,Pallone,73,1,73,BankTransfer,Bologna,0,BRT,2,6
6462,7462,2024-02-28,45.0,F,Basic,Libri,Enciclopedia,38,2,76,PayPal,Napoli,0,DHL,1,8
6463,7463,2024-06-19,43.0,F,Basic,Sport,Scarpe Running,81,2,162,BankTransfer,Milano,0,BRT,1,11
6464,7464,2024-03-05,39.0,M,Gold,Libri,Enciclopedia,13,4,52,Cash,Torino,1,BRT,5,6
6465,7465,2024-07-23,46.0,F,Basic,Elettronica,Cuffie,123,1,123,CreditCard,Bologna,0,DHL,1,2
6466,7466,2024-09-29,55.0,M,Basic,Abbigliamento,Scarpe,180,3,540,BankTransfer,Milano,1,GLS,3,5
6467,7467,2024-05-10,40.0,F,Gold,Abbigliamento,T-shirt,127,5,635,CreditCard,Milano,0,Poste,1,14
6468,7468,2024-06-19,,M,Basic,Sport,Borraccia,149,5,745,CreditCard,Torino,1,DHL,2,17
6469,7469,2024-08-15,,M,Basic,Abbigliamento,Giacca,24,1,24,PayPal,Milano,1,BRT,7,0
6470,7470,2024-01-11,57.0,F,Silver,Casa,Coperta,59,3,177,PayPal,Milano,1,GLS,4,12
6471,7471,2024-12-21,59.0,F,Gold,Elettronica,Laptop,310,5,1550,PayPal,Napoli,0,DHL,2,7
6472,7472,2024-10-07,28.0,F,Silver,Casa,Tappeto,15,3,45,CreditCard,Torino,0,BRT,3,9
6473,7473,2024-07-23,68.0,M,Silver,Abbigliamento,Scarpe,110,1,110,CreditCard,Roma,0,GLS,3,7
6474,7474,2024-10-11,53.0,F,Gold,Casa,Cuscino,109,2,218,CreditCard,Napoli,1,BRT,2,9
6475,7475,2024-11-14,35.0,F,Silver,Abbigliamento,T-shirt,81,3,243,Cash,Milano,0,GLS,2,15
6476,7476,2024-08-27,22.0,M,Silver,Abbigliamento,Scarpe,41,1,41,PayPal,Milano,0,BRT,5,7
6477,7477,2024-01-27,42.0,M,Basic,Abbigliamento,Jeans,152,1,152,CreditCard,Torino,0,BRT,2,3
6478,7478,2024-12-11,68.0,F,Gold,Sport,Tappetino Yoga,58,1,58,BankTransfer,Torino,0,BRT,4,0
6479,7479,2024-05-23,42.0,M,Basic,Abbigliamento,Maglione,125,3,375,BankTransfer,Napoli,1,GLS,3,11
6480,7480,2024-06-02,29.0,F,Silver,Libri,Manuale,39,2,78,CreditCard,Roma,1,BRT,4,7
6481,7481,2024-12-26,,F,Basic,Libri,Enciclopedia,16,4,64,CreditCard,Torino,1,BRT,4,18
6482,7482,2024-10-23,29.0,F,Basic,Elettronica,Smartwatch,397,1,397,CreditCard,Milano,0,BRT,2,0
6483,7483,2024-12-16,31.0,M,Silver,Libri,Guida,11,1,11,Cash,Torino,0,BRT,1,2
6484,7484,2024-07-10,34.0,F,Basic,Abbigliamento,T-shirt,27,2,54,CreditCard,Milano,0,Poste,5,12
6485,7485,2024-09-10,58.0,F,Basic,Abbigliamento,T-shirt,21,2,42,Cash,Roma,1,DHL,2,2
6486,7486,2024-12-28,26.0,M,Basic,Sport,Tappetino Yoga,129,1,129,PayPal,Milano,1,Poste,3,13
6487,7487,2024-02-14,27.0,M,Silver,Abbigliamento,Maglione,166,1,166,Cash,Napoli,1,Poste,3,0
6488,7488,2024-12-04,69.0,M,Basic,Sport,Tappetino Yoga,74,3,222,CreditCard,Bologna,1,BRT,4,13
6489,7489,2024-03-25,42.0,F,Gold,Libri,Romanzo,15,4,60,PayPal,Milano,0,Poste,1,8
6490,7490,2024-04-11,41.0,M,Basic,Sport,Pallone,166,1,166,Cash,Napoli,0,DHL,2,0
6491,7491,2024-07-23,29.0,F,Basic,Sport,Pallone,163,2,326,CreditCard,Roma,0,DHL,3,6
6492,7492,2024-02-02,31.0,M,Basic,Abbigliamento,Maglione,97,1,97,PayPal,Torino,1,BRT,4,0
6493,7493,2024-05-09,23.0,M,Basic,Libri,Fumetto,29,3,87,PayPal,Milano,1,BRT,3,16
6494,7494,2024-12-11,51.0,F,Silver,Libri,Guida,42,2,84,CreditCard,Torino,1,GLS,2,5
6495,7495,2024-11-15,55.0,F,Silver,Casa,Pentola,119,3,357,BankTransfer,Napoli,0,BRT,5,9
6496,7496,2024-04-21,40.0,F,Basic,Abbigliamento,T-shirt,74,1,74,CreditCard,Milano,1,DHL,2,4
6497,7497,2024-09-29,,M,Basic,Elettronica,Tablet,88,2,176,BankTransfer,Roma,1,BRT,1,18
6498,7498,2024-07-02,43.0,M,Basic,Abbigliamento,Maglione,135,2,270,Cash,Roma,0,GLS,3,9
6499,7499,2024-02-06,,M,Gold,Abbigliamento,Giacca,40,4,160,Cash,Milano,0,DHL,2,15
6500,7500,2024-11-05,19.0,F,Basic,Abbigliamento,Giacca,148,3,444,PayPal,Milano,0,DHL,2,12
6501,7501,2024-10-24,57.0,M,Gold,Libri,Manuale,37,2,74,CreditCard,Roma,0,GLS,3,6
6502,7502,2024-08-23,23.0,F,Basic,Sport,Scarpe Running,41,5,205,PayPal,Milano,0,BRT,4,14
6503,7503,2024-06-30,48.0,F,Basic,Abbigliamento,Jeans,75,1,75,CreditCard,Milano,0,GLS,3,7
6504,7504,2024-11-20,36.0,F,Basic,Abbigliamento,T-shirt,136,4,544,Cash,Torino,0,BRT,1,9
6505,7505,2024-02-09,34.0,M,Silver,Abbigliamento,Giacca,85,3,255,PayPal,Bologna,1,BRT,3,2
6506,7506,2024-11-28,25.0,F,Silver,Abbigliamento,Jeans,77,2,154,BankTransfer,Napoli,0,Poste,5,13
6507,7507,2024-02-16,,M,Silver,Abbigliamento,Scarpe,30,3,90,CreditCard,Milano,0,BRT,3,12
6508,7508,2024-09-01,33.0,M,Basic,Elettronica,Laptop,86,3,258,BankTransfer,Roma,1,BRT,6,8
6509,7509,2024-01-14,,F,Gold,Sport,Tappetino Yoga,59,1,59,CreditCard,Roma,0,DHL,1,11
6510,7510,2024-10-03,46.0,M,Basic,Elettronica,Smartwatch,230,1,230,PayPal,Milano,1,BRT,6,6
6511,7511,2024-02-06,50.0,F,Silver,Libri,Enciclopedia,43,4,172,CreditCard,Torino,0,Poste,5,16
6512,7512,2024-02-16,37.0,M,Basic,Libri,Romanzo,25,2,50,CreditCard,Roma,1,BRT,4,1
6513,7513,2024-04-28,70.0,F,Gold,Elettronica,Cuffie,412,1,412,CreditCard,Roma,0,GLS,4,0
6514,7514,2024-07-04,28.0,F,Silver,Libri,Manuale,29,1,29,PayPal,Milano,0,BRT,6,3
6515,7515,2024-01-19,25.0,M,Basic,Elettronica,Smartwatch,389,1,389,CreditCard,Bologna,0,GLS,3,3
6516,7516,2024-10-09,,F,Basic,Casa,Tappeto,71,1,71,BankTransfer,Napoli,1,GLS,3,5
6517,7517,2024-11-04,53.0,F,Gold,Sport,Pallone,178,2,356,CreditCard,Bologna,0,DHL,3,2
6518,7518,2024-10-09,25.0,M,Basic,Sport,Manubri,102,2,204,Cash,Torino,1,BRT,3,16
6519,7519,2024-11-09,47.0,M,Basic,Elettronica,Smartwatch,568,1,568,PayPal,Napoli,0,Poste,9,0
6520,7520,2024-12-12,44.0,M,Basic,Sport,Scarpe Running,164,4,656,Cash,Roma,1,GLS,4,16
6521,7521,2024-11-02,27.0,M,Basic,Casa,Coperta,129,2,258,BankTransfer,Torino,0,Poste,4,3
6522,7522,2024-07-24,52.0,M,Silver,Libri,Enciclopedia,32,1,32,CreditCard,Milano,1,DHL,2,2
6523,7523,2024-09-14,29.0,M,Basic,Elettronica,Laptop,405,2,810,CreditCard,Roma,0,Poste,5,3
6524,7524,2024-12-11,36.0,F,Basic,Abbigliamento,Giacca,51,2,102,PayPal,Napoli,1,GLS,5,2
6525,7525,2024-04-15,43.0,M,Silver,Elettronica,Tablet,660,2,1320,Cash,Roma,0,BRT,2,12
6526,7526,2024-04-20,67.0,M,Silver,Libri,Manuale,43,3,129,CreditCard,Bologna,1,GLS,3,17
6527,7527,2024-11-04,18.0,M,Silver,Abbigliamento,T-shirt,31,1,31,BankTransfer,Napoli,0,DHL,2,0
6528,7528,2024-04-10,21.0,F,Basic,Libri,Enciclopedia,37,3,111,PayPal,Roma,0,Poste,6,11
6529,7529,2024-07-30,18.0,M,Silver,Elettronica,Cuffie,412,3,1236,PayPal,Torino,0,GLS,3,6
6530,7530,2024-07-20,23.0,F,Basic,Abbigliamento,Scarpe,184,1,184,Cash,Roma,1,GLS,2,3
6531,7531,2024-06-05,36.0,F,Gold,Sport,Scarpe Running,24,4,96,CreditCard,Bologna,0,Poste,6,15
6532,7532,2024-05-14,25.0,F,Basic,Casa,Lampada,99,1,99,PayPal,Torino,0,Poste,7,0
6533,7533,2024-01-14,,F,Basic,Abbigliamento,Giacca,27,3,81,Cash,Milano,0,BRT,2,12
6534,7534,2024-02-01,59.0,M,Gold,Elettronica,Tablet,773,1,773,PayPal,Napoli,0,BRT,3,0
6535,7535,2024-02-21,33.0,M,Basic,Sport,Manubri,157,2,314,BankTransfer,Roma,0,GLS,4,9
6536,7536,2024-09-07,,F,Basic,Elettronica,Smartphone,733,2,1466,CreditCard,Milano,0,DHL,2,2
6537,7537,2024-02-28,44.0,F,Silver,Abbigliamento,Jeans,53,3,159,PayPal,Napoli,1,BRT,3,7
6538,7538,2024-10-25,18.0,F,Basic,Libri,Enciclopedia,15,2,30,PayPal,Milano,0,GLS,3,13
6539,7539,2024-06-13,18.0,F,Basic,Libri,Guida,46,4,184,PayPal,Bologna,1,DHL,2,11
6540,7540,2024-10-24,49.0,F,Silver,Libri,Manuale,30,1,30,PayPal,Torino,1,GLS,3,11
6541,7541,2024-04-02,18.0,F,Basic,Libri,Romanzo,41,2,82,BankTransfer,Roma,1,BRT,2,9
6542,7542,2024-07-10,47.0,M,Silver,Abbigliamento,T-shirt,114,1,114,Cash,Napoli,0,GLS,4,4
6543,7543,2024-02-03,41.0,M,Basic,Libri,Romanzo,37,3,111,BankTransfer,Napoli,0,BRT,6,7
6544,7544,2024-11-11,39.0,M,Gold,Elettronica,Laptop,656,4,2624,Cash,Bologna,0,Poste,1,2
6545,7545,2024-01-08,36.0,F,Gold,Elettronica,Cuffie,444,3,1332,BankTransfer,Milano,0,GLS,3,4
6546,7546,2024-03-26,59.0,M,Silver,Libri,Manuale,42,2,84,PayPal,Napoli,1,Poste,6,9
6547,7547,2024-07-07,34.0,M,Silver,Sport,Manubri,174,1,174,CreditCard,Roma,0,BRT,3,2
6548,7548,2024-08-21,44.0,F,Silver,Casa,Pentola,40,2,80,Cash,Torino,1,Poste,4,10
6549,7549,2024-02-11,,M,Basic,Abbigliamento,Maglione,85,3,255,PayPal,Milano,0,GLS,4,11
6550,7550,2024-05-10,47.0,F,Basic,Abbigliamento,Giacca,35,3,105,CreditCard,Napoli,1,Poste,1,5
6551,7551,2024-04-29,33.0,F,Basic,Libri,Guida,15,2,30,BankTransfer,Bologna,0,GLS,3,4
6552,7552,2024-12-03,,M,Basic,Sport,Manubri,127,4,508,BankTransfer,Bologna,1,DHL,2,6
6553,7553,2024-08-24,62.0,F,Gold,Elettronica,Smartphone,751,2,1502,PayPal,Bologna,0,Poste,5,14
6554,7554,2024-03-18,48.0,F,Basic,Libri,Fumetto,27,2,54,CreditCard,Milano,0,BRT,1,5
6555,7555,2024-10-18,,F,Silver,Casa,Coperta,69,1,69,PayPal,Milano,0,Poste,4,7
6556,7556,2024-12-16,22.0,F,Basic,Casa,Tappeto,135,1,135,Cash,Napoli,1,BRT,3,1
6557,7557,2024-10-28,39.0,M,Silver,Elettronica,Cuffie,563,2,1126,Cash,Napoli,0,BRT,4,6
6558,7558,2024-06-19,26.0,M,Silver,Elettronica,Cuffie,693,4,2772,Cash,Napoli,0,GLS,2,12
6559,7559,2024-10-03,34.0,M,Basic,Libri,Fumetto,15,1,15,CreditCard,Torino,1,GLS,3,0
6560,7560,2024-09-25,56.0,M,Basic,Sport,Tappetino Yoga,123,2,246,PayPal,Napoli,0,GLS,5,17
6561,7561,2024-06-23,31.0,F,Basic,Sport,Borraccia,165,4,660,PayPal,Milano,0,BRT,6,14
6562,7562,2024-01-18,34.0,F,Silver,Sport,Manubri,108,1,108,BankTransfer,Bologna,0,Poste,3,5
6563,7563,2024-10-12,41.0,M,Basic,Casa,Pentola,120,1,120,PayPal,Milano,0,BRT,5,1
6564,7564,2024-09-11,18.0,M,Basic,Casa,Pentola,94,2,188,Cash,Milano,0,BRT,3,6
6565,7565,2024-10-25,28.0,F,Silver,Libri,Guida,25,1,25,CreditCard,Roma,0,GLS,4,1
6566,7566,2024-02-02,44.0,M,Silver,Libri,Guida,45,4,180,BankTransfer,Milano,1,BRT,2,8
6567,7567,2024-11-27,31.0,M,Basic,Abbigliamento,T-shirt,120,2,240,Cash,Milano,0,Poste,4,9
6568,7568,2024-11-13,31.0,F,Silver,Elettronica,Cuffie,59,2,118,CreditCard,Milano,0,GLS,4,3
6569,7569,2024-04-21,26.0,M,Basic,Sport,Manubri,99,4,396,PayPal,Torino,1,BRT,2,22
6570,7570,2024-11-16,23.0,M,Basic,Sport,Scarpe Running,70,5,350,BankTransfer,Roma,0,BRT,1,18
6571,7571,2024-05-14,40.0,F,Basic,Elettronica,Smartphone,255,2,510,PayPal,Milano,1,DHL,2,8
6572,7572,2024-04-07,41.0,M,Basic,Sport,Tappetino Yoga,117,3,351,PayPal,Napoli,1,Poste,3,3
6573,7573,2024-08-12,44.0,M,Basic,Sport,Manubri,180,4,720,PayPal,Milano,1,BRT,2,17
6574,7574,2024-07-10,51.0,M,Silver,Elettronica,Cuffie,590,2,1180,BankTransfer,Napoli,0,DHL,2,17
6575,7575,2024-03-06,31.0,M,Silver,Libri,Romanzo,26,5,130,CreditCard,Napoli,1,Poste,5,21
6576,7576,2024-07-09,18.0,M,Basic,Casa,Tappeto,116,2,232,PayPal,Napoli,1,BRT,2,6
6577,7577,2024-05-15,,M,Silver,Libri,Manuale,31,2,62,BankTransfer,Milano,0,Poste,6,3
6578,7578,2024-07-23,40.0,M,Basic,Elettronica,Tablet,272,2,544,Cash,Torino,1,Poste,1,6
6579,7579,2024-10-12,34.0,M,Silver,Libri,Manuale,22,4,88,PayPal,Torino,0,BRT,5,18
6580,7580,2024-07-26,53.0,F,Gold,Libri,Fumetto,19,1,19,CreditCard,Napoli,1,GLS,4,0
6581,7581,2024-10-05,18.0,F,Basic,Casa,Lampada,85,4,340,CreditCard,Torino,1,Poste,5,13
6582,7582,2024-05-23,42.0,M,Silver,Abbigliamento,Scarpe,163,1,163,PayPal,Milano,0,BRT,3,0
6583,7583,2024-08-18,45.0,F,Basic,Libri,Enciclopedia,45,2,90,PayPal,Bologna,0,BRT,1,4
6584,7584,2024-09-04,59.0,M,Basic,Casa,Coperta,140,1,140,Cash,Torino,0,GLS,3,1
6585,7585,2024-01-18,75.0,F,Basic,Sport,Pallone,59,4,236,CreditCard,Torino,1,BRT,3,6
6586,7586,2024-01-28,58.0,M,Gold,Sport,Scarpe Running,34,2,68,CreditCard,Milano,0,Poste,6,0
6587,7587,2024-01-31,39.0,F,Gold,Elettronica,Laptop,482,2,964,BankTransfer,Milano,0,BRT,6,10
6588,7588,2024-04-07,47.0,F,Gold,Abbigliamento,Scarpe,18,1,18,PayPal,Roma,1,BRT,1,0
6589,7589,2024-04-01,64.0,M,Gold,Sport,Tappetino Yoga,31,1,31,BankTransfer,Bologna,0,DHL,2,2
6590,7590,2024-03-21,30.0,M,Basic,Sport,Scarpe Running,60,1,60,CreditCard,Torino,0,BRT,3,5
6591,7591,2024-07-04,34.0,F,Basic,Sport,Scarpe Running,39,1,39,PayPal,Bologna,0,Poste,2,2
6592,7592,2024-12-21,19.0,F,Basic,Sport,Tappetino Yoga,179,1,179,BankTransfer,Torino,0,GLS,4,0
6593,7593,2024-01-22,20.0,M,Gold,Elettronica,Smartphone,156,2,312,CreditCard,Milano,0,GLS,3,4
6594,7594,2024-04-29,26.0,M,Basic,Abbigliamento,T-shirt,149,1,149,BankTransfer,Milano,0,GLS,4,1
6595,7595,2024-12-10,18.0,M,Basic,Sport,Scarpe Running,21,4,84,BankTransfer,Roma,1,Poste,2,9
6596,7596,2024-01-12,41.0,M,Silver,Libri,Fumetto,43,1,43,PayPal,Roma,0,DHL,2,0
6597,7597,2024-11-18,60.0,F,Gold,Abbigliamento,T-shirt,120,1,120,PayPal,Napoli,1,GLS,5,0
6598,7598,2024-09-22,21.0,F,Silver,Libri,Fumetto,42,1,42,PayPal,Milano,0,Poste,8,1
6599,7599,2024-09-07,18.0,M,Basic,Elettronica,Smartphone,106,1,106,Cash,Bologna,0,DHL,2,4
6600,7600,2024-05-12,44.0,F,Basic,Elettronica,Smartwatch,113,4,452,PayPal,Roma,0,Poste,5,18
6601,7601,2024-01-15,24.0,M,Silver,Sport,Manubri,178,2,356,BankTransfer,Torino,0,GLS,3,10
6602,7602,2024-05-28,18.0,F,Basic,Abbigliamento,T-shirt,140,1,140,CreditCard,Torino,1,BRT,4,10
6603,7603,2024-05-18,35.0,F,Gold,Casa,Cuscino,58,2,116,PayPal,Milano,0,BRT,3,7
6604,7604,2024-09-19,51.0,F,Silver,Abbigliamento,T-shirt,111,2,222,Cash,Napoli,1,GLS,3,3
6605,7605,2024-06-12,20.0,F,Silver,Sport,Scarpe Running,23,1,23,CreditCard,Napoli,0,BRT,4,3
6606,7606,2024-01-17,,F,Silver,Libri,Romanzo,41,2,82,Cash,Milano,0,GLS,3,2
6607,7607,2024-02-14,41.0,F,Basic,Sport,Scarpe Running,38,2,76,CreditCard,Milano,0,BRT,5,5
6608,7608,2024-03-22,42.0,M,Silver,Sport,Scarpe Running,89,1,89,CreditCard,Milano,0,GLS,3,1
6609,7609,2024-07-18,27.0,F,Silver,Abbigliamento,T-shirt,36,1,36,CreditCard,Napoli,0,BRT,2,7
6610,7610,2024-11-20,33.0,M,Basic,Sport,Manubri,118,5,590,PayPal,Napoli,1,GLS,4,8
6611,7611,2024-10-14,,F,Basic,Libri,Manuale,21,1,21,CreditCard,Milano,1,BRT,2,5
6612,7612,2024-06-10,50.0,F,Gold,Libri,Fumetto,28,3,84,CreditCard,Torino,0,GLS,4,4
6613,7613,2024-06-13,27.0,M,Silver,Abbigliamento,Jeans,152,4,608,PayPal,Milano,0,BRT,2,18
6614,7614,2024-02-26,25.0,F,Basic,Libri,Guida,44,1,44,BankTransfer,Torino,0,DHL,2,1
6615,7615,2024-07-01,,F,Basic,Sport,Manubri,172,1,172,BankTransfer,Napoli,0,GLS,3,3
6616,7616,2024-05-24,26.0,M,Basic,Abbigliamento,Jeans,29,1,29,BankTransfer,Milano,1,BRT,2,8
6617,7617,2024-02-07,70.0,F,Gold,Elettronica,Laptop,505,1,505,CreditCard,Milano,0,GLS,4,4
6618,7618,2024-02-27,75.0,F,Gold,Libri,Romanzo,17,1,17,Cash,Milano,0,BRT,1,11
6619,7619,2024-08-18,37.0,M,Silver,Libri,Fumetto,13,2,26,CreditCard,Torino,0,GLS,3,6
6620,7620,2024-06-07,18.0,M,Basic,Abbigliamento,Jeans,145,2,290,CreditCard,Milano,0,BRT,3,5
6621,7621,2024-11-29,51.0,M,Gold,Abbigliamento,Maglione,177,1,177,PayPal,Napoli,0,DHL,3,0
6622,7622,2024-11-28,,M,Silver,Elettronica,Smartphone,701,3,2103,CreditCard,Torino,0,BRT,3,6
6623,7623,2024-11-06,25.0,F,Basic,Abbigliamento,Giacca,109,4,436,PayPal,Napoli,0,GLS,4,13
6624,7624,2024-02-09,22.0,F,Basic,Sport,Pallone,75,1,75,CreditCard,Napoli,1,BRT,4,2
6625,7625,2024-01-08,50.0,F,Silver,Libri,Romanzo,10,1,10,Cash,Bologna,1,BRT,1,4
6626,7626,2024-06-12,18.0,F,Basic,Sport,Scarpe Running,129,3,387,BankTransfer,Roma,0,DHL,2,13
6627,7627,2024-08-21,18.0,M,Silver,Casa,Lampada,146,1,146,CreditCard,Milano,0,BRT,2,7
6628,7628,2024-06-08,31.0,F,Basic,Casa,Tappeto,75,5,375,BankTransfer,Torino,0,DHL,3,21
6629,7629,2024-09-02,39.0,F,Basic,Casa,Lampada,19,4,76,PayPal,Torino,0,GLS,3,7
6630,7630,2024-03-23,50.0,M,Basic,Abbigliamento,Maglione,124,1,124,Cash,Napoli,0,Poste,2,0
6631,7631,2024-05-24,61.0,M,Basic,Abbigliamento,T-shirt,166,1,166,CreditCard,Torino,0,BRT,5,2
6632,7632,2024-11-19,41.0,F,Silver,Libri,Romanzo,43,4,172,PayPal,Napoli,1,Poste,5,4
6633,7633,2024-03-29,18.0,F,Silver,Abbigliamento,Jeans,186,4,744,PayPal,Bologna,0,GLS,4,21
6634,7634,2024-11-04,44.0,F,Silver,Sport,Borraccia,61,2,122,CreditCard,Roma,0,BRT,1,14
6635,7635,2024-05-08,54.0,M,Gold,Libri,Enciclopedia,47,3,141,PayPal,Torino,0,DHL,3,12
6636,7636,2024-07-26,26.0,M,Basic,Abbigliamento,Jeans,20,1,20,CreditCard,Torino,1,Poste,5,6
6637,7637,2024-05-25,25.0,M,Gold,Abbigliamento,Giacca,92,1,92,CreditCard,Roma,1,Poste,8,0
6638,7638,2024-12-06,38.0,F,Basic,Libri,Romanzo,28,2,56,PayPal,Napoli,0,BRT,2,8
6639,7639,2024-01-11,61.0,M,Gold,Casa,Coperta,124,4,496,BankTransfer,Roma,0,Poste,3,15
6640,7640,2024-08-10,44.0,M,Basic,Casa,Pentola,129,1,129,PayPal,Milano,1,GLS,2,0
6641,7641,2024-08-25,48.0,M,Gold,Abbigliamento,Giacca,174,2,348,PayPal,Bologna,0,GLS,5,4
6642,7642,2024-01-03,18.0,F,Silver,Abbigliamento,Maglione,124,2,248,CreditCard,Milano,1,BRT,4,4
6643,7643,2024-10-20,56.0,F,Gold,Elettronica,Smartwatch,118,2,236,CreditCard,Milano,0,BRT,4,8
6644,7644,2024-12-14,,F,Silver,Sport,Tappetino Yoga,141,2,282,CreditCard,Bologna,0,DHL,1,10
6645,7645,2024-06-17,35.0,M,Basic,Libri,Enciclopedia,20,1,20,BankTransfer,Roma,0,BRT,6,0
6646,7646,2024-05-21,,F,Basic,Libri,Fumetto,21,1,21,BankTransfer,Roma,0,BRT,4,6
6647,7647,2024-02-24,32.0,M,Basic,Sport,Manubri,140,3,420,CreditCard,Bologna,1,BRT,1,8
6648,7648,2024-08-30,,M,Basic,Elettronica,Smartwatch,142,3,426,BankTransfer,Torino,0,GLS,3,12
6649,7649,2024-08-03,,M,Basic,Libri,Romanzo,50,3,150,BankTransfer,Milano,1,BRT,2,12
6650,7650,2024-06-04,32.0,F,Basic,Elettronica,Smartphone,784,2,1568,CreditCard,Milano,1,BRT,4,6
6651,7651,2024-05-21,22.0,F,Basic,Elettronica,Tablet,319,1,319,PayPal,Torino,0,BRT,3,2
6652,7652,2024-11-03,75.0,F,Gold,Elettronica,Tablet,276,1,276,CreditCard,Roma,0,GLS,5,13
6653,7653,2024-08-18,45.0,M,Basic,Sport,Tappetino Yoga,44,1,44,PayPal,Roma,0,DHL,2,10
6654,7654,2024-03-18,44.0,M,Basic,Elettronica,Cuffie,527,4,2108,CreditCard,Napoli,0,DHL,2,20
6655,7655,2024-05-16,18.0,M,Basic,Libri,Manuale,24,1,24,PayPal,Napoli,0,BRT,4,4
6656,7656,2024-06-20,48.0,M,Silver,Libri,Fumetto,32,2,64,PayPal,Roma,0,GLS,4,12
6657,7657,2024-07-07,,M,Basic,Elettronica,Laptop,273,2,546,PayPal,Napoli,0,Poste,6,1
6658,7658,2024-09-04,38.0,M,Gold,Elettronica,Smartwatch,379,2,758,Cash,Roma,0,BRT,3,2
6659,7659,2024-11-26,18.0,M,Basic,Sport,Manubri,153,1,153,BankTransfer,Roma,1,DHL,3,4
6660,7660,2024-12-21,,M,Basic,Casa,Coperta,85,3,255,BankTransfer,Bologna,0,DHL,3,7
6661,7661,2024-11-19,,M,Basic,Sport,Pallone,133,1,133,CreditCard,Roma,0,BRT,2,3
6662,7662,2024-05-22,37.0,M,Basic,Abbigliamento,T-shirt,165,2,330,BankTransfer,Bologna,0,DHL,3,14
6663,7663,2024-03-24,31.0,M,Basic,Casa,Coperta,149,2,298,PayPal,Roma,0,GLS,3,11
6664,7664,2024-06-19,39.0,F,Silver,Libri,Manuale,40,2,80,CreditCard,Torino,1,BRT,1,0
6665,7665,2024-11-09,64.0,F,Gold,Casa,Coperta,53,1,53,CreditCard,Milano,0,BRT,2,4
6666,7666,2024-08-21,24.0,M,Basic,Elettronica,Tablet,760,2,1520,BankTransfer,Milano,0,Poste,1,7
6667,7667,2024-02-01,51.0,F,Silver,Libri,Enciclopedia,37,1,37,PayPal,Milano,0,GLS,3,0
6668,7668,2024-11-09,18.0,M,Basic,Elettronica,Smartwatch,464,1,464,Cash,Roma,0,BRT,1,8
6669,7669,2024-12-23,24.0,F,Basic,Casa,Coperta,45,1,45,PayPal,Roma,1,Poste,6,3
6670,7670,2024-12-11,18.0,F,Basic,Elettronica,Laptop,63,1,63,PayPal,Milano,0,GLS,3,8
6671,7671,2024-04-15,41.0,F,Silver,Sport,Manubri,168,3,504,BankTransfer,Roma,0,Poste,4,5
6672,7672,2024-05-21,24.0,F,Silver,Libri,Guida,25,1,25,CreditCard,Milano,0,GLS,4,0
6673,7673,2024-07-28,22.0,F,Basic,Abbigliamento,Maglione,23,1,23,BankTransfer,Torino,1,BRT,7,8
6674,7674,2024-05-18,,M,Silver,Elettronica,Cuffie,716,1,716,CreditCard,Roma,1,BRT,3,0
6675,7675,2024-04-22,30.0,M,Basic,Libri,Guida,45,3,135,Cash,Bologna,0,Poste,6,10
6676,7676,2024-05-07,35.0,F,Silver,Casa,Tappeto,132,2,264,CreditCard,Roma,1,Poste,6,8
6677,7677,2024-06-15,63.0,M,Gold,Libri,Fumetto,16,2,32,PayPal,Napoli,0,BRT,1,9
6678,7678,2024-07-13,57.0,M,Silver,Elettronica,Tablet,730,2,1460,Cash,Bologna,0,BRT,2,5
6679,7679,2024-02-29,,M,Basic,Sport,Scarpe Running,85,1,85,Cash,Napoli,1,BRT,1,3
6680,7680,2024-02-04,49.0,F,Basic,Elettronica,Smartwatch,750,2,1500,CreditCard,Bologna,0,BRT,6,2
6681,7681,2024-02-12,40.0,M,Basic,Abbigliamento,Scarpe,172,2,344,PayPal,Milano,1,GLS,2,3
6682,7682,2024-12-19,,F,Basic,Sport,Scarpe Running,100,1,100,CreditCard,Torino,1,GLS,4,0
6683,7683,2024-07-17,,F,Basic,Casa,Tappeto,112,1,112,Cash,Milano,1,GLS,5,1
6684,7684,2024-06-06,40.0,M,Basic,Elettronica,Laptop,270,1,270,CreditCard,Napoli,0,BRT,3,3
6685,7685,2024-04-13,48.0,F,Silver,Elettronica,Laptop,425,1,425,PayPal,Milano,0,GLS,4,6
6686,7686,2024-09-28,,F,Basic,Elettronica,Laptop,348,3,1044,BankTransfer,Roma,1,Poste,6,6
6687,7687,2024-09-04,,M,Basic,Casa,Pentola,138,1,138,CreditCard,Napoli,0,Poste,7,11
6688,7688,2024-02-26,31.0,F,Basic,Elettronica,Tablet,280,1,280,PayPal,Milano,0,Poste,1,3
6689,7689,2024-10-14,48.0,M,Gold,Libri,Romanzo,25,2,50,BankTransfer,Torino,0,DHL,2,8
6690,7690,2024-05-30,45.0,M,Gold,Libri,Fumetto,43,5,215,CreditCard,Roma,0,Poste,2,26
6691,7691,2024-02-04,50.0,M,Gold,Elettronica,Smartphone,100,2,200,CreditCard,Torino,0,BRT,3,2
6692,7692,2024-10-29,29.0,F,Basic,Elettronica,Smartphone,51,2,102,CreditCard,Roma,0,DHL,2,2
6693,7693,2024-08-11,31.0,F,Basic,Libri,Enciclopedia,19,3,57,CreditCard,Napoli,1,Poste,3,8
6694,7694,2024-03-19,20.0,F,Silver,Casa,Lampada,134,4,536,CreditCard,Milano,0,Poste,6,17
6695,7695,2024-01-25,18.0,M,Basic,Casa,Coperta,135,5,675,PayPal,Milano,0,DHL,2,5
6696,7696,2024-07-25,47.0,M,Basic,Sport,Borraccia,105,2,210,BankTransfer,Roma,0,DHL,2,3
6697,7697,2024-05-08,18.0,M,Gold,Libri,Manuale,9,3,27,BankTransfer,Roma,1,GLS,4,4
6698,7698,2024-07-14,32.0,M,Silver,Elettronica,Laptop,763,2,1526,PayPal,Roma,0,BRT,2,1
6699,7699,2024-10-22,39.0,M,Basic,Casa,Pentola,55,1,55,Cash,Bologna,1,Poste,7,11
6700,7700,2024-02-27,21.0,F,Basic,Elettronica,Cuffie,664,1,664,PayPal,Roma,0,Poste,4,5
6701,7701,2024-05-17,68.0,M,Gold,Libri,Manuale,14,1,14,Cash,Torino,0,BRT,1,2
6702,7702,2024-03-03,,M,Basic,Casa,Tappeto,27,1,27,BankTransfer,Torino,1,BRT,3,0
6703,7703,2024-05-14,,F,Basic,Abbigliamento,Maglione,101,3,303,BankTransfer,Milano,1,BRT,1,12
6704,7704,2024-09-05,44.0,M,Silver,Abbigliamento,T-shirt,192,2,384,CreditCard,Roma,1,GLS,4,1
6705,7705,2024-06-02,35.0,M,Basic,Elettronica,Smartphone,712,2,1424,BankTransfer,Milano,0,DHL,3,0
6706,7706,2024-11-22,18.0,F,Basic,Libri,Guida,25,1,25,CreditCard,Roma,1,BRT,3,4
6707,7707,2024-01-21,41.0,M,Basic,Casa,Cuscino,40,2,80,Cash,Milano,0,Poste,5,11
6708,7708,2024-01-16,18.0,F,Silver,Elettronica,Smartphone,532,2,1064,CreditCard,Milano,0,GLS,3,8
6709,7709,2024-01-18,46.0,F,Basic,Abbigliamento,Jeans,101,1,101,CreditCard,Bologna,1,GLS,5,0
6710,7710,2024-10-31,36.0,M,Silver,Elettronica,Cuffie,405,1,405,BankTransfer,Bologna,0,Poste,5,0
6711,7711,2024-03-04,43.0,M,Silver,Casa,Coperta,96,1,96,PayPal,Roma,0,DHL,3,9
6712,7712,2024-03-29,24.0,F,Silver,Abbigliamento,Jeans,153,3,459,CreditCard,Roma,0,DHL,2,11
6713,7713,2024-11-26,39.0,F,Basic,Casa,Lampada,105,2,210,BankTransfer,Roma,0,Poste,6,2
6714,7714,2024-04-24,32.0,M,Silver,Libri,Fumetto,34,3,102,CreditCard,Torino,0,BRT,2,6
6715,7715,2024-03-05,45.0,F,Silver,Elettronica,Laptop,260,4,1040,BankTransfer,Milano,0,DHL,2,11
6716,7716,2024-11-28,35.0,F,Basic,Libri,Guida,30,1,30,CreditCard,Napoli,1,Poste,2,0
6717,7717,2024-04-22,38.0,M,Basic,Elettronica,Cuffie,773,4,3092,PayPal,Roma,0,DHL,3,5
6718,7718,2024-01-29,,F,Silver,Sport,Tappetino Yoga,47,2,94,Cash,Roma,0,BRT,4,11
6719,7719,2024-05-04,18.0,M,Basic,Libri,Romanzo,29,5,145,CreditCard,Torino,0,Poste,2,19
6720,7720,2024-01-03,38.0,M,Basic,Libri,Guida,49,2,98,PayPal,Torino,0,DHL,2,10
6721,7721,2024-01-09,38.0,F,Basic,Casa,Tappeto,108,1,108,Cash,Roma,0,BRT,4,0
6722,7722,2024-12-26,38.0,M,Basic,Libri,Fumetto,17,3,51,CreditCard,Napoli,0,GLS,4,11
6723,7723,2024-12-30,21.0,M,Basic,Abbigliamento,Jeans,198,4,792,Cash,Napoli,0,BRT,1,7
6724,7724,2024-04-30,53.0,F,Silver,Abbigliamento,Scarpe,193,1,193,CreditCard,Torino,0,BRT,4,1
6725,7725,2024-02-07,47.0,F,Silver,Casa,Pentola,77,1,77,BankTransfer,Torino,0,BRT,1,4
6726,7726,2024-03-31,34.0,M,Silver,Libri,Romanzo,15,1,15,PayPal,Roma,0,GLS,6,4
6727,7727,2024-02-23,47.0,F,Basic,Sport,Manubri,57,4,228,CreditCard,Roma,1,GLS,3,8
6728,7728,2024-04-24,18.0,F,Silver,Elettronica,Smartwatch,280,1,280,BankTransfer,Roma,1,GLS,4,5
6729,7729,2024-08-28,18.0,F,Gold,Sport,Borraccia,140,1,140,Cash,Milano,0,GLS,5,7
6730,7730,2024-05-28,,F,Silver,Abbigliamento,T-shirt,16,1,16,PayPal,Torino,0,GLS,2,3
6731,7731,2024-08-21,62.0,M,Gold,Elettronica,Laptop,404,1,404,Cash,Bologna,0,BRT,2,0
6732,7732,2024-01-24,29.0,M,Basic,Elettronica,Laptop,295,5,1475,BankTransfer,Milano,0,GLS,3,5
6733,7733,2024-02-18,,M,Basic,Libri,Manuale,45,1,45,Cash,Milano,0,DHL,2,4
6734,7734,2024-07-17,,M,Basic,Casa,Tappeto,50,3,150,CreditCard,Torino,0,GLS,2,1
6735,7735,2024-03-21,52.0,M,Silver,Casa,Cuscino,28,1,28,BankTransfer,Roma,0,DHL,2,0
6736,7736,2024-09-21,18.0,M,Basic,Elettronica,Laptop,193,1,193,CreditCard,Milano,0,Poste,6,5
6737,7737,2024-04-16,,F,Basic,Casa,Lampada,58,2,116,PayPal,Napoli,1,DHL,2,6
6738,7738,2024-07-30,23.0,F,Basic,Abbigliamento,T-shirt,76,5,380,PayPal,Torino,0,GLS,4,18
6739,7739,2024-10-25,34.0,M,Basic,Sport,Borraccia,68,2,136,CreditCard,Torino,0,DHL,2,2
6740,7740,2024-12-14,27.0,M,Basic,Libri,Guida,10,1,10,BankTransfer,Roma,0,GLS,3,0
6741,7741,2024-06-07,35.0,F,Basic,Elettronica,Tablet,728,3,2184,CreditCard,Torino,0,GLS,4,7
6742,7742,2024-07-26,33.0,M,Silver,Elettronica,Tablet,726,1,726,CreditCard,Roma,0,BRT,2,0
6743,7743,2024-01-08,20.0,F,Basic,Sport,Borraccia,78,1,78,Cash,Torino,0,DHL,1,4
6744,7744,2024-12-04,32.0,F,Silver,Elettronica,Cuffie,591,2,1182,PayPal,Milano,0,BRT,5,3
6745,7745,2024-09-03,,M,Silver,Abbigliamento,T-shirt,188,3,564,PayPal,Roma,1,DHL,2,10
6746,7746,2024-05-27,,F,Basic,Sport,Manubri,84,1,84,Cash,Bologna,0,Poste,4,0
6747,7747,2024-01-14,,M,Basic,Libri,Romanzo,29,4,116,CreditCard,Torino,1,Poste,4,14
6748,7748,2024-02-15,,M,Silver,Casa,Pentola,75,1,75,PayPal,Milano,0,BRT,2,0
6749,7749,2024-09-18,18.0,F,Silver,Abbigliamento,Giacca,165,1,165,CreditCard,Napoli,0,DHL,3,0
6750,7750,2024-04-09,26.0,M,Silver,Abbigliamento,Giacca,88,1,88,Cash,Torino,0,GLS,4,2
6751,7751,2024-07-09,34.0,M,Silver,Elettronica,Cuffie,92,1,92,BankTransfer,Roma,0,GLS,3,0
6752,7752,2024-02-10,24.0,M,Basic,Elettronica,Smartwatch,205,1,205,BankTransfer,Milano,1,Poste,6,2
6753,7753,2024-09-27,33.0,F,Basic,Elettronica,Cuffie,775,1,775,PayPal,Bologna,1,BRT,4,2
6754,7754,2024-08-31,56.0,F,Gold,Libri,Enciclopedia,12,1,12,CreditCard,Napoli,1,GLS,3,0
6755,7755,2024-08-24,18.0,M,Silver,Abbigliamento,Scarpe,66,4,264,BankTransfer,Milano,0,GLS,4,11
6756,7756,2024-03-20,,F,Silver,Sport,Pallone,152,3,456,PayPal,Napoli,1,BRT,2,11
6757,7757,2024-05-08,38.0,M,Basic,Casa,Tappeto,36,1,36,Cash,Roma,0,Poste,8,7
6758,7758,2024-05-11,32.0,M,Silver,Libri,Enciclopedia,13,3,39,CreditCard,Napoli,0,GLS,3,9
6759,7759,2024-12-22,35.0,F,Gold,Sport,Scarpe Running,165,1,165,PayPal,Bologna,0,BRT,2,6
6760,7760,2024-02-20,45.0,M,Gold,Elettronica,Smartwatch,276,1,276,CreditCard,Torino,0,BRT,2,4
6761,7761,2024-05-09,54.0,F,Gold,Abbigliamento,Jeans,182,2,364,CreditCard,Milano,0,DHL,2,3
6762,7762,2024-11-02,33.0,F,Basic,Abbigliamento,Scarpe,71,2,142,PayPal,Milano,0,BRT,2,11
6763,7763,2024-10-08,52.0,F,Silver,Sport,Manubri,154,2,308,PayPal,Milano,0,GLS,2,5
6764,7764,2024-06-02,63.0,F,Silver,Elettronica,Laptop,84,1,84,PayPal,Napoli,0,BRT,6,2
6765,7765,2024-02-19,22.0,M,Basic,Libri,Fumetto,43,2,86,CreditCard,Roma,1,BRT,3,7
6766,7766,2024-01-21,55.0,M,Basic,Abbigliamento,T-shirt,67,1,67,CreditCard,Roma,1,Poste,4,1
6767,7767,2024-03-28,64.0,F,Gold,Casa,Cuscino,45,2,90,PayPal,Roma,1,Poste,1,8
6768,7768,2024-08-08,50.0,F,Basic,Libri,Enciclopedia,36,2,72,PayPal,Roma,1,GLS,2,6
6769,7769,2024-12-07,51.0,F,Basic,Sport,Tappetino Yoga,97,1,97,CreditCard,Milano,0,DHL,2,0
6770,7770,2024-03-04,23.0,F,Silver,Elettronica,Cuffie,74,2,148,BankTransfer,Torino,0,Poste,7,8
6771,7771,2024-01-13,41.0,F,Silver,Libri,Manuale,35,2,70,BankTransfer,Roma,0,BRT,2,0
6772,7772,2024-07-20,44.0,F,Basic,Casa,Pentola,90,4,360,CreditCard,Roma,0,GLS,4,11
6773,7773,2024-02-17,35.0,F,Silver,Sport,Manubri,99,4,396,Cash,Torino,1,Poste,4,7
6774,7774,2024-11-24,26.0,M,Basic,Casa,Cuscino,40,2,80,PayPal,Roma,0,GLS,5,6
6775,7775,2024-04-01,,F,Silver,Libri,Enciclopedia,27,5,135,CreditCard,Bologna,1,DHL,3,21
6776,7776,2024-07-07,25.0,F,Silver,Sport,Pallone,160,2,320,BankTransfer,Roma,1,DHL,2,6
6777,7777,2024-10-13,57.0,F,Basic,Libri,Guida,36,1,36,CreditCard,Roma,0,GLS,3,3
6778,7778,2024-01-12,62.0,M,Silver,Libri,Romanzo,50,1,50,PayPal,Roma,0,BRT,1,5
6779,7779,2024-07-30,41.0,F,Basic,Elettronica,Laptop,425,1,425,BankTransfer,Bologna,1,Poste,7,5
6780,7780,2024-07-27,18.0,M,Silver,Elettronica,Tablet,697,1,697,PayPal,Bologna,0,GLS,3,1
6781,7781,2024-02-25,52.0,M,Silver,Elettronica,Laptop,405,4,1620,PayPal,Bologna,1,BRT,1,5
6782,7782,2024-12-03,25.0,F,Basic,Libri,Enciclopedia,38,1,38,CreditCard,Milano,0,GLS,3,1
6783,7783,2024-12-14,53.0,M,Gold,Casa,Lampada,132,1,132,Cash,Torino,1,Poste,1,4
6784,7784,2024-12-10,64.0,M,Gold,Casa,Lampada,77,2,154,PayPal,Milano,1,Poste,3,6
6785,7785,2024-01-04,43.0,M,Basic,Abbigliamento,T-shirt,63,2,126,Cash,Milano,1,GLS,4,4
6786,7786,2024-07-07,47.0,M,Basic,Libri,Fumetto,12,1,12,CreditCard,Torino,0,BRT,3,11
6787,7787,2024-10-14,37.0,M,Gold,Sport,Scarpe Running,35,2,70,PayPal,Bologna,0,DHL,2,6
6788,7788,2024-05-11,31.0,M,Basic,Sport,Scarpe Running,156,4,624,CreditCard,Roma,1,BRT,4,19
6789,7789,2024-07-10,25.0,F,Basic,Elettronica,Laptop,275,5,1375,PayPal,Torino,0,BRT,4,13
6790,7790,2024-11-12,36.0,F,Silver,Libri,Romanzo,13,1,13,BankTransfer,Milano,0,Poste,4,0
6791,7791,2024-03-07,59.0,F,Gold,Casa,Coperta,111,2,222,CreditCard,Roma,0,Poste,8,5
6792,7792,2024-03-31,49.0,M,Silver,Libri,Fumetto,30,2,60,PayPal,Torino,0,BRT,4,5
6793,7793,2024-12-10,35.0,M,Basic,Elettronica,Laptop,197,1,197,CreditCard,Milano,0,Poste,5,0
6794,7794,2024-12-08,23.0,M,Silver,Casa,Tappeto,126,4,504,Cash,Torino,0,Poste,7,12
6795,7795,2024-08-23,33.0,F,Basic,Abbigliamento,T-shirt,79,1,79,CreditCard,Bologna,0,GLS,6,3
6796,7796,2024-02-23,25.0,M,Basic,Sport,Pallone,119,1,119,BankTransfer,Roma,0,BRT,5,2
6797,7797,2024-07-08,48.0,F,Basic,Elettronica,Tablet,85,2,170,CreditCard,Torino,0,BRT,3,8
6798,7798,2024-09-07,18.0,F,Basic,Sport,Pallone,177,2,354,PayPal,Milano,0,GLS,2,5
6799,7799,2024-05-01,41.0,M,Silver,Abbigliamento,Scarpe,93,2,186,CreditCard,Torino,1,GLS,4,13
6800,7800,2024-03-24,55.0,F,Basic,Casa,Lampada,139,2,278,CreditCard,Milano,0,BRT,3,2
6801,7801,2024-01-25,47.0,F,Silver,Sport,Scarpe Running,88,1,88,BankTransfer,Milano,0,GLS,4,0
6802,7802,2024-03-07,34.0,F,Basic,Casa,Cuscino,36,2,72,PayPal,Roma,0,BRT,1,4
6803,7803,2024-08-22,54.0,F,Gold,Sport,Manubri,114,1,114,PayPal,Bologna,0,Poste,4,0
6804,7804,2024-09-18,70.0,M,Silver,Casa,Cuscino,130,1,130,CreditCard,Milano,0,Poste,3,4
6805,7805,2024-04-14,38.0,F,Basic,Libri,Fumetto,33,4,132,BankTransfer,Bologna,0,Poste,2,14
6806,7806,2024-01-01,25.0,F,Silver,Casa,Tappeto,85,1,85,Cash,Roma,1,BRT,6,12
6807,7807,2024-10-19,33.0,F,Basic,Libri,Romanzo,9,1,9,CreditCard,Torino,0,BRT,2,10
6808,7808,2024-07-01,55.0,F,Gold,Abbigliamento,Maglione,115,1,115,CreditCard,Roma,0,GLS,4,6
6809,7809,2024-04-26,63.0,M,Silver,Elettronica,Laptop,191,1,191,CreditCard,Roma,1,GLS,4,0
6810,7810,2024-06-15,,M,Basic,Sport,Scarpe Running,148,1,148,Cash,Torino,0,GLS,3,1
6811,7811,2024-09-27,32.0,M,Basic,Elettronica,Smartphone,596,1,596,Cash,Napoli,1,GLS,3,0
6812,7812,2024-08-14,33.0,M,Basic,Abbigliamento,T-shirt,26,3,78,CreditCard,Torino,0,GLS,3,5
6813,7813,2024-08-20,18.0,M,Basic,Elettronica,Smartphone,375,2,750,PayPal,Roma,0,BRT,1,10
6814,7814,2024-10-11,42.0,M,Basic,Libri,Manuale,14,1,14,Cash,Torino,0,BRT,1,0
6815,7815,2024-02-28,,M,Basic,Libri,Manuale,39,1,39,CreditCard,Torino,1,GLS,4,0
6816,7816,2024-02-02,37.0,M,Basic,Abbigliamento,Scarpe,95,4,380,Cash,Bologna,0,BRT,5,14
6817,7817,2024-09-26,55.0,F,Basic,Elettronica,Tablet,538,4,2152,BankTransfer,Napoli,0,Poste,4,23
6818,7818,2024-09-27,44.0,M,Basic,Casa,Coperta,75,2,150,Cash,Roma,0,BRT,2,3
6819,7819,2024-08-16,43.0,M,Basic,Sport,Tappetino Yoga,26,1,26,CreditCard,Torino,1,GLS,3,2
6820,7820,2024-10-01,48.0,M,Silver,Elettronica,Tablet,177,2,354,PayPal,Roma,0,GLS,3,7
6821,7821,2024-06-25,44.0,F,Basic,Casa,Cuscino,123,1,123,BankTransfer,Torino,0,BRT,3,5
6822,7822,2024-01-08,27.0,F,Basic,Sport,Scarpe Running,100,2,200,CreditCard,Roma,1,BRT,3,1
6823,7823,2024-08-17,61.0,M,Basic,Elettronica,Smartphone,631,2,1262,Cash,Milano,0,Poste,7,4
6824,7824,2024-01-19,27.0,M,Silver,Libri,Guida,21,1,21,CreditCard,Milano,0,GLS,5,1
6825,7825,2024-07-26,18.0,F,Basic,Sport,Borraccia,130,2,260,BankTransfer,Torino,0,BRT,1,8
6826,7826,2024-10-11,,F,Gold,Libri,Fumetto,45,1,45,PayPal,Roma,0,Poste,6,5
6827,7827,2024-10-24,,M,Basic,Abbigliamento,Giacca,83,1,83,CreditCard,Napoli,1,GLS,5,7
6828,7828,2024-12-30,22.0,M,Basic,Libri,Manuale,46,1,46,BankTransfer,Milano,0,BRT,3,0
6829,7829,2024-07-03,54.0,M,Gold,Libri,Romanzo,45,1,45,BankTransfer,Napoli,1,GLS,2,0
6830,7830,2024-04-15,41.0,F,Basic,Abbigliamento,Jeans,65,4,260,CreditCard,Torino,1,DHL,2,13
6831,7831,2024-10-30,22.0,M,Basic,Abbigliamento,Scarpe,154,3,462,Cash,Torino,1,GLS,3,16
6832,7832,2024-03-03,67.0,F,Silver,Elettronica,Cuffie,85,1,85,PayPal,Napoli,0,BRT,3,5
6833,7833,2024-07-27,38.0,F,Gold,Libri,Fumetto,33,2,66,CreditCard,Roma,1,Poste,2,4
6834,7834,2024-05-09,20.0,M,Silver,Abbigliamento,Giacca,30,2,60,CreditCard,Bologna,1,GLS,3,8
6835,7835,2024-09-17,40.0,F,Gold,Sport,Borraccia,169,5,845,BankTransfer,Roma,0,BRT,3,21
6836,7836,2024-07-01,66.0,M,Gold,Sport,Borraccia,122,2,244,PayPal,Milano,0,GLS,3,7
6837,7837,2024-06-26,26.0,M,Basic,Elettronica,Laptop,754,3,2262,BankTransfer,Torino,0,Poste,3,9
6838,7838,2024-10-30,18.0,M,Basic,Libri,Romanzo,45,4,180,BankTransfer,Bologna,0,Poste,8,12
6839,7839,2024-06-09,,M,Gold,Sport,Pallone,109,2,218,BankTransfer,Milano,0,GLS,3,1
6840,7840,2024-05-28,44.0,F,Silver,Abbigliamento,Maglione,60,2,120,Cash,Milano,0,DHL,2,11
6841,7841,2024-07-28,34.0,M,Basic,Abbigliamento,Giacca,110,1,110,Cash,Roma,0,GLS,2,9
6842,7842,2024-06-25,44.0,F,Silver,Abbigliamento,T-shirt,147,2,294,PayPal,Milano,0,Poste,1,3
6843,7843,2024-11-07,28.0,M,Basic,Casa,Coperta,77,1,77,CreditCard,Napoli,1,DHL,2,2
6844,7844,2024-05-01,44.0,M,Silver,Abbigliamento,Giacca,74,1,74,PayPal,Milano,1,DHL,2,2
6845,7845,2024-11-04,45.0,M,Basic,Abbigliamento,Jeans,55,2,110,CreditCard,Napoli,1,Poste,4,9
6846,7846,2024-11-21,,M,Silver,Sport,Manubri,75,1,75,PayPal,Milano,0,DHL,2,0
6847,7847,2024-01-19,42.0,M,Silver,Sport,Tappetino Yoga,51,3,153,PayPal,Roma,1,BRT,3,3
6848,7848,2024-03-16,42.0,F,Silver,Abbigliamento,Scarpe,98,3,294,BankTransfer,Roma,0,BRT,3,10
6849,7849,2024-11-17,,F,Basic,Casa,Tappeto,45,1,45,Cash,Roma,1,GLS,3,3
6850,7850,2024-03-30,59.0,M,Silver,Libri,Guida,32,1,32,PayPal,Torino,1,Poste,7,1
6851,7851,2024-09-08,55.0,M,Gold,Casa,Coperta,43,1,43,BankTransfer,Milano,0,GLS,3,5
6852,7852,2024-01-12,69.0,M,Gold,Elettronica,Cuffie,594,1,594,PayPal,Bologna,0,Poste,3,7
6853,7853,2024-11-30,70.0,F,Gold,Casa,Lampada,15,1,15,CreditCard,Bologna,0,BRT,5,2
6854,7854,2024-11-16,,M,Silver,Sport,Manubri,56,1,56,PayPal,Milano,0,GLS,3,2
6855,7855,2024-05-06,40.0,F,Basic,Abbigliamento,Scarpe,144,1,144,CreditCard,Roma,0,BRT,2,0
6856,7856,2024-01-23,23.0,F,Basic,Abbigliamento,Jeans,78,1,78,CreditCard,Milano,1,GLS,3,10
6857,7857,2024-06-08,18.0,M,Basic,Sport,Tappetino Yoga,69,2,138,PayPal,Milano,1,DHL,3,10
6858,7858,2024-08-13,54.0,M,Basic,Sport,Manubri,123,2,246,CreditCard,Napoli,1,BRT,1,11
6859,7859,2024-04-08,44.0,M,Gold,Libri,Manuale,43,5,215,CreditCard,Torino,0,GLS,5,14
6860,7860,2024-12-17,75.0,F,Gold,Abbigliamento,Jeans,103,2,206,Cash,Torino,0,DHL,3,9
6861,7861,2024-04-05,39.0,M,Basic,Elettronica,Cuffie,589,3,1767,BankTransfer,Roma,0,Poste,1,8
6862,7862,2024-07-22,35.0,M,Silver,Sport,Pallone,38,1,38,Cash,Bologna,0,BRT,5,7
6863,7863,2024-04-24,,M,Basic,Casa,Coperta,39,2,78,PayPal,Milano,0,GLS,4,5
6864,7864,2024-05-22,18.0,F,Silver,Sport,Scarpe Running,179,5,895,CreditCard,Milano,1,DHL,2,14
6865,7865,2024-02-28,,M,Gold,Libri,Enciclopedia,28,2,56,CreditCard,Milano,0,BRT,2,6
6866,7866,2024-05-30,54.0,M,Basic,Sport,Manubri,58,2,116,BankTransfer,Roma,1,BRT,2,6
6867,7867,2024-09-27,42.0,M,Basic,Libri,Enciclopedia,38,2,76,BankTransfer,Torino,1,DHL,2,5
6868,7868,2024-01-06,43.0,F,Silver,Abbigliamento,Scarpe,88,2,176,CreditCard,Roma,0,DHL,2,10
6869,7869,2024-07-01,40.0,M,Basic,Elettronica,Smartwatch,520,1,520,CreditCard,Milano,0,BRT,4,8
6870,7870,2024-02-29,20.0,M,Gold,Abbigliamento,Scarpe,34,4,136,CreditCard,Torino,0,BRT,3,10
6871,7871,2024-07-21,18.0,M,Basic,Casa,Cuscino,58,5,290,Cash,Milano,0,BRT,1,14
6872,7872,2024-10-05,18.0,F,Basic,Sport,Tappetino Yoga,137,1,137,Cash,Roma,0,Poste,4,9
6873,7873,2024-03-24,49.0,M,Silver,Libri,Fumetto,48,2,96,CreditCard,Roma,0,GLS,3,3
6874,7874,2024-03-18,37.0,F,Gold,Casa,Coperta,93,4,372,Cash,Torino,1,BRT,3,15
6875,7875,2024-09-09,37.0,F,Gold,Abbigliamento,Giacca,42,1,42,PayPal,Bologna,0,BRT,3,5
6876,7876,2024-03-13,52.0,M,Gold,Abbigliamento,Maglione,94,1,94,PayPal,Napoli,0,BRT,4,10
6877,7877,2024-02-07,56.0,F,Gold,Sport,Scarpe Running,163,1,163,PayPal,Roma,0,DHL,2,0
6878,7878,2024-06-02,18.0,M,Silver,Casa,Pentola,13,1,13,CreditCard,Milano,1,Poste,3,10
6879,7879,2024-10-05,,M,Basic,Sport,Manubri,173,1,173,Cash,Napoli,0,GLS,4,3
6880,7880,2024-07-10,62.0,M,Silver,Sport,Pallone,46,2,92,Cash,Roma,0,Poste,3,2
6881,7881,2024-11-16,63.0,M,Silver,Abbigliamento,Giacca,20,3,60,CreditCard,Roma,0,DHL,1,8
6882,7882,2024-01-19,38.0,F,Silver,Libri,Fumetto,28,4,112,PayPal,Napoli,1,GLS,3,16
6883,7883,2024-02-02,52.0,F,Silver,Elettronica,Tablet,248,1,248,PayPal,Torino,0,GLS,4,3
6884,7884,2024-09-27,,M,Basic,Abbigliamento,Maglione,120,1,120,Cash,Roma,1,BRT,3,1
6885,7885,2024-06-14,64.0,M,Basic,Sport,Manubri,70,3,210,PayPal,Roma,0,BRT,5,5
6886,7886,2024-09-03,,M,Basic,Sport,Manubri,126,5,630,BankTransfer,Torino,1,BRT,6,15
6887,7887,2024-10-29,24.0,M,Basic,Elettronica,Cuffie,778,1,778,PayPal,Bologna,1,GLS,4,0
6888,7888,2024-02-02,26.0,M,Basic,Libri,Fumetto,26,2,52,PayPal,Napoli,0,Poste,3,5
6889,7889,2024-07-07,69.0,M,Gold,Abbigliamento,Maglione,39,2,78,BankTransfer,Roma,0,GLS,2,12
6890,7890,2024-07-01,45.0,M,Gold,Casa,Tappeto,121,1,121,CreditCard,Roma,0,GLS,3,1
6891,7891,2024-06-30,32.0,M,Basic,Abbigliamento,Giacca,70,1,70,BankTransfer,Roma,0,Poste,2,3
6892,7892,2024-03-14,47.0,F,Silver,Libri,Enciclopedia,20,2,40,Cash,Roma,0,Poste,1,11
6893,7893,2024-06-08,33.0,M,Basic,Abbigliamento,Giacca,184,3,552,BankTransfer,Bologna,0,DHL,2,10
6894,7894,2024-12-06,48.0,F,Silver,Elettronica,Tablet,174,4,696,PayPal,Roma,1,GLS,3,9
6895,7895,2024-06-08,28.0,M,Basic,Libri,Enciclopedia,36,2,72,CreditCard,Napoli,0,GLS,3,0
6896,7896,2024-08-23,47.0,M,Basic,Abbigliamento,Maglione,115,2,230,BankTransfer,Roma,0,BRT,1,0
6897,7897,2024-02-26,59.0,F,Gold,Elettronica,Tablet,306,3,918,CreditCard,Torino,1,Poste,2,10
6898,7898,2024-12-23,45.0,M,Silver,Casa,Lampada,119,2,238,PayPal,Torino,0,DHL,3,11
6899,7899,2024-12-04,41.0,F,Silver,Casa,Coperta,21,3,63,PayPal,Roma,0,BRT,1,6
6900,7900,2024-08-27,18.0,M,Silver,Sport,Pallone,159,1,159,PayPal,Milano,0,BRT,2,5
6901,7901,2024-08-03,35.0,F,Basic,Sport,Manubri,148,4,592,CreditCard,Torino,0,GLS,4,13
6902,7902,2024-08-21,38.0,M,Basic,Sport,Borraccia,28,1,28,BankTransfer,Napoli,1,DHL,1,1
6903,7903,2024-03-04,,F,Silver,Libri,Enciclopedia,22,1,22,PayPal,Bologna,0,DHL,2,5
6904,7904,2024-03-19,33.0,F,Basic,Abbigliamento,T-shirt,43,4,172,CreditCard,Roma,0,Poste,3,15
6905,7905,2024-12-08,,F,Gold,Sport,Pallone,143,3,429,Cash,Bologna,0,BRT,1,9
6906,7906,2024-03-15,43.0,M,Basic,Elettronica,Smartwatch,782,2,1564,Cash,Milano,0,GLS,3,5
6907,7907,2024-08-08,28.0,F,Silver,Sport,Scarpe Running,134,2,268,PayPal,Napoli,1,BRT,3,2
6908,7908,2024-04-13,41.0,M,Gold,Abbigliamento,T-shirt,183,3,549,BankTransfer,Milano,1,DHL,2,6
6909,7909,2024-07-15,39.0,M,Silver,Casa,Tappeto,95,2,190,Cash,Torino,0,GLS,3,10
6910,7910,2024-06-26,18.0,M,Basic,Elettronica,Smartphone,207,1,207,CreditCard,Milano,1,BRT,2,2
6911,7911,2024-04-15,30.0,M,Basic,Elettronica,Smartwatch,230,2,460,CreditCard,Torino,0,Poste,5,9
6912,7912,2024-09-09,,M,Silver,Elettronica,Smartphone,390,2,780,PayPal,Roma,0,GLS,4,14
6913,7913,2024-03-07,35.0,F,Basic,Libri,Fumetto,18,1,18,PayPal,Napoli,0,Poste,5,5
6914,7914,2024-03-24,19.0,M,Basic,Casa,Lampada,28,1,28,Cash,Torino,0,Poste,5,0
6915,7915,2024-02-21,50.0,F,Basic,Sport,Tappetino Yoga,104,1,104,CreditCard,Torino,0,BRT,2,5
6916,7916,2024-03-13,56.0,M,Silver,Elettronica,Smartwatch,345,2,690,PayPal,Bologna,1,GLS,3,5
6917,7917,2024-06-27,36.0,M,Basic,Abbigliamento,Giacca,180,3,540,CreditCard,Napoli,1,BRT,3,11
6918,7918,2024-05-12,20.0,M,Basic,Libri,Romanzo,23,3,69,CreditCard,Torino,1,BRT,3,8
6919,7919,2024-03-08,46.0,M,Silver,Elettronica,Cuffie,81,3,243,PayPal,Milano,1,BRT,3,11
6920,7920,2024-03-18,46.0,F,Basic,Sport,Borraccia,77,1,77,BankTransfer,Milano,0,Poste,10,0
6921,7921,2024-11-08,23.0,M,Basic,Elettronica,Tablet,596,3,1788,BankTransfer,Napoli,0,DHL,2,7
6922,7922,2024-11-14,35.0,F,Silver,Abbigliamento,Giacca,43,2,86,PayPal,Roma,0,DHL,2,5
6923,7923,2024-06-05,43.0,M,Basic,Elettronica,Smartwatch,100,3,300,PayPal,Torino,1,Poste,3,11
6924,7924,2024-03-23,19.0,M,Silver,Abbigliamento,Maglione,147,1,147,BankTransfer,Bologna,1,GLS,4,8
6925,7925,2024-04-13,37.0,M,Silver,Casa,Coperta,145,2,290,PayPal,Roma,0,BRT,3,13
6926,7926,2024-10-31,18.0,F,Basic,Libri,Enciclopedia,41,2,82,PayPal,Roma,0,GLS,4,9
6927,7927,2024-05-14,36.0,F,Gold,Elettronica,Tablet,783,3,2349,PayPal,Napoli,1,GLS,3,14
6928,7928,2024-09-20,33.0,M,Silver,Casa,Coperta,128,1,128,CreditCard,Roma,0,Poste,4,5
6929,7929,2024-10-17,39.0,M,Silver,Abbigliamento,Scarpe,26,1,26,Cash,Napoli,1,GLS,4,3
6930,7930,2024-05-01,49.0,F,Silver,Libri,Romanzo,45,4,180,PayPal,Torino,1,BRT,4,11
6931,7931,2024-06-22,33.0,M,Basic,Casa,Coperta,23,4,92,BankTransfer,Milano,0,GLS,3,10
6932,7932,2024-04-15,66.0,F,Silver,Casa,Tappeto,95,2,190,PayPal,Roma,0,BRT,4,6
6933,7933,2024-08-30,27.0,M,Gold,Libri,Romanzo,28,4,112,BankTransfer,Milano,0,BRT,5,19
6934,7934,2024-01-29,50.0,F,Basic,Libri,Fumetto,39,1,39,PayPal,Milano,0,BRT,1,5
6935,7935,2024-07-02,,M,Basic,Casa,Tappeto,65,1,65,Cash,Roma,1,DHL,3,0
6936,7936,2024-06-14,46.0,M,Basic,Casa,Lampada,95,2,190,CreditCard,Napoli,0,BRT,4,3
6937,7937,2024-10-04,63.0,F,Silver,Abbigliamento,Scarpe,76,4,304,CreditCard,Napoli,0,DHL,2,13
6938,7938,2024-11-10,,F,Silver,Elettronica,Tablet,240,2,480,CreditCard,Bologna,0,Poste,2,7
6939,7939,2024-08-04,53.0,M,Gold,Elettronica,Smartphone,213,1,213,CreditCard,Torino,0,DHL,2,4
6940,7940,2024-09-28,18.0,M,Basic,Casa,Tappeto,19,1,19,BankTransfer,Roma,1,Poste,5,2
6941,7941,2024-06-02,44.0,M,Silver,Casa,Lampada,115,1,115,PayPal,Torino,0,GLS,3,4
6942,7942,2024-05-27,18.0,M,Basic,Elettronica,Tablet,539,3,1617,CreditCard,Milano,0,Poste,6,13
6943,7943,2024-05-12,25.0,F,Silver,Sport,Pallone,125,2,250,PayPal,Milano,0,DHL,2,7
6944,7944,2024-05-02,28.0,F,Gold,Abbigliamento,Scarpe,52,1,52,CreditCard,Bologna,0,Poste,4,8
6945,7945,2024-10-29,18.0,F,Basic,Elettronica,Cuffie,476,2,952,PayPal,Milano,1,BRT,3,2
6946,7946,2024-01-05,32.0,F,Silver,Abbigliamento,Maglione,47,2,94,PayPal,Torino,0,GLS,3,10
6947,7947,2024-03-17,18.0,F,Silver,Sport,Borraccia,27,2,54,BankTransfer,Roma,0,DHL,2,9
6948,7948,2024-07-24,18.0,M,Basic,Sport,Scarpe Running,40,2,80,Cash,Roma,0,BRT,5,4
6949,7949,2024-08-19,36.0,M,Basic,Casa,Lampada,99,2,198,BankTransfer,Torino,1,BRT,6,2
6950,7950,2024-10-06,48.0,F,Basic,Libri,Romanzo,32,2,64,CreditCard,Bologna,0,GLS,3,5
6951,7951,2024-01-31,20.0,F,Basic,Elettronica,Smartwatch,702,3,2106,Cash,Napoli,0,BRT,4,11
6952,7952,2024-05-27,,F,Basic,Libri,Guida,27,2,54,PayPal,Milano,0,GLS,4,4
6953,7953,2024-06-05,41.0,F,Basic,Abbigliamento,Maglione,73,4,292,PayPal,Napoli,0,BRT,4,12
6954,7954,2024-06-24,34.0,M,Silver,Abbigliamento,Scarpe,181,1,181,CreditCard,Torino,0,GLS,5,8
6955,7955,2024-01-23,,M,Silver,Sport,Scarpe Running,76,2,152,Cash,Milano,1,BRT,3,6
6956,7956,2024-12-06,57.0,M,Silver,Abbigliamento,T-shirt,152,2,304,BankTransfer,Bologna,0,GLS,4,1
6957,7957,2024-10-24,59.0,M,Gold,Abbigliamento,T-shirt,76,1,76,Cash,Torino,1,Poste,5,0
6958,7958,2024-04-16,35.0,F,Basic,Casa,Coperta,85,1,85,CreditCard,Roma,0,BRT,2,8
6959,7959,2024-01-29,47.0,M,Basic,Libri,Romanzo,44,1,44,PayPal,Roma,0,BRT,2,0
6960,7960,2024-10-21,34.0,F,Gold,Sport,Scarpe Running,80,5,400,Cash,Torino,0,BRT,3,12
6961,7961,2024-12-07,40.0,F,Silver,Casa,Lampada,87,4,348,PayPal,Bologna,1,DHL,2,14
6962,7962,2024-01-02,28.0,M,Silver,Casa,Tappeto,63,2,126,BankTransfer,Napoli,0,BRT,4,3
6963,7963,2024-11-14,24.0,F,Basic,Abbigliamento,Maglione,92,4,368,CreditCard,Roma,1,DHL,2,7
6964,7964,2024-04-08,61.0,M,Gold,Sport,Pallone,168,2,336,BankTransfer,Milano,0,BRT,4,4
6965,7965,2024-11-27,,M,Basic,Casa,Pentola,144,2,288,BankTransfer,Roma,0,GLS,3,6
6966,7966,2024-01-11,46.0,F,Silver,Libri,Manuale,40,1,40,PayPal,Milano,1,Poste,5,0
6967,7967,2024-06-26,18.0,M,Basic,Libri,Enciclopedia,16,3,48,BankTransfer,Bologna,0,BRT,5,13
6968,7968,2024-11-25,30.0,M,Silver,Sport,Scarpe Running,50,4,200,Cash,Milano,0,BRT,3,9
6969,7969,2024-05-04,19.0,F,Basic,Abbigliamento,T-shirt,164,2,328,CreditCard,Roma,0,Poste,4,13
6970,7970,2024-01-10,48.0,M,Gold,Libri,Fumetto,37,1,37,Cash,Napoli,0,BRT,3,6
6971,7971,2024-01-31,,M,Basic,Sport,Scarpe Running,97,2,194,CreditCard,Milano,0,BRT,3,13
6972,7972,2024-11-18,29.0,F,Basic,Casa,Lampada,112,1,112,CreditCard,Torino,1,Poste,4,3
6973,7973,2024-12-10,54.0,F,Basic,Elettronica,Smartphone,286,1,286,BankTransfer,Milano,0,BRT,4,0
6974,7974,2024-11-11,51.0,M,Gold,Libri,Enciclopedia,14,3,42,PayPal,Roma,0,GLS,4,10
6975,7975,2024-08-03,24.0,M,Silver,Sport,Manubri,142,3,426,Cash,Torino,0,BRT,3,0
6976,7976,2024-05-02,37.0,F,Basic,Libri,Manuale,15,4,60,CreditCard,Roma,0,GLS,4,13
6977,7977,2024-08-21,37.0,F,Gold,Casa,Pentola,64,2,128,Cash,Milano,1,DHL,3,5
6978,7978,2024-03-18,30.0,F,Silver,Elettronica,Tablet,187,1,187,PayPal,Milano,0,BRT,2,8
6979,7979,2024-06-06,,M,Basic,Libri,Romanzo,31,2,62,PayPal,Napoli,0,GLS,3,9
6980,7980,2024-10-28,44.0,M,Basic,Libri,Enciclopedia,50,1,50,PayPal,Milano,0,BRT,2,6
6981,7981,2024-07-31,58.0,F,Silver,Abbigliamento,Maglione,84,1,84,PayPal,Milano,0,GLS,1,7
6982,7982,2024-04-06,43.0,M,Gold,Sport,Manubri,56,1,56,BankTransfer,Milano,0,GLS,3,0
6983,7983,2024-09-08,51.0,F,Basic,Abbigliamento,Scarpe,50,3,150,Cash,Roma,1,DHL,3,5
6984,7984,2024-05-13,24.0,F,Basic,Libri,Guida,49,2,98,PayPal,Roma,1,Poste,2,0
6985,7985,2024-01-12,24.0,M,Basic,Libri,Romanzo,18,1,18,BankTransfer,Roma,0,DHL,1,6
6986,7986,2024-02-23,44.0,M,Basic,Casa,Coperta,98,1,98,CreditCard,Roma,0,Poste,2,4
6987,7987,2024-12-20,25.0,F,Silver,Casa,Cuscino,133,4,532,PayPal,Milano,1,BRT,5,13
6988,7988,2024-10-24,40.0,F,Silver,Sport,Tappetino Yoga,83,3,249,BankTransfer,Milano,0,DHL,2,4
6989,7989,2024-04-30,22.0,M,Basic,Elettronica,Tablet,311,2,622,PayPal,Milano,1,BRT,5,5
6990,7990,2024-09-14,32.0,F,Basic,Sport,Scarpe Running,88,5,440,Cash,Roma,1,DHL,3,12
6991,7991,2024-06-26,,M,Basic,Elettronica,Tablet,711,1,711,Cash,Milano,0,BRT,4,0
6992,7992,2024-01-03,35.0,F,Basic,Elettronica,Cuffie,232,1,232,CreditCard,Roma,0,DHL,2,12
6993,7993,2024-04-15,29.0,F,Gold,Abbigliamento,Giacca,21,2,42,CreditCard,Milano,0,BRT,1,10
6994,7994,2024-03-16,54.0,M,Silver,Abbigliamento,Scarpe,27,1,27,PayPal,Milano,0,Poste,6,0
6995,7995,2024-03-21,44.0,F,Silver,Libri,Enciclopedia,38,3,114,BankTransfer,Torino,0,DHL,2,12
6996,7996,2024-02-14,38.0,M,Basic,Abbigliamento,Maglione,94,2,188,PayPal,Torino,0,GLS,4,5
6997,7997,2024-12-14,26.0,F,Silver,Elettronica,Cuffie,199,1,199,Cash,Napoli,1,Poste,4,3
6998,7998,2024-09-22,45.0,M,Gold,Casa,Lampada,109,2,218,PayPal,Milano,1,BRT,2,10
6999,7999,2024-07-14,44.0,M,Basic,Abbigliamento,Maglione,123,1,123,BankTransfer,Roma,1,GLS,4,6
7000,8000,2024-02-10,29.0,M,Basic,Abbigliamento,Scarpe,34,3,102,BankTransfer,Roma,1,GLS,4,8
7001,8001,2024-04-14,59.0,M,Gold,Elettronica,Smartwatch,143,2,286,CreditCard,Milano,0,DHL,2,3
7002,8002,2024-06-15,46.0,F,Silver,Sport,Pallone,94,1,94,Cash,Milano,0,GLS,2,4
7003,8003,2024-03-15,53.0,M,Gold,Casa,Pentola,118,4,472,PayPal,Torino,0,BRT,4,19
7004,8004,2024-06-02,29.0,M,Silver,Elettronica,Smartwatch,62,2,124,CreditCard,Napoli,0,GLS,3,11
7005,8005,2024-05-20,52.0,M,Basic,Sport,Pallone,44,3,132,PayPal,Torino,1,BRT,4,13
7006,8006,2024-03-08,,M,Basic,Abbigliamento,T-shirt,109,2,218,PayPal,Torino,1,DHL,2,11
7007,8007,2024-03-10,34.0,F,Basic,Elettronica,Smartphone,686,3,2058,PayPal,Torino,0,GLS,3,10
7008,8008,2024-10-27,,M,Gold,Libri,Fumetto,17,2,34,CreditCard,Milano,0,Poste,3,4
7009,8009,2024-05-29,18.0,M,Silver,Elettronica,Laptop,462,4,1848,BankTransfer,Bologna,0,GLS,3,12
7010,8010,2024-12-20,24.0,F,Basic,Abbigliamento,Scarpe,161,3,483,Cash,Milano,1,GLS,2,20
7011,8011,2024-06-18,34.0,M,Basic,Elettronica,Tablet,674,2,1348,PayPal,Napoli,1,DHL,1,5
7012,8012,2024-05-14,54.0,F,Gold,Libri,Fumetto,35,2,70,Cash,Bologna,0,BRT,1,14
7013,8013,2024-03-07,43.0,F,Silver,Abbigliamento,T-shirt,141,2,282,CreditCard,Torino,0,BRT,2,8
7014,8014,2024-08-13,40.0,M,Gold,Abbigliamento,Giacca,164,5,820,CreditCard,Bologna,1,BRT,3,11
7015,8015,2024-08-10,40.0,M,Silver,Libri,Fumetto,22,2,44,PayPal,Roma,1,Poste,5,8
7016,8016,2024-11-01,42.0,F,Silver,Libri,Guida,13,2,26,PayPal,Roma,0,BRT,6,4
7017,8017,2024-06-24,40.0,F,Gold,Sport,Scarpe Running,85,2,170,BankTransfer,Torino,1,BRT,3,2
7018,8018,2024-02-16,24.0,F,Basic,Sport,Pallone,66,1,66,CreditCard,Torino,1,BRT,3,6
7019,8019,2024-11-22,58.0,M,Basic,Sport,Manubri,41,3,123,Cash,Bologna,1,DHL,1,7
7020,8020,2024-12-15,33.0,M,Basic,Libri,Guida,16,1,16,BankTransfer,Napoli,1,GLS,4,1
7021,8021,2024-12-04,61.0,F,Silver,Libri,Fumetto,41,3,123,CreditCard,Milano,1,BRT,1,9
7022,8022,2024-10-15,19.0,F,Silver,Abbigliamento,Jeans,58,5,290,BankTransfer,Napoli,1,BRT,4,10
7023,8023,2024-04-18,,F,Gold,Libri,Fumetto,43,1,43,PayPal,Roma,0,Poste,5,5
7024,8024,2024-09-02,21.0,M,Basic,Elettronica,Smartwatch,780,1,780,PayPal,Torino,0,GLS,4,4
7025,8025,2024-11-30,38.0,M,Basic,Libri,Fumetto,8,3,24,PayPal,Roma,1,GLS,3,5
7026,8026,2024-10-07,37.0,M,Basic,Abbigliamento,Jeans,43,1,43,Cash,Roma,0,BRT,2,4
7027,8027,2024-05-10,,F,Basic,Libri,Romanzo,10,3,30,CreditCard,Milano,0,BRT,3,7
7028,8028,2024-02-03,47.0,F,Silver,Abbigliamento,Scarpe,99,2,198,Cash,Milano,0,BRT,5,1
7029,8029,2024-04-13,39.0,M,Silver,Casa,Tappeto,11,1,11,CreditCard,Milano,0,DHL,2,9
7030,8030,2024-03-12,60.0,M,Silver,Abbigliamento,Jeans,152,1,152,PayPal,Milano,0,BRT,6,0
7031,8031,2024-10-01,48.0,F,Silver,Abbigliamento,Scarpe,194,1,194,CreditCard,Torino,1,BRT,3,4
7032,8032,2024-11-27,21.0,F,Silver,Abbigliamento,Jeans,71,2,142,BankTransfer,Bologna,1,GLS,3,4
7033,8033,2024-08-22,40.0,M,Silver,Abbigliamento,Giacca,190,4,760,CreditCard,Milano,1,GLS,4,12
7034,8034,2024-02-21,,F,Silver,Sport,Borraccia,43,2,86,BankTransfer,Torino,0,BRT,5,3
7035,8035,2024-03-18,32.0,F,Basic,Elettronica,Tablet,677,1,677,CreditCard,Napoli,0,GLS,3,0
7036,8036,2024-05-23,21.0,F,Basic,Sport,Scarpe Running,64,3,192,BankTransfer,Milano,0,Poste,7,9
7037,8037,2024-03-27,58.0,F,Silver,Sport,Borraccia,55,4,220,BankTransfer,Milano,0,Poste,7,16
7038,8038,2024-03-10,,M,Basic,Libri,Manuale,18,1,18,CreditCard,Bologna,0,Poste,3,0
7039,8039,2024-08-31,,F,Basic,Sport,Tappetino Yoga,93,1,93,CreditCard,Roma,1,DHL,2,0
7040,8040,2024-05-06,36.0,M,Silver,Libri,Romanzo,20,3,60,CreditCard,Roma,1,BRT,4,8
7041,8041,2024-01-12,33.0,M,Silver,Abbigliamento,Jeans,83,3,249,CreditCard,Milano,1,BRT,3,13
7042,8042,2024-08-02,49.0,F,Basic,Libri,Manuale,17,5,85,PayPal,Milano,0,BRT,4,13
7043,8043,2024-12-15,45.0,F,Basic,Abbigliamento,Scarpe,161,2,322,CreditCard,Torino,1,BRT,3,13
7044,8044,2024-11-28,,M,Basic,Casa,Cuscino,107,1,107,Cash,Roma,1,Poste,6,9
7045,8045,2024-08-31,36.0,M,Gold,Abbigliamento,Jeans,108,1,108,CreditCard,Bologna,0,DHL,2,3
7046,8046,2024-12-05,40.0,F,Silver,Casa,Coperta,38,1,38,PayPal,Milano,1,GLS,4,0
7047,8047,2024-01-01,30.0,M,Basic,Elettronica,Cuffie,727,1,727,CreditCard,Napoli,1,DHL,2,2
7048,8048,2024-03-21,47.0,F,Gold,Sport,Scarpe Running,142,4,568,CreditCard,Torino,0,Poste,3,9
7049,8049,2024-11-03,,F,Silver,Libri,Manuale,25,1,25,BankTransfer,Roma,0,BRT,2,0
7050,8050,2024-01-13,,F,Silver,Abbigliamento,Jeans,48,2,96,PayPal,Bologna,1,BRT,3,4
7051,8051,2024-05-13,44.0,M,Basic,Abbigliamento,Giacca,30,2,60,CreditCard,Torino,0,BRT,2,7
7052,8052,2024-12-29,49.0,M,Silver,Casa,Tappeto,68,1,68,BankTransfer,Roma,1,DHL,2,5
7053,8053,2024-09-29,,F,Basic,Abbigliamento,Jeans,126,4,504,Cash,Napoli,1,BRT,1,21
7054,8054,2024-10-24,33.0,F,Silver,Casa,Tappeto,45,1,45,BankTransfer,Torino,0,GLS,3,2
7055,8055,2024-04-21,30.0,F,Basic,Sport,Tappetino Yoga,105,2,210,CreditCard,Milano,0,BRT,3,7
7056,8056,2024-11-25,48.0,F,Basic,Elettronica,Smartwatch,174,2,348,BankTransfer,Milano,0,GLS,3,14
7057,8057,2024-04-06,50.0,M,Gold,Casa,Pentola,53,1,53,BankTransfer,Roma,0,BRT,1,4
7058,8058,2024-07-27,33.0,M,Basic,Casa,Cuscino,60,2,120,BankTransfer,Torino,0,BRT,2,8
7059,8059,2024-08-30,29.0,F,Basic,Abbigliamento,Giacca,126,1,126,CreditCard,Milano,0,GLS,4,5
7060,8060,2024-02-12,34.0,F,Basic,Elettronica,Tablet,422,3,1266,CreditCard,Roma,0,Poste,3,1
7061,8061,2024-08-22,18.0,F,Basic,Abbigliamento,T-shirt,85,4,340,Cash,Napoli,0,DHL,1,16
7062,8062,2024-09-14,18.0,M,Basic,Libri,Manuale,37,1,37,Cash,Napoli,0,BRT,2,1
7063,8063,2024-09-30,19.0,M,Basic,Sport,Pallone,58,1,58,BankTransfer,Torino,1,BRT,5,0
7064,8064,2024-02-22,54.0,F,Gold,Casa,Coperta,136,1,136,CreditCard,Bologna,0,BRT,6,0
7065,8065,2024-06-05,50.0,F,Gold,Abbigliamento,Jeans,39,2,78,CreditCard,Bologna,0,DHL,2,4
7066,8066,2024-01-31,25.0,M,Silver,Abbigliamento,T-shirt,75,1,75,PayPal,Torino,0,BRT,3,6
7067,8067,2024-05-07,48.0,F,Silver,Sport,Borraccia,93,5,465,CreditCard,Milano,0,BRT,3,15
7068,8068,2024-08-05,34.0,F,Silver,Sport,Tappetino Yoga,49,4,196,PayPal,Milano,0,GLS,5,9
7069,8069,2024-06-22,,F,Basic,Abbigliamento,Jeans,140,2,280,PayPal,Bologna,1,BRT,2,1
7070,8070,2024-02-13,56.0,F,Gold,Sport,Borraccia,67,5,335,CreditCard,Roma,0,DHL,2,13
7071,8071,2024-04-05,41.0,M,Silver,Casa,Cuscino,71,2,142,Cash,Milano,0,GLS,3,8
7072,8072,2024-02-17,50.0,F,Gold,Libri,Guida,50,1,50,Cash,Napoli,0,GLS,3,3
7073,8073,2024-02-21,50.0,F,Basic,Casa,Cuscino,49,2,98,CreditCard,Milano,0,BRT,1,9
7074,8074,2024-05-18,57.0,M,Gold,Libri,Enciclopedia,49,2,98,CreditCard,Torino,0,BRT,1,6
7075,8075,2024-07-05,52.0,F,Gold,Elettronica,Tablet,57,1,57,BankTransfer,Napoli,0,GLS,3,0
7076,8076,2024-07-01,54.0,M,Gold,Sport,Pallone,47,2,94,BankTransfer,Torino,0,Poste,4,0
7077,8077,2024-12-25,30.0,M,Basic,Abbigliamento,Maglione,42,2,84,CreditCard,Milano,0,Poste,1,9
7078,8078,2024-03-01,35.0,M,Silver,Abbigliamento,T-shirt,69,1,69,PayPal,Torino,1,GLS,4,0
7079,8079,2024-11-09,48.0,M,Basic,Libri,Fumetto,31,1,31,Cash,Bologna,0,GLS,4,2
7080,8080,2024-09-09,36.0,F,Basic,Libri,Guida,32,4,128,BankTransfer,Roma,1,Poste,7,7
7081,8081,2024-11-04,50.0,M,Gold,Abbigliamento,T-shirt,100,2,200,PayPal,Napoli,0,Poste,4,4
7082,8082,2024-08-03,35.0,M,Silver,Sport,Scarpe Running,68,1,68,PayPal,Milano,1,DHL,2,0
7083,8083,2024-06-27,48.0,F,Basic,Sport,Borraccia,71,3,213,CreditCard,Napoli,1,BRT,3,18
7084,8084,2024-07-12,18.0,M,Basic,Libri,Romanzo,42,1,42,CreditCard,Torino,0,Poste,4,9
7085,8085,2024-06-16,,F,Basic,Sport,Borraccia,112,2,224,Cash,Roma,0,BRT,2,10
7086,8086,2024-12-31,42.0,F,Basic,Casa,Tappeto,33,2,66,PayPal,Torino,0,GLS,4,6
7087,8087,2024-05-23,73.0,M,Silver,Sport,Pallone,114,1,114,PayPal,Milano,1,BRT,5,0
7088,8088,2024-12-06,29.0,M,Silver,Casa,Cuscino,136,1,136,CreditCard,Roma,0,GLS,3,5
7089,8089,2024-09-25,46.0,F,Silver,Abbigliamento,T-shirt,184,1,184,BankTransfer,Bologna,0,GLS,2,0
7090,8090,2024-02-24,58.0,F,Basic,Sport,Tappetino Yoga,148,1,148,PayPal,Bologna,1,GLS,4,0
7091,8091,2024-10-01,27.0,F,Basic,Libri,Manuale,38,1,38,Cash,Milano,0,BRT,4,3
7092,8092,2024-11-21,18.0,M,Silver,Libri,Enciclopedia,35,4,140,PayPal,Torino,1,GLS,5,6
7093,8093,2024-10-07,31.0,M,Basic,Sport,Borraccia,162,1,162,CreditCard,Milano,0,Poste,3,10
7094,8094,2024-11-13,46.0,F,Basic,Sport,Scarpe Running,64,1,64,PayPal,Torino,0,BRT,3,0
7095,8095,2024-08-26,24.0,M,Silver,Sport,Scarpe Running,180,2,360,BankTransfer,Milano,0,Poste,1,2
7096,8096,2024-10-06,27.0,M,Silver,Sport,Manubri,149,4,596,CreditCard,Bologna,1,GLS,5,13
7097,8097,2024-03-01,49.0,M,Basic,Elettronica,Smartwatch,148,2,296,Cash,Roma,1,BRT,1,13
7098,8098,2024-12-27,38.0,M,Basic,Casa,Cuscino,105,2,210,PayPal,Milano,0,GLS,3,9
7099,8099,2024-10-29,,M,Basic,Abbigliamento,Maglione,168,1,168,PayPal,Roma,0,BRT,2,11
7100,8100,2024-12-29,18.0,F,Silver,Casa,Cuscino,125,4,500,PayPal,Milano,0,Poste,7,11
7101,8101,2024-09-09,39.0,F,Silver,Libri,Enciclopedia,10,1,10,Cash,Bologna,0,BRT,1,0
7102,8102,2024-01-23,38.0,M,Gold,Sport,Scarpe Running,105,3,315,CreditCard,Milano,0,GLS,3,10
7103,8103,2024-01-25,49.0,F,Gold,Sport,Tappetino Yoga,81,2,162,PayPal,Roma,0,BRT,3,4
7104,8104,2024-10-21,58.0,F,Silver,Casa,Lampada,69,1,69,BankTransfer,Milano,0,Poste,4,0
7105,8105,2024-09-04,50.0,M,Silver,Casa,Coperta,11,1,11,CreditCard,Torino,0,BRT,1,9
7106,8106,2024-10-08,29.0,F,Silver,Libri,Romanzo,13,3,39,BankTransfer,Napoli,0,DHL,3,11
7107,8107,2024-09-06,44.0,F,Gold,Sport,Manubri,81,3,243,Cash,Torino,0,BRT,6,9
7108,8108,2024-05-17,,M,Basic,Elettronica,Cuffie,99,1,99,CreditCard,Bologna,0,GLS,5,0
7109,8109,2024-12-15,31.0,F,Basic,Sport,Tappetino Yoga,119,2,238,Cash,Torino,0,BRT,4,4
7110,8110,2024-04-06,28.0,F,Silver,Abbigliamento,T-shirt,184,4,736,PayPal,Roma,1,GLS,5,14
7111,8111,2024-08-23,,F,Silver,Elettronica,Smartphone,139,2,278,CreditCard,Milano,0,Poste,3,2
7112,8112,2024-01-21,,F,Basic,Abbigliamento,Jeans,165,2,330,CreditCard,Roma,0,BRT,2,0
7113,8113,2024-04-11,18.0,M,Basic,Libri,Manuale,18,1,18,CreditCard,Bologna,1,BRT,6,7
7114,8114,2024-06-25,20.0,F,Silver,Abbigliamento,Jeans,20,1,20,PayPal,Torino,1,DHL,3,1
7115,8115,2024-08-28,32.0,F,Basic,Libri,Fumetto,11,2,22,BankTransfer,Napoli,1,BRT,4,7
7116,8116,2024-08-07,26.0,M,Basic,Elettronica,Tablet,785,3,2355,CreditCard,Roma,0,Poste,8,12
7117,8117,2024-08-16,,M,Gold,Elettronica,Cuffie,552,4,2208,PayPal,Milano,0,GLS,3,6
7118,8118,2024-11-24,32.0,F,Basic,Abbigliamento,Giacca,193,1,193,BankTransfer,Milano,0,Poste,4,9
7119,8119,2024-05-15,64.0,F,Silver,Casa,Lampada,59,1,59,PayPal,Milano,0,BRT,5,3
7120,8120,2024-12-23,,F,Gold,Elettronica,Laptop,269,1,269,Cash,Roma,1,Poste,7,6
7121,8121,2024-06-12,37.0,F,Gold,Elettronica,Laptop,110,1,110,PayPal,Roma,0,Poste,6,4
7122,8122,2024-08-06,36.0,M,Basic,Sport,Tappetino Yoga,142,2,284,CreditCard,Torino,0,GLS,4,8
7123,8123,2024-02-15,57.0,F,Basic,Libri,Manuale,42,3,126,CreditCard,Roma,0,BRT,1,8
7124,8124,2024-08-16,,M,Basic,Casa,Tappeto,122,2,244,PayPal,Torino,0,BRT,4,9
7125,8125,2024-02-29,33.0,M,Silver,Libri,Fumetto,13,4,52,PayPal,Bologna,1,BRT,3,5
7126,8126,2024-10-25,,M,Basic,Libri,Guida,29,4,116,PayPal,Milano,1,BRT,4,9
7127,8127,2024-01-21,31.0,M,Basic,Casa,Tappeto,80,1,80,CreditCard,Napoli,1,DHL,2,4
7128,8128,2024-06-24,53.0,M,Gold,Sport,Borraccia,156,1,156,CreditCard,Torino,0,Poste,3,4
7129,8129,2024-03-16,,F,Basic,Abbigliamento,Jeans,96,4,384,PayPal,Torino,0,GLS,3,15
7130,8130,2024-12-01,46.0,M,Silver,Abbigliamento,Scarpe,112,5,560,PayPal,Roma,1,GLS,4,14
7131,8131,2024-03-19,39.0,M,Silver,Elettronica,Smartphone,723,3,2169,PayPal,Roma,1,BRT,3,10
7132,8132,2024-04-22,,M,Silver,Abbigliamento,Scarpe,45,2,90,PayPal,Milano,0,Poste,6,6
7133,8133,2024-04-04,67.0,F,Gold,Casa,Cuscino,140,5,700,PayPal,Napoli,1,GLS,2,11
7134,8134,2024-09-06,40.0,F,Basic,Libri,Guida,18,1,18,Cash,Roma,0,GLS,4,0
7135,8135,2024-10-12,,F,Basic,Elettronica,Smartwatch,174,4,696,PayPal,Torino,0,BRT,4,15
7136,8136,2024-04-17,38.0,F,Basic,Casa,Lampada,55,3,165,Cash,Roma,0,Poste,4,5
7137,8137,2024-07-13,42.0,F,Basic,Elettronica,Tablet,623,1,623,PayPal,Roma,0,BRT,1,2
7138,8138,2024-01-12,38.0,M,Silver,Sport,Scarpe Running,76,1,76,BankTransfer,Bologna,0,BRT,4,4
7139,8139,2024-07-24,66.0,M,Gold,Elettronica,Cuffie,133,2,266,Cash,Bologna,0,GLS,3,7
7140,8140,2024-02-03,41.0,M,Silver,Casa,Pentola,114,1,114,BankTransfer,Napoli,0,BRT,6,1
7141,8141,2024-12-22,,F,Silver,Elettronica,Cuffie,320,4,1280,CreditCard,Milano,0,DHL,4,3
7142,8142,2024-04-17,68.0,F,Silver,Sport,Borraccia,157,1,157,CreditCard,Milano,0,Poste,5,3
7143,8143,2024-11-06,36.0,F,Basic,Elettronica,Smartphone,240,2,480,PayPal,Milano,0,Poste,6,4
7144,8144,2024-02-10,41.0,F,Silver,Abbigliamento,Scarpe,198,2,396,PayPal,Milano,0,BRT,3,9
7145,8145,2024-07-03,53.0,F,Silver,Elettronica,Tablet,324,1,324,CreditCard,Roma,1,GLS,3,8
7146,8146,2024-01-04,,F,Basic,Sport,Tappetino Yoga,100,1,100,PayPal,Roma,1,BRT,3,5
7147,8147,2024-08-28,35.0,M,Basic,Abbigliamento,Giacca,51,2,102,CreditCard,Bologna,0,BRT,1,6
7148,8148,2024-04-28,31.0,M,Silver,Libri,Guida,11,1,11,PayPal,Napoli,0,BRT,1,4
7149,8149,2024-09-05,26.0,F,Basic,Sport,Borraccia,52,5,260,CreditCard,Roma,0,GLS,4,19
7150,8150,2024-02-26,54.0,M,Gold,Elettronica,Laptop,654,4,2616,BankTransfer,Bologna,1,Poste,7,10
7151,8151,2024-05-20,21.0,F,Basic,Libri,Enciclopedia,38,1,38,CreditCard,Bologna,1,Poste,2,5
7152,8152,2024-11-08,40.0,F,Gold,Libri,Enciclopedia,21,1,21,CreditCard,Roma,1,GLS,3,2
7153,8153,2024-05-15,33.0,M,Basic,Libri,Romanzo,21,1,21,PayPal,Roma,0,GLS,3,6
7154,8154,2024-03-28,18.0,M,Silver,Sport,Manubri,55,1,55,CreditCard,Roma,1,DHL,1,5
7155,8155,2024-12-20,36.0,M,Gold,Libri,Manuale,39,1,39,BankTransfer,Torino,0,BRT,4,1
7156,8156,2024-03-09,53.0,M,Gold,Elettronica,Smartwatch,182,4,728,Cash,Milano,0,BRT,1,10
7157,8157,2024-10-28,44.0,M,Silver,Abbigliamento,Giacca,92,1,92,BankTransfer,Milano,0,DHL,1,9
7158,8158,2024-11-26,26.0,M,Basic,Sport,Tappetino Yoga,30,2,60,CreditCard,Napoli,0,BRT,4,13
7159,8159,2024-08-11,47.0,M,Basic,Sport,Borraccia,111,2,222,CreditCard,Milano,1,BRT,2,15
7160,8160,2024-06-30,44.0,F,Silver,Abbigliamento,Maglione,179,2,358,Cash,Roma,0,BRT,5,4
7161,8161,2024-04-08,40.0,F,Silver,Abbigliamento,Giacca,104,2,208,BankTransfer,Bologna,1,GLS,3,2
7162,8162,2024-08-20,42.0,F,Silver,Abbigliamento,T-shirt,84,2,168,CreditCard,Torino,1,Poste,3,0
7163,8163,2024-10-30,30.0,F,Basic,Elettronica,Laptop,219,2,438,PayPal,Roma,1,BRT,5,7
7164,8164,2024-06-10,,M,Silver,Libri,Enciclopedia,42,3,126,Cash,Roma,0,BRT,2,2
7165,8165,2024-06-20,,M,Silver,Libri,Manuale,36,1,36,PayPal,Bologna,0,Poste,4,0
7166,8166,2024-05-04,26.0,F,Basic,Elettronica,Cuffie,92,1,92,PayPal,Milano,1,Poste,1,4
7167,8167,2024-01-21,40.0,F,Silver,Libri,Guida,27,2,54,CreditCard,Roma,0,BRT,5,9
7168,8168,2024-04-06,38.0,F,Basic,Sport,Scarpe Running,177,2,354,BankTransfer,Torino,0,DHL,3,4
7169,8169,2024-04-30,44.0,F,Basic,Casa,Lampada,137,2,274,CreditCard,Napoli,0,BRT,4,0
7170,8170,2024-05-21,18.0,M,Basic,Casa,Cuscino,131,1,131,Cash,Torino,1,BRT,3,2
7171,8171,2024-08-11,33.0,M,Basic,Casa,Pentola,146,2,292,PayPal,Torino,1,Poste,11,9
7172,8172,2024-02-25,38.0,F,Silver,Elettronica,Smartwatch,206,1,206,PayPal,Milano,0,DHL,3,0
7173,8173,2024-12-14,26.0,F,Basic,Libri,Romanzo,32,2,64,PayPal,Milano,0,GLS,3,6
7174,8174,2024-05-16,54.0,F,Gold,Casa,Cuscino,143,1,143,CreditCard,Bologna,0,Poste,5,10
7175,8175,2024-04-16,19.0,M,Basic,Sport,Tappetino Yoga,30,1,30,PayPal,Napoli,0,GLS,4,0
7176,8176,2024-04-07,46.0,M,Basic,Elettronica,Laptop,377,3,1131,PayPal,Roma,0,GLS,2,11
7177,8177,2024-12-26,29.0,F,Basic,Elettronica,Cuffie,208,3,624,Cash,Napoli,0,DHL,2,2
7178,8178,2024-04-20,41.0,F,Silver,Sport,Manubri,95,1,95,PayPal,Milano,0,BRT,1,10
7179,8179,2024-08-28,,F,Silver,Elettronica,Cuffie,366,1,366,Cash,Roma,0,DHL,2,0
7180,8180,2024-12-14,42.0,M,Gold,Casa,Cuscino,93,1,93,Cash,Bologna,0,GLS,2,7
7181,8181,2024-09-20,38.0,M,Basic,Sport,Tappetino Yoga,175,1,175,CreditCard,Milano,0,Poste,7,0
7182,8182,2024-02-26,65.0,F,Silver,Casa,Tappeto,18,1,18,CreditCard,Bologna,1,Poste,4,3
7183,8183,2024-08-26,33.0,M,Basic,Elettronica,Smartwatch,446,4,1784,CreditCard,Roma,1,GLS,5,6
7184,8184,2024-02-08,,F,Gold,Sport,Scarpe Running,30,1,30,BankTransfer,Milano,0,BRT,5,0
7185,8185,2024-05-12,35.0,M,Basic,Libri,Guida,40,2,80,CreditCard,Milano,1,DHL,2,6
7186,8186,2024-01-27,38.0,M,Gold,Abbigliamento,Giacca,144,3,432,CreditCard,Torino,1,GLS,4,10
7187,8187,2024-11-22,48.0,M,Basic,Abbigliamento,Giacca,58,4,232,CreditCard,Torino,1,BRT,1,12
7188,8188,2024-07-26,27.0,M,Basic,Libri,Fumetto,17,2,34,BankTransfer,Milano,0,BRT,1,3
7189,8189,2024-11-28,49.0,M,Silver,Abbigliamento,Maglione,117,1,117,CreditCard,Milano,0,DHL,2,7
7190,8190,2024-02-14,,M,Silver,Abbigliamento,Jeans,165,2,330,PayPal,Bologna,0,DHL,3,7
7191,8191,2024-08-28,18.0,M,Basic,Sport,Borraccia,105,3,315,CreditCard,Bologna,1,BRT,1,6
7192,8192,2024-10-23,,M,Basic,Abbigliamento,Giacca,166,2,332,PayPal,Napoli,0,Poste,6,9
7193,8193,2024-07-19,31.0,F,Basic,Elettronica,Laptop,621,3,1863,CreditCard,Torino,0,BRT,3,8
7194,8194,2024-03-29,43.0,M,Basic,Sport,Pallone,110,1,110,PayPal,Bologna,1,DHL,3,5
7195,8195,2024-04-06,60.0,F,Gold,Casa,Pentola,55,1,55,BankTransfer,Bologna,0,BRT,5,2
7196,8196,2024-09-25,23.0,F,Silver,Casa,Lampada,119,2,238,CreditCard,Torino,1,Poste,6,6
7197,8197,2024-10-25,18.0,F,Basic,Abbigliamento,Maglione,138,1,138,BankTransfer,Bologna,0,BRT,3,3
7198,8198,2024-10-26,18.0,M,Silver,Elettronica,Cuffie,596,3,1788,Cash,Napoli,0,DHL,2,9
7199,8199,2024-08-19,18.0,M,Silver,Abbigliamento,Maglione,39,1,39,BankTransfer,Bologna,0,GLS,2,5
7200,8200,2024-11-26,18.0,F,Silver,Sport,Pallone,73,3,219,PayPal,Roma,1,BRT,2,13
7201,8201,2024-11-15,49.0,F,Silver,Elettronica,Laptop,680,5,3400,PayPal,Bologna,0,GLS,4,14
7202,8202,2024-05-27,49.0,M,Silver,Abbigliamento,Maglione,178,4,712,PayPal,Roma,1,DHL,2,14
7203,8203,2024-12-21,30.0,M,Silver,Casa,Pentola,136,2,272,CreditCard,Torino,1,GLS,4,0
7204,8204,2024-02-23,29.0,F,Basic,Libri,Romanzo,38,2,76,CreditCard,Roma,0,DHL,2,2
7205,8205,2024-10-31,33.0,F,Basic,Casa,Tappeto,101,1,101,CreditCard,Bologna,1,GLS,3,16
7206,8206,2024-04-01,52.0,F,Basic,Casa,Pentola,88,1,88,PayPal,Roma,0,BRT,2,2
7207,8207,2024-04-28,46.0,F,Silver,Elettronica,Laptop,769,1,769,CreditCard,Milano,1,GLS,3,0
7208,8208,2024-06-12,43.0,M,Silver,Casa,Pentola,132,1,132,PayPal,Torino,0,Poste,5,1
7209,8209,2024-12-05,31.0,F,Silver,Elettronica,Smartphone,262,2,524,BankTransfer,Milano,1,GLS,4,6
7210,8210,2024-10-16,31.0,F,Silver,Libri,Guida,46,1,46,CreditCard,Milano,0,DHL,3,2
7211,8211,2024-03-24,18.0,F,Basic,Libri,Manuale,8,3,24,PayPal,Torino,1,GLS,5,10
7212,8212,2024-03-12,18.0,M,Silver,Elettronica,Smartwatch,226,1,226,PayPal,Roma,0,Poste,9,3
7213,8213,2024-10-23,40.0,F,Silver,Sport,Tappetino Yoga,137,1,137,BankTransfer,Roma,0,DHL,1,1
7214,8214,2024-08-10,18.0,M,Silver,Libri,Manuale,34,1,34,PayPal,Bologna,0,BRT,5,2
7215,8215,2024-01-19,28.0,M,Silver,Sport,Borraccia,111,2,222,BankTransfer,Roma,1,BRT,6,10
7216,8216,2024-01-15,37.0,M,Silver,Abbigliamento,Giacca,119,2,238,PayPal,Roma,1,GLS,4,4
7217,8217,2024-11-05,44.0,M,Basic,Sport,Tappetino Yoga,59,2,118,Cash,Milano,0,Poste,6,9
7218,8218,2024-03-20,43.0,F,Gold,Casa,Cuscino,41,2,82,CreditCard,Napoli,1,BRT,1,6
7219,8219,2024-06-12,30.0,F,Basic,Sport,Tappetino Yoga,176,1,176,BankTransfer,Milano,0,DHL,2,0
7220,8220,2024-01-09,29.0,F,Basic,Sport,Manubri,103,2,206,Cash,Napoli,0,Poste,1,0
7221,8221,2024-12-20,50.0,F,Silver,Elettronica,Laptop,339,1,339,BankTransfer,Roma,0,Poste,8,5
7222,8222,2024-01-06,51.0,F,Basic,Casa,Cuscino,125,2,250,BankTransfer,Roma,0,DHL,2,5
7223,8223,2024-02-18,24.0,F,Silver,Elettronica,Smartwatch,267,1,267,CreditCard,Milano,0,DHL,3,6
7224,8224,2024-07-02,24.0,F,Basic,Abbigliamento,T-shirt,161,1,161,CreditCard,Torino,0,BRT,4,4
7225,8225,2024-04-22,,M,Gold,Casa,Lampada,59,3,177,BankTransfer,Torino,0,DHL,3,13
7226,8226,2024-10-17,61.0,M,Gold,Libri,Manuale,43,2,86,CreditCard,Milano,0,GLS,4,10
7227,8227,2024-07-24,,M,Basic,Abbigliamento,Giacca,166,3,498,CreditCard,Milano,1,DHL,2,10
7228,8228,2024-02-09,28.0,F,Silver,Casa,Pentola,55,2,110,BankTransfer,Milano,1,BRT,1,11
7229,8229,2024-02-04,,F,Gold,Sport,Pallone,83,1,83,BankTransfer,Milano,1,Poste,8,2
7230,8230,2024-06-17,41.0,F,Silver,Casa,Coperta,84,3,252,Cash,Milano,0,BRT,3,16
7231,8231,2024-02-20,42.0,M,Silver,Elettronica,Laptop,627,4,2508,BankTransfer,Milano,0,BRT,3,11
7232,8232,2024-09-26,18.0,F,Silver,Elettronica,Laptop,586,4,2344,PayPal,Bologna,1,DHL,2,13
7233,8233,2024-07-25,49.0,F,Basic,Abbigliamento,Giacca,173,1,173,BankTransfer,Roma,0,BRT,4,9
7234,8234,2024-03-10,42.0,M,Silver,Libri,Guida,43,4,172,CreditCard,Roma,0,GLS,3,17
7235,8235,2024-03-23,52.0,M,Gold,Libri,Manuale,44,2,88,Cash,Torino,1,Poste,4,8
7236,8236,2024-05-24,,M,Silver,Libri,Enciclopedia,16,1,16,CreditCard,Milano,0,BRT,2,6
7237,8237,2024-12-07,,F,Silver,Sport,Tappetino Yoga,82,2,164,Cash,Milano,1,BRT,5,15
7238,8238,2024-12-24,40.0,M,Basic,Abbigliamento,T-shirt,82,3,246,CreditCard,Roma,0,GLS,3,3
7239,8239,2024-12-27,23.0,M,Basic,Abbigliamento,Scarpe,109,1,109,BankTransfer,Milano,0,GLS,3,5
7240,8240,2024-05-10,56.0,F,Silver,Sport,Borraccia,101,1,101,BankTransfer,Bologna,0,Poste,8,8
7241,8241,2024-12-13,18.0,F,Gold,Libri,Guida,15,2,30,CreditCard,Milano,0,BRT,4,4
7242,8242,2024-10-15,42.0,M,Gold,Abbigliamento,Scarpe,150,1,150,PayPal,Torino,0,GLS,3,6
7243,8243,2024-11-05,44.0,M,Gold,Libri,Manuale,28,5,140,PayPal,Milano,0,GLS,2,14
7244,8244,2024-04-25,33.0,F,Basic,Casa,Pentola,19,1,19,CreditCard,Roma,0,Poste,1,4
7245,8245,2024-02-20,43.0,F,Basic,Elettronica,Smartphone,643,2,1286,Cash,Milano,1,DHL,3,2
7246,8246,2024-11-14,26.0,F,Basic,Sport,Tappetino Yoga,60,1,60,CreditCard,Roma,1,Poste,6,10
7247,8247,2024-06-02,63.0,M,Gold,Elettronica,Smartphone,315,1,315,PayPal,Torino,0,GLS,2,6
7248,8248,2024-10-28,56.0,F,Basic,Elettronica,Laptop,205,2,410,BankTransfer,Napoli,0,Poste,2,2
7249,8249,2024-11-09,,F,Silver,Sport,Scarpe Running,177,3,531,PayPal,Torino,0,BRT,3,2
7250,8250,2024-07-09,57.0,M,Gold,Libri,Guida,37,1,37,CreditCard,Roma,0,Poste,1,3
7251,8251,2024-01-16,41.0,M,Silver,Casa,Cuscino,121,1,121,CreditCard,Napoli,1,GLS,3,4
7252,8252,2024-12-19,18.0,F,Basic,Casa,Pentola,87,2,174,PayPal,Torino,1,GLS,4,2
7253,8253,2024-09-14,49.0,M,Basic,Casa,Cuscino,21,2,42,Cash,Napoli,0,BRT,5,6
7254,8254,2024-09-12,44.0,F,Gold,Sport,Scarpe Running,133,3,399,CreditCard,Roma,0,BRT,3,11
7255,8255,2024-08-22,21.0,M,Basic,Sport,Scarpe Running,117,2,234,Cash,Torino,1,GLS,3,9
7256,8256,2024-10-09,35.0,F,Basic,Libri,Enciclopedia,48,2,96,Cash,Roma,0,GLS,4,7
7257,8257,2024-04-08,58.0,M,Gold,Elettronica,Tablet,473,3,1419,CreditCard,Milano,0,GLS,4,10
7258,8258,2024-02-03,37.0,F,Basic,Casa,Lampada,29,3,87,CreditCard,Milano,0,Poste,8,14
7259,8259,2024-08-26,49.0,M,Basic,Abbigliamento,Maglione,167,1,167,Cash,Roma,0,DHL,2,6
7260,8260,2024-02-08,48.0,F,Silver,Elettronica,Tablet,338,5,1690,BankTransfer,Milano,0,GLS,3,10
7261,8261,2024-10-07,23.0,M,Basic,Libri,Enciclopedia,12,1,12,BankTransfer,Bologna,0,BRT,5,0
7262,8262,2024-08-29,43.0,M,Silver,Elettronica,Tablet,71,4,284,PayPal,Roma,1,GLS,4,7
7263,8263,2024-04-16,45.0,F,Silver,Elettronica,Smartphone,75,2,150,BankTransfer,Torino,0,BRT,5,5
7264,8264,2024-08-11,45.0,F,Silver,Abbigliamento,Jeans,142,2,284,PayPal,Torino,1,Poste,1,7
7265,8265,2024-11-07,18.0,M,Basic,Abbigliamento,Jeans,168,2,336,Cash,Roma,1,BRT,4,6
7266,8266,2024-11-23,33.0,F,Silver,Sport,Tappetino Yoga,166,3,498,PayPal,Roma,0,GLS,3,10
7267,8267,2024-09-07,18.0,M,Basic,Sport,Manubri,167,1,167,PayPal,Roma,0,GLS,3,0
7268,8268,2024-08-15,,F,Silver,Libri,Enciclopedia,28,1,28,PayPal,Milano,0,GLS,4,8
7269,8269,2024-12-10,44.0,F,Basic,Sport,Borraccia,70,4,280,PayPal,Napoli,0,Poste,1,14
7270,8270,2024-06-03,,M,Gold,Elettronica,Smartphone,334,1,334,BankTransfer,Milano,0,BRT,3,4
7271,8271,2024-07-25,38.0,F,Silver,Abbigliamento,Scarpe,71,1,71,CreditCard,Torino,0,GLS,2,1
7272,8272,2024-12-21,,F,Gold,Abbigliamento,Scarpe,182,3,546,CreditCard,Roma,1,BRT,2,3
7273,8273,2024-10-20,34.0,F,Basic,Elettronica,Tablet,723,4,2892,BankTransfer,Bologna,0,Poste,5,21
7274,8274,2024-12-04,23.0,F,Basic,Libri,Romanzo,44,1,44,BankTransfer,Napoli,1,GLS,2,3
7275,8275,2024-09-15,33.0,F,Basic,Elettronica,Smartphone,703,1,703,CreditCard,Milano,0,DHL,2,2
7276,8276,2024-11-09,22.0,M,Basic,Sport,Manubri,85,1,85,Cash,Roma,0,BRT,3,0
7277,8277,2024-08-01,,M,Silver,Elettronica,Smartwatch,592,4,2368,CreditCard,Bologna,0,BRT,2,16
7278,8278,2024-06-02,37.0,F,Silver,Sport,Borraccia,159,1,159,CreditCard,Milano,0,GLS,4,5
7279,8279,2024-02-18,29.0,M,Silver,Elettronica,Tablet,211,2,422,Cash,Napoli,0,BRT,3,13
7280,8280,2024-04-19,39.0,F,Basic,Abbigliamento,T-shirt,30,2,60,CreditCard,Bologna,1,BRT,1,3
7281,8281,2024-08-29,68.0,M,Basic,Libri,Romanzo,19,2,38,CreditCard,Roma,1,DHL,2,0
7282,8282,2024-05-22,,M,Silver,Abbigliamento,T-shirt,99,1,99,BankTransfer,Milano,0,BRT,7,5
7283,8283,2024-10-19,75.0,M,Basic,Casa,Pentola,96,2,192,PayPal,Roma,0,GLS,5,9
7284,8284,2024-08-25,21.0,F,Basic,Elettronica,Laptop,798,1,798,PayPal,Torino,0,BRT,5,4
7285,8285,2024-02-19,43.0,F,Basic,Casa,Pentola,113,1,113,CreditCard,Roma,0,GLS,4,0
7286,8286,2024-06-09,33.0,M,Gold,Sport,Manubri,96,3,288,CreditCard,Bologna,0,BRT,2,13
7287,8287,2024-03-27,41.0,M,Basic,Casa,Cuscino,15,2,30,CreditCard,Milano,1,Poste,5,0
7288,8288,2024-11-28,46.0,F,Basic,Libri,Manuale,18,3,54,PayPal,Torino,0,Poste,2,8
7289,8289,2024-04-14,,M,Basic,Casa,Coperta,85,2,170,CreditCard,Roma,0,GLS,4,6
7290,8290,2024-07-15,30.0,F,Silver,Sport,Manubri,66,3,198,CreditCard,Roma,1,Poste,4,11
7291,8291,2024-01-25,28.0,M,Basic,Libri,Fumetto,46,4,184,BankTransfer,Torino,1,DHL,2,18
7292,8292,2024-08-29,,M,Gold,Casa,Lampada,17,3,51,CreditCard,Roma,1,BRT,5,10
7293,8293,2024-07-31,40.0,F,Silver,Abbigliamento,Scarpe,31,3,93,CreditCard,Napoli,0,GLS,4,10
7294,8294,2024-01-14,35.0,F,Silver,Abbigliamento,Scarpe,162,2,324,PayPal,Torino,0,BRT,5,4
7295,8295,2024-07-08,,F,Basic,Abbigliamento,Maglione,80,1,80,CreditCard,Torino,1,BRT,4,10
7296,8296,2024-09-20,51.0,F,Gold,Abbigliamento,Scarpe,188,1,188,PayPal,Torino,1,Poste,4,8
7297,8297,2024-01-25,22.0,M,Basic,Abbigliamento,T-shirt,109,2,218,PayPal,Bologna,1,BRT,3,5
7298,8298,2024-03-12,,M,Basic,Elettronica,Tablet,211,1,211,CreditCard,Napoli,0,BRT,1,1
7299,8299,2024-12-31,63.0,F,Silver,Sport,Scarpe Running,22,1,22,Cash,Torino,0,DHL,2,4
7300,8300,2024-08-17,30.0,F,Silver,Libri,Enciclopedia,38,1,38,PayPal,Torino,0,BRT,3,5
7301,8301,2024-03-13,63.0,M,Gold,Libri,Romanzo,33,2,66,CreditCard,Roma,0,GLS,5,10
7302,8302,2024-07-25,30.0,M,Basic,Elettronica,Tablet,333,1,333,PayPal,Torino,1,DHL,2,3
7303,8303,2024-09-03,29.0,F,Basic,Sport,Scarpe Running,118,1,118,PayPal,Milano,0,Poste,5,0
7304,8304,2024-12-23,,F,Basic,Abbigliamento,Jeans,200,2,400,BankTransfer,Roma,0,BRT,2,0
7305,8305,2024-10-19,39.0,M,Basic,Elettronica,Smartwatch,481,1,481,CreditCard,Roma,0,GLS,5,6
7306,8306,2024-02-07,,M,Basic,Libri,Guida,25,2,50,PayPal,Milano,0,GLS,4,5
7307,8307,2024-01-14,41.0,M,Silver,Abbigliamento,Giacca,176,1,176,Cash,Napoli,0,DHL,2,2
7308,8308,2024-06-30,45.0,M,Gold,Casa,Coperta,121,3,363,PayPal,Napoli,0,Poste,7,18
7309,8309,2024-12-28,46.0,F,Silver,Sport,Tappetino Yoga,113,2,226,CreditCard,Roma,0,GLS,3,10
7310,8310,2024-09-13,40.0,M,Basic,Sport,Borraccia,20,1,20,PayPal,Bologna,0,DHL,3,2
7311,8311,2024-04-04,22.0,M,Basic,Casa,Tappeto,107,4,428,PayPal,Milano,1,GLS,3,12
7312,8312,2024-04-22,53.0,F,Silver,Libri,Manuale,20,2,40,PayPal,Napoli,0,BRT,1,11
7313,8313,2024-03-07,30.0,M,Basic,Abbigliamento,Maglione,21,1,21,CreditCard,Roma,1,GLS,3,3
7314,8314,2024-11-26,19.0,M,Basic,Elettronica,Tablet,609,3,1827,Cash,Roma,0,BRT,2,8
7315,8315,2024-05-08,25.0,F,Basic,Abbigliamento,T-shirt,99,1,99,Cash,Torino,1,GLS,3,4
7316,8316,2024-03-31,25.0,M,Basic,Sport,Manubri,82,3,246,CreditCard,Milano,0,Poste,10,14
7317,8317,2024-05-20,,M,Basic,Abbigliamento,Jeans,74,1,74,CreditCard,Bologna,1,BRT,3,0
7318,8318,2024-09-19,72.0,M,Silver,Abbigliamento,T-shirt,71,3,213,CreditCard,Napoli,0,DHL,2,11
7319,8319,2024-10-01,,M,Silver,Libri,Romanzo,50,5,250,CreditCard,Milano,1,BRT,4,18
7320,8320,2024-11-22,38.0,M,Gold,Abbigliamento,Giacca,86,2,172,PayPal,Roma,0,BRT,4,0
7321,8321,2024-11-15,45.0,F,Basic,Abbigliamento,Scarpe,117,2,234,CreditCard,Napoli,0,BRT,4,4
7322,8322,2024-10-08,25.0,M,Basic,Sport,Scarpe Running,52,2,104,BankTransfer,Roma,1,DHL,2,8
7323,8323,2024-09-28,30.0,F,Basic,Sport,Scarpe Running,151,1,151,BankTransfer,Bologna,1,Poste,5,2
7324,8324,2024-12-15,43.0,M,Silver,Abbigliamento,T-shirt,99,1,99,BankTransfer,Bologna,0,BRT,1,6
7325,8325,2024-03-09,29.0,F,Silver,Abbigliamento,Maglione,199,4,796,BankTransfer,Milano,0,GLS,3,13
7326,8326,2024-12-29,30.0,F,Basic,Elettronica,Laptop,624,1,624,Cash,Milano,0,GLS,3,9
7327,8327,2024-08-16,23.0,M,Basic,Abbigliamento,Giacca,147,1,147,PayPal,Bologna,1,DHL,3,4
7328,8328,2024-02-17,49.0,M,Silver,Libri,Fumetto,39,1,39,BankTransfer,Milano,0,BRT,1,5
7329,8329,2024-12-16,52.0,M,Basic,Elettronica,Smartwatch,68,1,68,CreditCard,Milano,1,GLS,3,5
7330,8330,2024-02-25,53.0,F,Basic,Casa,Coperta,63,1,63,Cash,Roma,1,GLS,3,0
7331,8331,2024-06-20,48.0,F,Basic,Casa,Cuscino,76,4,304,CreditCard,Torino,0,GLS,4,14
7332,8332,2024-06-05,55.0,F,Basic,Casa,Coperta,140,1,140,CreditCard,Napoli,0,GLS,3,0
7333,8333,2024-03-24,72.0,M,Gold,Abbigliamento,Giacca,33,4,132,Cash,Milano,0,DHL,3,8
7334,8334,2024-05-18,,M,Basic,Abbigliamento,Maglione,154,2,308,BankTransfer,Napoli,0,Poste,8,0
7335,8335,2024-11-25,,M,Basic,Libri,Fumetto,8,1,8,CreditCard,Roma,0,GLS,4,11
7336,8336,2024-12-18,29.0,M,Basic,Libri,Romanzo,13,2,26,CreditCard,Roma,1,BRT,2,13
7337,8337,2024-06-05,70.0,M,Basic,Elettronica,Tablet,354,2,708,CreditCard,Milano,0,BRT,3,7
7338,8338,2024-03-23,43.0,M,Silver,Sport,Tappetino Yoga,90,1,90,CreditCard,Milano,0,GLS,3,0
7339,8339,2024-03-19,,M,Basic,Sport,Manubri,111,1,111,CreditCard,Bologna,1,GLS,5,6
7340,8340,2024-12-23,42.0,M,Silver,Sport,Scarpe Running,81,1,81,Cash,Milano,0,DHL,2,2
7341,8341,2024-06-09,33.0,F,Basic,Casa,Lampada,24,1,24,BankTransfer,Napoli,1,Poste,5,0
7342,8342,2024-02-20,41.0,F,Silver,Libri,Romanzo,50,5,250,Cash,Roma,0,BRT,2,20
7343,8343,2024-03-30,28.0,F,Silver,Sport,Pallone,120,5,600,CreditCard,Bologna,1,Poste,3,14
7344,8344,2024-05-16,,F,Basic,Abbigliamento,Maglione,97,4,388,Cash,Roma,0,BRT,4,11
7345,8345,2024-07-17,53.0,F,Gold,Sport,Pallone,97,1,97,CreditCard,Bologna,0,GLS,4,0
7346,8346,2024-03-11,,F,Silver,Casa,Lampada,142,1,142,BankTransfer,Roma,0,BRT,5,6
7347,8347,2024-08-10,18.0,F,Basic,Elettronica,Smartwatch,116,1,116,Cash,Torino,0,GLS,3,5
7348,8348,2024-07-25,35.0,F,Gold,Abbigliamento,Scarpe,157,2,314,CreditCard,Roma,0,BRT,2,10
7349,8349,2024-12-25,20.0,F,Silver,Libri,Guida,47,1,47,Cash,Napoli,1,DHL,3,3
7350,8350,2024-02-18,,F,Silver,Libri,Enciclopedia,25,1,25,Cash,Roma,0,BRT,4,1
7351,8351,2024-10-24,72.0,M,Gold,Casa,Pentola,141,5,705,CreditCard,Roma,1,GLS,3,7
7352,8352,2024-09-15,32.0,F,Basic,Sport,Pallone,146,4,584,CreditCard,Milano,1,GLS,5,12
7353,8353,2024-07-20,30.0,F,Basic,Libri,Fumetto,15,1,15,CreditCard,Milano,1,BRT,3,12
7354,8354,2024-06-12,18.0,F,Basic,Libri,Guida,9,1,9,PayPal,Milano,0,GLS,3,2
7355,8355,2024-06-05,44.0,F,Silver,Abbigliamento,T-shirt,111,2,222,Cash,Napoli,0,DHL,1,0
7356,8356,2024-09-26,18.0,F,Gold,Sport,Tappetino Yoga,176,1,176,BankTransfer,Milano,0,GLS,4,3
7357,8357,2024-03-01,37.0,F,Gold,Casa,Coperta,80,2,160,CreditCard,Roma,0,GLS,3,5
7358,8358,2024-02-07,42.0,F,Basic,Libri,Romanzo,39,4,156,CreditCard,Milano,0,BRT,5,14
7359,8359,2024-12-12,18.0,M,Basic,Casa,Coperta,23,4,92,PayPal,Torino,0,BRT,3,17
7360,8360,2024-03-14,65.0,F,Basic,Abbigliamento,Giacca,86,2,172,BankTransfer,Roma,1,BRT,1,11
7361,8361,2024-07-19,22.0,M,Basic,Abbigliamento,Jeans,16,2,32,CreditCard,Napoli,0,BRT,2,4
7362,8362,2024-08-21,51.0,M,Gold,Libri,Fumetto,22,2,44,BankTransfer,Napoli,0,GLS,3,6
7363,8363,2024-03-19,27.0,F,Basic,Casa,Pentola,37,3,111,Cash,Roma,0,Poste,6,16
7364,8364,2024-10-21,18.0,F,Silver,Casa,Lampada,106,1,106,PayPal,Torino,0,DHL,2,9
7365,8365,2024-01-23,,F,Gold,Elettronica,Tablet,302,1,302,Cash,Milano,0,GLS,5,4
7366,8366,2024-11-09,38.0,F,Basic,Abbigliamento,T-shirt,59,4,236,CreditCard,Torino,1,GLS,5,18
7367,8367,2024-07-18,34.0,F,Basic,Sport,Tappetino Yoga,40,2,80,Cash,Bologna,0,BRT,2,1
7368,8368,2024-07-22,41.0,F,Silver,Sport,Borraccia,59,1,59,Cash,Bologna,1,DHL,2,2
7369,8369,2024-03-12,,F,Basic,Casa,Lampada,136,2,272,PayPal,Roma,1,GLS,3,3
7370,8370,2024-12-17,21.0,F,Basic,Casa,Tappeto,79,3,237,CreditCard,Milano,1,BRT,5,11
7371,8371,2024-11-02,18.0,M,Silver,Elettronica,Smartwatch,661,1,661,BankTransfer,Roma,0,BRT,2,3
7372,8372,2024-12-08,,M,Silver,Elettronica,Cuffie,167,1,167,CreditCard,Bologna,0,Poste,3,2
7373,8373,2024-03-30,18.0,M,Basic,Abbigliamento,Giacca,122,1,122,BankTransfer,Bologna,0,GLS,4,7
7374,8374,2024-10-05,34.0,F,Silver,Sport,Tappetino Yoga,121,3,363,CreditCard,Roma,0,BRT,1,5
7375,8375,2024-10-21,43.0,M,Basic,Sport,Manubri,176,1,176,PayPal,Torino,0,GLS,4,0
7376,8376,2024-10-14,27.0,M,Gold,Sport,Scarpe Running,92,1,92,Cash,Milano,0,BRT,6,4
7377,8377,2024-12-14,27.0,F,Silver,Sport,Manubri,128,3,384,BankTransfer,Roma,0,DHL,3,5
7378,8378,2024-09-04,18.0,M,Basic,Sport,Pallone,178,2,356,BankTransfer,Roma,0,BRT,1,4
7379,8379,2024-03-02,38.0,F,Basic,Elettronica,Tablet,250,1,250,CreditCard,Torino,0,GLS,2,0
7380,8380,2024-11-05,,F,Gold,Casa,Cuscino,30,1,30,BankTransfer,Milano,0,Poste,8,10
7381,8381,2024-05-31,,F,Silver,Libri,Manuale,40,2,80,Cash,Milano,0,BRT,3,12
7382,8382,2024-02-07,41.0,M,Basic,Elettronica,Tablet,651,4,2604,CreditCard,Torino,1,Poste,8,17
7383,8383,2024-12-05,61.0,M,Silver,Casa,Pentola,45,1,45,PayPal,Bologna,0,Poste,5,7
7384,8384,2024-08-06,18.0,F,Basic,Elettronica,Cuffie,197,3,591,PayPal,Torino,1,BRT,3,7
7385,8385,2024-08-23,51.0,F,Silver,Casa,Pentola,132,2,264,CreditCard,Torino,0,GLS,4,6
7386,8386,2024-10-07,31.0,F,Silver,Casa,Tappeto,139,5,695,Cash,Roma,1,BRT,4,10
7387,8387,2024-06-27,,M,Basic,Libri,Manuale,25,1,25,Cash,Bologna,0,BRT,1,2
7388,8388,2024-04-18,29.0,F,Basic,Abbigliamento,T-shirt,64,2,128,CreditCard,Napoli,1,GLS,3,7
7389,8389,2024-01-11,35.0,F,Basic,Elettronica,Laptop,580,3,1740,PayPal,Torino,0,GLS,4,4
7390,8390,2024-07-12,27.0,F,Silver,Elettronica,Smartwatch,795,2,1590,CreditCard,Bologna,1,BRT,2,2
7391,8391,2024-02-10,44.0,M,Basic,Elettronica,Laptop,54,1,54,CreditCard,Bologna,0,Poste,2,1
7392,8392,2024-11-26,18.0,M,Basic,Libri,Fumetto,12,2,24,PayPal,Bologna,0,Poste,5,6
7393,8393,2024-12-22,,M,Basic,Libri,Fumetto,20,1,20,PayPal,Torino,1,BRT,1,1
7394,8394,2024-08-30,43.0,M,Basic,Casa,Coperta,60,2,120,BankTransfer,Milano,1,Poste,7,11
7395,8395,2024-02-27,70.0,M,Silver,Elettronica,Tablet,76,3,228,BankTransfer,Milano,0,BRT,2,7
7396,8396,2024-04-09,51.0,F,Gold,Abbigliamento,Giacca,131,2,262,BankTransfer,Roma,0,BRT,1,5
7397,8397,2024-03-16,18.0,F,Silver,Sport,Scarpe Running,28,5,140,BankTransfer,Napoli,0,Poste,3,16
7398,8398,2024-07-13,18.0,M,Silver,Elettronica,Smartphone,581,1,581,BankTransfer,Milano,0,Poste,5,0
7399,8399,2024-03-20,,F,Basic,Casa,Tappeto,104,1,104,CreditCard,Napoli,1,GLS,4,1
7400,8400,2024-08-25,44.0,F,Basic,Elettronica,Cuffie,179,1,179,Cash,Bologna,0,GLS,3,12
7401,8401,2024-12-28,51.0,F,Gold,Casa,Coperta,24,1,24,BankTransfer,Torino,0,Poste,2,1
7402,8402,2024-03-25,51.0,F,Gold,Libri,Fumetto,32,4,128,PayPal,Torino,0,GLS,1,8
7403,8403,2024-05-04,35.0,M,Basic,Casa,Tappeto,94,2,188,Cash,Torino,0,DHL,2,5
7404,8404,2024-03-10,66.0,F,Silver,Abbigliamento,T-shirt,106,3,318,PayPal,Roma,1,BRT,2,12
7405,8405,2024-10-03,25.0,M,Basic,Abbigliamento,T-shirt,49,1,49,CreditCard,Torino,0,Poste,4,0
7406,8406,2024-09-22,39.0,F,Basic,Casa,Cuscino,102,1,102,BankTransfer,Torino,0,GLS,4,4
7407,8407,2024-07-06,36.0,F,Gold,Libri,Manuale,20,1,20,CreditCard,Napoli,0,GLS,3,0
7408,8408,2024-07-25,23.0,M,Basic,Sport,Manubri,152,1,152,Cash,Bologna,0,Poste,3,1
7409,8409,2024-03-27,34.0,M,Basic,Casa,Lampada,79,2,158,BankTransfer,Roma,1,DHL,2,1
7410,8410,2024-07-01,54.0,M,Basic,Libri,Guida,44,2,88,PayPal,Milano,0,BRT,4,11
7411,8411,2024-03-03,52.0,F,Gold,Abbigliamento,T-shirt,132,4,528,CreditCard,Torino,0,BRT,4,8
7412,8412,2024-09-20,19.0,F,Silver,Sport,Manubri,134,1,134,Cash,Bologna,0,Poste,4,3
7413,8413,2024-12-01,42.0,F,Basic,Sport,Borraccia,32,4,128,CreditCard,Milano,0,BRT,5,16
7414,8414,2024-01-23,45.0,M,Basic,Casa,Coperta,42,2,84,PayPal,Bologna,0,GLS,3,0
7415,8415,2024-09-18,57.0,M,Basic,Abbigliamento,Scarpe,106,1,106,CreditCard,Roma,0,BRT,3,2
7416,8416,2024-07-26,,M,Basic,Casa,Pentola,14,1,14,Cash,Torino,0,BRT,3,3
7417,8417,2024-04-20,44.0,M,Basic,Sport,Pallone,77,1,77,PayPal,Torino,0,BRT,3,0
7418,8418,2024-08-13,,M,Silver,Elettronica,Smartwatch,131,2,262,PayPal,Milano,1,BRT,1,4
7419,8419,2024-03-23,18.0,M,Basic,Sport,Scarpe Running,34,1,34,CreditCard,Torino,0,BRT,6,5
7420,8420,2024-07-16,,F,Basic,Casa,Coperta,123,4,492,PayPal,Napoli,0,BRT,2,16
7421,8421,2024-10-19,,M,Basic,Sport,Tappetino Yoga,96,1,96,CreditCard,Bologna,1,Poste,4,0
7422,8422,2024-05-29,43.0,F,Basic,Elettronica,Smartphone,510,2,1020,CreditCard,Torino,1,GLS,3,6
7423,8423,2024-10-09,70.0,F,Gold,Elettronica,Smartphone,578,1,578,PayPal,Milano,0,BRT,5,3
7424,8424,2024-11-27,58.0,M,Basic,Abbigliamento,Maglione,136,1,136,CreditCard,Milano,0,DHL,2,2
7425,8425,2024-03-31,51.0,F,Silver,Abbigliamento,Maglione,178,2,356,Cash,Napoli,0,DHL,2,10
7426,8426,2024-09-23,31.0,F,Silver,Abbigliamento,Giacca,116,2,232,CreditCard,Napoli,1,DHL,3,5
7427,8427,2024-01-09,35.0,M,Gold,Elettronica,Tablet,107,3,321,BankTransfer,Milano,0,BRT,3,10
7428,8428,2024-10-15,37.0,M,Gold,Sport,Pallone,145,1,145,PayPal,Torino,0,BRT,3,4
7429,8429,2024-01-14,44.0,F,Basic,Abbigliamento,T-shirt,34,1,34,CreditCard,Roma,1,GLS,3,3
7430,8430,2024-03-07,22.0,M,Basic,Libri,Manuale,35,2,70,CreditCard,Bologna,1,Poste,2,10
7431,8431,2024-05-06,45.0,F,Basic,Casa,Pentola,146,2,292,CreditCard,Napoli,1,GLS,3,8
7432,8432,2024-09-05,22.0,M,Basic,Sport,Scarpe Running,150,1,150,BankTransfer,Torino,1,BRT,2,8
7433,8433,2024-12-24,72.0,F,Gold,Elettronica,Smartwatch,583,1,583,Cash,Bologna,0,DHL,2,8
7434,8434,2024-12-11,35.0,M,Basic,Sport,Tappetino Yoga,57,1,57,Cash,Milano,0,Poste,5,4
7435,8435,2024-01-21,31.0,M,Basic,Libri,Romanzo,30,1,30,CreditCard,Roma,0,Poste,4,0
7436,8436,2024-03-28,39.0,M,Basic,Abbigliamento,T-shirt,189,1,189,CreditCard,Napoli,0,GLS,4,3
7437,8437,2024-04-01,22.0,F,Silver,Casa,Pentola,120,1,120,PayPal,Milano,0,BRT,2,6
7438,8438,2024-03-17,38.0,F,Basic,Elettronica,Tablet,745,4,2980,CreditCard,Bologna,1,Poste,6,15
7439,8439,2024-12-02,25.0,F,Basic,Libri,Enciclopedia,32,1,32,Cash,Bologna,0,BRT,5,6
7440,8440,2024-05-06,24.0,F,Basic,Libri,Manuale,24,1,24,PayPal,Napoli,0,BRT,2,4
7441,8441,2024-01-30,,M,Gold,Sport,Tappetino Yoga,53,2,106,BankTransfer,Roma,0,BRT,4,4
7442,8442,2024-01-11,42.0,F,Silver,Elettronica,Smartwatch,353,2,706,PayPal,Bologna,0,BRT,4,4
7443,8443,2024-06-14,37.0,F,Basic,Abbigliamento,T-shirt,83,1,83,Cash,Roma,0,DHL,2,1
7444,8444,2024-01-30,20.0,M,Basic,Sport,Borraccia,95,1,95,CreditCard,Torino,1,Poste,1,0
7445,8445,2024-04-09,26.0,M,Basic,Elettronica,Laptop,226,2,452,Cash,Roma,0,BRT,6,9
7446,8446,2024-08-15,29.0,M,Basic,Abbigliamento,Jeans,68,2,136,CreditCard,Milano,0,BRT,3,7
7447,8447,2024-12-07,,F,Silver,Libri,Guida,46,1,46,BankTransfer,Milano,1,GLS,4,9
7448,8448,2024-12-25,33.0,F,Basic,Abbigliamento,Jeans,193,4,772,BankTransfer,Roma,1,BRT,2,8
7449,8449,2024-07-05,42.0,F,Basic,Abbigliamento,Jeans,172,1,172,BankTransfer,Napoli,0,BRT,5,2
7450,8450,2024-11-10,30.0,F,Basic,Abbigliamento,T-shirt,32,1,32,PayPal,Roma,0,BRT,5,8
7451,8451,2024-09-14,54.0,F,Silver,Libri,Romanzo,34,4,136,CreditCard,Torino,0,BRT,3,16
7452,8452,2024-01-13,22.0,F,Gold,Libri,Romanzo,43,2,86,Cash,Milano,0,BRT,2,7
7453,8453,2024-08-29,53.0,F,Basic,Casa,Cuscino,133,1,133,PayPal,Bologna,0,DHL,2,3
7454,8454,2024-02-27,43.0,F,Silver,Elettronica,Cuffie,140,1,140,Cash,Torino,0,BRT,2,6
7455,8455,2024-12-21,33.0,F,Basic,Elettronica,Smartphone,328,1,328,CreditCard,Torino,0,BRT,1,2
7456,8456,2024-06-07,41.0,M,Basic,Abbigliamento,Giacca,70,3,210,CreditCard,Torino,0,GLS,4,7
7457,8457,2024-12-29,45.0,F,Silver,Libri,Romanzo,39,1,39,CreditCard,Torino,0,GLS,3,3
7458,8458,2024-07-29,38.0,M,Silver,Elettronica,Tablet,678,2,1356,PayPal,Bologna,0,GLS,2,8
7459,8459,2024-12-26,,F,Gold,Libri,Romanzo,45,1,45,Cash,Roma,0,GLS,3,5
7460,8460,2024-07-02,24.0,M,Basic,Elettronica,Laptop,267,4,1068,Cash,Milano,0,BRT,2,21
7461,8461,2024-06-23,29.0,M,Basic,Abbigliamento,Jeans,175,2,350,Cash,Torino,0,BRT,1,1
7462,8462,2024-10-30,20.0,M,Basic,Casa,Cuscino,39,1,39,CreditCard,Milano,1,GLS,5,3
7463,8463,2024-03-10,39.0,M,Gold,Abbigliamento,Giacca,76,2,152,PayPal,Bologna,0,Poste,1,8
7464,8464,2024-12-05,20.0,M,Basic,Sport,Borraccia,118,2,236,CreditCard,Bologna,0,BRT,1,9
7465,8465,2024-06-11,25.0,M,Basic,Elettronica,Smartphone,256,3,768,CreditCard,Napoli,0,DHL,2,13
7466,8466,2024-07-23,19.0,F,Basic,Sport,Scarpe Running,86,3,258,Cash,Milano,0,DHL,2,14
7467,8467,2024-09-10,44.0,M,Silver,Elettronica,Laptop,754,1,754,Cash,Bologna,0,BRT,1,11
7468,8468,2024-05-26,,F,Basic,Abbigliamento,T-shirt,179,2,358,PayPal,Milano,1,GLS,3,0
7469,8469,2024-10-09,,F,Basic,Casa,Tappeto,26,2,52,CreditCard,Torino,1,DHL,2,0
7470,8470,2024-09-06,37.0,M,Silver,Abbigliamento,T-shirt,74,1,74,BankTransfer,Torino,0,GLS,4,8
7471,8471,2024-06-29,37.0,M,Gold,Casa,Tappeto,75,1,75,CreditCard,Roma,0,Poste,4,8
7472,8472,2024-06-24,26.0,F,Basic,Casa,Coperta,42,3,126,BankTransfer,Roma,1,BRT,3,9
7473,8473,2024-05-04,56.0,M,Silver,Casa,Cuscino,142,2,284,Cash,Torino,0,BRT,6,7
7474,8474,2024-06-18,24.0,F,Basic,Casa,Coperta,126,1,126,BankTransfer,Roma,0,Poste,6,8
7475,8475,2024-06-23,32.0,F,Basic,Casa,Tappeto,39,1,39,CreditCard,Napoli,1,BRT,5,4
7476,8476,2024-03-19,24.0,F,Basic,Elettronica,Cuffie,81,1,81,CreditCard,Torino,0,GLS,4,1
7477,8477,2024-01-05,20.0,F,Silver,Abbigliamento,Giacca,146,1,146,BankTransfer,Roma,0,BRT,3,7
7478,8478,2024-12-21,,F,Basic,Abbigliamento,Jeans,200,2,400,PayPal,Napoli,1,BRT,3,8
7479,8479,2024-10-14,,M,Basic,Casa,Tappeto,49,1,49,PayPal,Milano,1,Poste,2,7
7480,8480,2024-08-03,,M,Basic,Casa,Lampada,76,4,304,PayPal,Torino,0,GLS,3,11
7481,8481,2024-09-24,32.0,F,Basic,Libri,Guida,16,4,64,PayPal,Napoli,0,BRT,1,8
7482,8482,2024-06-25,60.0,M,Basic,Abbigliamento,T-shirt,29,1,29,CreditCard,Napoli,1,DHL,3,0
7483,8483,2024-08-04,35.0,M,Basic,Abbigliamento,Giacca,50,3,150,Cash,Bologna,1,BRT,3,14
7484,8484,2024-03-26,19.0,F,Silver,Elettronica,Laptop,520,2,1040,BankTransfer,Napoli,0,Poste,6,3
7485,8485,2024-10-30,42.0,M,Silver,Libri,Guida,48,1,48,Cash,Napoli,0,GLS,4,4
7486,8486,2024-10-03,18.0,M,Gold,Elettronica,Smartphone,612,1,612,Cash,Roma,0,DHL,2,13
7487,8487,2024-11-23,,M,Basic,Sport,Scarpe Running,97,2,194,CreditCard,Roma,1,Poste,7,11
7488,8488,2024-11-04,28.0,M,Gold,Elettronica,Tablet,243,3,729,CreditCard,Roma,0,BRT,3,13
7489,8489,2024-02-06,18.0,M,Basic,Abbigliamento,T-shirt,76,2,152,CreditCard,Bologna,0,DHL,3,7
7490,8490,2024-10-18,40.0,M,Silver,Elettronica,Laptop,140,2,280,PayPal,Milano,0,BRT,3,8
7491,8491,2024-01-25,45.0,F,Basic,Sport,Scarpe Running,61,1,61,PayPal,Roma,0,BRT,3,0
7492,8492,2024-10-18,53.0,F,Silver,Libri,Guida,26,3,78,Cash,Milano,0,BRT,3,12
7493,8493,2024-04-09,61.0,M,Basic,Libri,Romanzo,45,1,45,CreditCard,Torino,1,GLS,4,5
7494,8494,2024-09-19,30.0,M,Basic,Casa,Lampada,59,2,118,PayPal,Milano,1,Poste,6,9
7495,8495,2024-08-31,50.0,M,Silver,Casa,Cuscino,23,3,69,Cash,Roma,0,GLS,5,4
7496,8496,2024-01-30,30.0,M,Silver,Abbigliamento,Scarpe,110,5,550,CreditCard,Napoli,1,GLS,3,18
7497,8497,2024-05-18,,F,Basic,Elettronica,Smartphone,486,1,486,Cash,Milano,0,BRT,4,4
7498,8498,2024-01-26,25.0,F,Basic,Casa,Pentola,52,1,52,CreditCard,Bologna,0,DHL,3,0
7499,8499,2024-07-30,37.0,F,Silver,Casa,Lampada,128,3,384,BankTransfer,Roma,0,GLS,4,10
7500,8500,2024-05-30,57.0,F,Silver,Casa,Tappeto,84,1,84,Cash,Bologna,0,BRT,1,0
7501,8501,2024-09-19,42.0,M,Basic,Abbigliamento,Giacca,126,2,252,BankTransfer,Milano,1,GLS,3,6
7502,8502,2024-12-29,32.0,F,Basic,Elettronica,Cuffie,799,1,799,PayPal,Roma,1,GLS,4,4
7503,8503,2024-12-28,18.0,F,Silver,Sport,Tappetino Yoga,20,2,40,CreditCard,Napoli,1,BRT,3,0
7504,8504,2024-02-21,41.0,M,Gold,Abbigliamento,Giacca,76,1,76,CreditCard,Roma,0,BRT,5,1
7505,8505,2024-12-29,67.0,F,Gold,Libri,Fumetto,24,1,24,Cash,Milano,1,GLS,4,8
7506,8506,2024-02-17,24.0,F,Basic,Sport,Scarpe Running,180,2,360,PayPal,Torino,1,GLS,4,8
7507,8507,2024-07-27,33.0,M,Basic,Libri,Romanzo,27,2,54,CreditCard,Milano,1,DHL,2,9
7508,8508,2024-03-18,52.0,M,Basic,Elettronica,Tablet,722,1,722,CreditCard,Torino,0,BRT,1,7
7509,8509,2024-06-28,63.0,F,Silver,Sport,Borraccia,130,1,130,CreditCard,Bologna,0,GLS,3,5
7510,8510,2024-06-08,27.0,F,Silver,Libri,Fumetto,19,3,57,BankTransfer,Roma,0,GLS,3,8
7511,8511,2024-04-12,30.0,M,Basic,Casa,Cuscino,89,2,178,CreditCard,Bologna,0,GLS,5,5
7512,8512,2024-11-22,18.0,F,Basic,Abbigliamento,Scarpe,27,3,81,CreditCard,Bologna,0,GLS,3,9
7513,8513,2024-07-06,41.0,M,Basic,Casa,Tappeto,148,1,148,CreditCard,Milano,0,DHL,1,0
7514,8514,2024-09-17,,M,Silver,Abbigliamento,Jeans,38,1,38,CreditCard,Roma,1,BRT,8,4
7515,8515,2024-09-11,38.0,F,Basic,Elettronica,Tablet,501,4,2004,PayPal,Milano,0,BRT,5,13
7516,8516,2024-01-25,52.0,F,Silver,Sport,Borraccia,65,1,65,BankTransfer,Roma,0,Poste,1,0
7517,8517,2024-04-13,40.0,M,Gold,Abbigliamento,Jeans,32,1,32,Cash,Milano,1,BRT,1,6
7518,8518,2024-01-31,43.0,M,Gold,Sport,Manubri,119,1,119,BankTransfer,Bologna,0,DHL,3,0
7519,8519,2024-07-01,,F,Basic,Casa,Pentola,112,1,112,CreditCard,Napoli,0,BRT,4,0
7520,8520,2024-12-19,47.0,M,Basic,Libri,Manuale,46,3,138,PayPal,Milano,0,BRT,4,4
7521,8521,2024-07-10,18.0,M,Basic,Abbigliamento,T-shirt,188,5,940,BankTransfer,Milano,1,BRT,3,16
7522,8522,2024-12-14,57.0,F,Basic,Abbigliamento,Maglione,29,1,29,PayPal,Bologna,0,Poste,8,6
7523,8523,2024-07-20,39.0,F,Silver,Libri,Romanzo,18,2,36,CreditCard,Roma,0,DHL,3,7
7524,8524,2024-09-26,73.0,M,Gold,Elettronica,Tablet,457,2,914,CreditCard,Roma,0,DHL,2,2
7525,8525,2024-08-24,75.0,M,Silver,Casa,Cuscino,47,1,47,CreditCard,Bologna,1,Poste,11,0
7526,8526,2024-06-01,25.0,F,Silver,Elettronica,Smartphone,692,4,2768,Cash,Torino,0,GLS,3,12
7527,8527,2024-11-27,67.0,F,Basic,Casa,Coperta,74,1,74,PayPal,Roma,0,GLS,2,1
7528,8528,2024-06-16,42.0,F,Basic,Elettronica,Tablet,775,2,1550,Cash,Roma,0,BRT,3,11
7529,8529,2024-05-07,33.0,F,Basic,Sport,Scarpe Running,123,1,123,PayPal,Milano,0,GLS,4,13
7530,8530,2024-01-31,,M,Basic,Libri,Fumetto,8,1,8,CreditCard,Napoli,1,GLS,4,2
7531,8531,2024-05-07,46.0,F,Basic,Libri,Enciclopedia,21,2,42,Cash,Napoli,0,BRT,3,8
7532,8532,2024-03-10,37.0,M,Basic,Libri,Enciclopedia,41,3,123,PayPal,Roma,0,BRT,4,8
7533,8533,2024-09-27,,M,Silver,Casa,Coperta,117,5,585,PayPal,Roma,1,DHL,4,19
7534,8534,2024-08-18,43.0,M,Basic,Sport,Tappetino Yoga,93,1,93,CreditCard,Bologna,1,BRT,3,4
7535,8535,2024-10-26,22.0,M,Gold,Sport,Manubri,78,3,234,PayPal,Milano,1,BRT,3,13
7536,8536,2024-05-24,37.0,M,Silver,Sport,Tappetino Yoga,86,4,344,CreditCard,Napoli,0,BRT,2,11
7537,8537,2024-12-10,56.0,M,Gold,Elettronica,Smartwatch,335,4,1340,BankTransfer,Torino,0,Poste,4,15
7538,8538,2024-09-10,,F,Gold,Elettronica,Smartwatch,647,1,647,Cash,Milano,0,BRT,6,9
7539,8539,2024-11-26,37.0,F,Silver,Casa,Coperta,34,3,102,PayPal,Roma,0,GLS,4,12
7540,8540,2024-01-08,50.0,M,Basic,Casa,Tappeto,68,1,68,CreditCard,Napoli,0,DHL,2,5
7541,8541,2024-10-30,40.0,F,Silver,Elettronica,Smartwatch,596,1,596,CreditCard,Milano,0,Poste,1,4
7542,8542,2024-01-15,33.0,M,Basic,Libri,Enciclopedia,44,1,44,CreditCard,Roma,0,Poste,1,4
7543,8543,2024-03-06,26.0,M,Basic,Libri,Manuale,30,4,120,CreditCard,Roma,0,DHL,2,13
7544,8544,2024-02-01,37.0,F,Basic,Abbigliamento,Scarpe,193,1,193,BankTransfer,Bologna,1,BRT,1,3
7545,8545,2024-04-15,60.0,F,Basic,Elettronica,Smartphone,108,1,108,CreditCard,Bologna,0,BRT,6,1
7546,8546,2024-08-05,32.0,M,Basic,Libri,Guida,34,1,34,PayPal,Napoli,0,Poste,7,4
7547,8547,2024-06-21,33.0,F,Basic,Abbigliamento,Jeans,184,1,184,Cash,Milano,1,DHL,3,4
7548,8548,2024-07-27,43.0,F,Silver,Sport,Tappetino Yoga,142,1,142,Cash,Napoli,1,GLS,4,1
7549,8549,2024-12-06,41.0,F,Basic,Elettronica,Smartphone,680,2,1360,PayPal,Napoli,0,GLS,4,13
7550,8550,2024-07-10,64.0,M,Silver,Libri,Fumetto,30,1,30,CreditCard,Milano,0,GLS,3,0
7551,8551,2024-04-19,,F,Gold,Libri,Fumetto,17,1,17,PayPal,Napoli,0,Poste,1,0
7552,8552,2024-04-10,,F,Basic,Abbigliamento,Jeans,66,5,330,CreditCard,Napoli,1,DHL,2,18
7553,8553,2024-10-20,,F,Basic,Casa,Tappeto,49,1,49,PayPal,Milano,0,BRT,1,0
7554,8554,2024-11-21,46.0,M,Gold,Abbigliamento,T-shirt,118,1,118,Cash,Roma,0,DHL,3,0
7555,8555,2024-05-26,39.0,F,Basic,Elettronica,Smartwatch,546,3,1638,BankTransfer,Roma,0,BRT,4,13
7556,8556,2024-03-28,42.0,M,Silver,Elettronica,Smartphone,92,2,184,CreditCard,Milano,0,BRT,3,8
7557,8557,2024-02-03,53.0,M,Silver,Elettronica,Tablet,733,3,2199,CreditCard,Milano,0,GLS,4,8
7558,8558,2024-05-01,51.0,F,Basic,Elettronica,Tablet,771,4,3084,BankTransfer,Napoli,1,BRT,2,5
7559,8559,2024-09-09,22.0,M,Silver,Sport,Manubri,44,2,88,PayPal,Milano,0,GLS,3,3
7560,8560,2024-05-02,56.0,F,Gold,Elettronica,Laptop,628,2,1256,BankTransfer,Torino,0,GLS,3,2
7561,8561,2024-04-17,61.0,M,Gold,Elettronica,Smartwatch,337,3,1011,PayPal,Napoli,0,BRT,1,2
7562,8562,2024-04-30,46.0,F,Gold,Casa,Coperta,102,2,204,Cash,Roma,1,DHL,3,12
7563,8563,2024-07-05,18.0,M,Basic,Casa,Tappeto,29,2,58,Cash,Napoli,0,GLS,4,6
7564,8564,2024-03-21,59.0,F,Silver,Casa,Pentola,42,2,84,CreditCard,Roma,0,Poste,1,4
7565,8565,2024-10-24,18.0,M,Silver,Abbigliamento,Maglione,156,2,312,PayPal,Torino,0,BRT,1,7
7566,8566,2024-12-18,62.0,F,Gold,Abbigliamento,T-shirt,116,2,232,BankTransfer,Torino,0,Poste,6,6
7567,8567,2024-05-06,,F,Basic,Libri,Fumetto,13,5,65,PayPal,Milano,1,BRT,3,15
7568,8568,2024-06-13,26.0,F,Basic,Casa,Cuscino,60,2,120,CreditCard,Torino,0,GLS,4,5
7569,8569,2024-08-05,,M,Silver,Abbigliamento,Giacca,190,1,190,PayPal,Bologna,0,Poste,8,0
7570,8570,2024-11-15,52.0,F,Gold,Casa,Coperta,41,1,41,PayPal,Milano,0,GLS,3,4
7571,8571,2024-08-08,33.0,F,Basic,Casa,Cuscino,84,1,84,CreditCard,Roma,0,Poste,4,5
7572,8572,2024-03-13,36.0,M,Basic,Libri,Enciclopedia,10,2,20,CreditCard,Napoli,0,GLS,3,10
7573,8573,2024-06-06,40.0,F,Silver,Casa,Coperta,30,1,30,PayPal,Torino,0,BRT,3,2
7574,8574,2024-12-24,34.0,M,Basic,Abbigliamento,T-shirt,15,2,30,PayPal,Napoli,1,Poste,4,0
7575,8575,2024-04-03,20.0,M,Basic,Elettronica,Cuffie,319,5,1595,BankTransfer,Milano,0,GLS,5,16
7576,8576,2024-09-03,18.0,F,Basic,Abbigliamento,Jeans,171,1,171,PayPal,Bologna,1,BRT,2,5
7577,8577,2024-05-10,51.0,F,Gold,Sport,Scarpe Running,179,2,358,BankTransfer,Milano,1,GLS,3,4
7578,8578,2024-04-27,52.0,M,Gold,Libri,Manuale,31,3,93,CreditCard,Napoli,0,Poste,7,9
7579,8579,2024-07-20,34.0,M,Basic,Libri,Enciclopedia,28,5,140,PayPal,Torino,0,Poste,7,20
7580,8580,2024-04-23,28.0,F,Basic,Casa,Lampada,88,3,264,CreditCard,Torino,0,GLS,5,13
7581,8581,2024-06-02,53.0,F,Gold,Casa,Coperta,21,1,21,CreditCard,Milano,0,DHL,2,4
7582,8582,2024-05-29,27.0,M,Basic,Abbigliamento,Scarpe,181,2,362,Cash,Roma,1,GLS,3,2
7583,8583,2024-08-26,47.0,F,Silver,Libri,Guida,22,1,22,BankTransfer,Roma,1,GLS,3,6
7584,8584,2024-07-22,18.0,F,Silver,Abbigliamento,T-shirt,134,3,402,CreditCard,Napoli,1,Poste,6,5
7585,8585,2024-05-16,52.0,F,Gold,Libri,Romanzo,45,4,180,Cash,Milano,1,GLS,4,8
7586,8586,2024-09-30,42.0,M,Silver,Sport,Scarpe Running,168,4,672,PayPal,Bologna,1,Poste,3,12
7587,8587,2024-05-23,,M,Basic,Abbigliamento,Giacca,156,2,312,BankTransfer,Roma,0,Poste,1,0
7588,8588,2024-01-17,35.0,M,Basic,Libri,Fumetto,35,3,105,BankTransfer,Roma,0,DHL,3,12
7589,8589,2024-12-20,56.0,M,Basic,Sport,Scarpe Running,101,4,404,Cash,Roma,1,DHL,4,16
7590,8590,2024-05-18,56.0,F,Silver,Sport,Tappetino Yoga,145,1,145,PayPal,Torino,0,DHL,1,4
7591,8591,2024-04-16,57.0,M,Basic,Sport,Tappetino Yoga,116,1,116,CreditCard,Torino,0,Poste,6,5
7592,8592,2024-06-02,74.0,F,Gold,Casa,Coperta,83,3,249,CreditCard,Torino,0,DHL,2,1
7593,8593,2024-10-06,28.0,F,Basic,Sport,Tappetino Yoga,126,2,252,CreditCard,Roma,1,BRT,3,12
7594,8594,2024-07-12,24.0,F,Basic,Abbigliamento,Jeans,191,3,573,PayPal,Bologna,0,Poste,4,5
7595,8595,2024-08-16,69.0,F,Basic,Abbigliamento,T-shirt,61,1,61,BankTransfer,Milano,1,DHL,1,6
7596,8596,2024-04-16,41.0,M,Gold,Elettronica,Smartwatch,273,2,546,CreditCard,Milano,0,GLS,4,2
7597,8597,2024-07-15,57.0,M,Gold,Abbigliamento,Giacca,30,1,30,Cash,Roma,0,BRT,4,0
7598,8598,2024-09-19,41.0,F,Basic,Elettronica,Cuffie,747,3,2241,Cash,Milano,0,BRT,3,11
7599,8599,2024-06-02,18.0,F,Basic,Libri,Guida,41,1,41,Cash,Bologna,1,GLS,4,7
7600,8600,2024-09-16,54.0,F,Gold,Casa,Coperta,57,2,114,PayPal,Napoli,0,BRT,5,4
7601,8601,2024-01-30,47.0,M,Gold,Sport,Scarpe Running,171,4,684,CreditCard,Bologna,0,Poste,5,17
7602,8602,2024-03-17,20.0,F,Silver,Libri,Guida,47,2,94,PayPal,Milano,0,BRT,4,5
7603,8603,2024-07-20,,F,Silver,Libri,Romanzo,50,2,100,CreditCard,Torino,1,BRT,5,7
7604,8604,2024-08-23,33.0,F,Basic,Sport,Tappetino Yoga,31,1,31,CreditCard,Bologna,0,GLS,3,5
7605,8605,2024-10-10,38.0,M,Gold,Libri,Enciclopedia,16,1,16,Cash,Roma,1,GLS,3,8
7606,8606,2024-01-15,30.0,M,Basic,Elettronica,Cuffie,324,2,648,BankTransfer,Bologna,0,BRT,3,0
7607,8607,2024-08-17,30.0,F,Basic,Libri,Guida,33,3,99,Cash,Napoli,0,GLS,3,4
7608,8608,2024-04-27,,F,Silver,Elettronica,Tablet,755,2,1510,BankTransfer,Roma,0,BRT,3,4
7609,8609,2024-08-17,39.0,M,Gold,Sport,Scarpe Running,155,1,155,CreditCard,Torino,0,BRT,2,5
7610,8610,2024-05-26,18.0,M,Basic,Elettronica,Smartphone,295,1,295,CreditCard,Roma,1,BRT,2,2
7611,8611,2024-12-01,25.0,M,Basic,Elettronica,Smartphone,457,1,457,PayPal,Roma,0,GLS,2,0
7612,8612,2024-05-01,33.0,F,Basic,Sport,Manubri,156,2,312,CreditCard,Napoli,1,Poste,5,0
7613,8613,2024-06-29,46.0,M,Gold,Sport,Scarpe Running,120,4,480,BankTransfer,Roma,0,BRT,4,12
7614,8614,2024-09-23,46.0,M,Basic,Sport,Scarpe Running,64,1,64,BankTransfer,Torino,0,Poste,8,7
7615,8615,2024-06-16,32.0,F,Basic,Abbigliamento,Scarpe,184,1,184,CreditCard,Bologna,1,Poste,8,0
7616,8616,2024-10-17,26.0,F,Gold,Sport,Pallone,165,1,165,BankTransfer,Milano,0,GLS,3,1
7617,8617,2024-04-21,32.0,M,Basic,Abbigliamento,Giacca,169,3,507,BankTransfer,Milano,1,GLS,4,5
7618,8618,2024-05-27,,M,Basic,Elettronica,Laptop,615,2,1230,BankTransfer,Roma,1,Poste,7,6
7619,8619,2024-06-15,34.0,F,Silver,Libri,Manuale,48,2,96,Cash,Milano,0,BRT,4,10
7620,8620,2024-03-26,36.0,F,Silver,Abbigliamento,T-shirt,141,2,282,CreditCard,Roma,1,BRT,4,8
7621,8621,2024-03-30,36.0,M,Basic,Libri,Enciclopedia,37,1,37,PayPal,Milano,0,GLS,4,0
7622,8622,2024-05-18,18.0,M,Basic,Elettronica,Smartwatch,656,1,656,BankTransfer,Torino,1,Poste,5,10
7623,8623,2024-02-06,60.0,M,Silver,Casa,Tappeto,41,2,82,CreditCard,Bologna,0,BRT,1,7
7624,8624,2024-04-11,19.0,M,Basic,Abbigliamento,T-shirt,136,2,272,CreditCard,Roma,0,BRT,5,0
7625,8625,2024-01-05,,M,Silver,Elettronica,Smartphone,728,2,1456,PayPal,Torino,1,GLS,2,6
7626,8626,2024-01-20,34.0,M,Silver,Abbigliamento,Jeans,66,1,66,PayPal,Roma,1,GLS,3,2
7627,8627,2024-05-11,48.0,F,Silver,Libri,Fumetto,17,1,17,BankTransfer,Torino,1,DHL,2,0
7628,8628,2024-01-25,33.0,M,Basic,Casa,Cuscino,120,1,120,BankTransfer,Napoli,1,GLS,3,3
7629,8629,2024-03-22,48.0,M,Gold,Abbigliamento,Giacca,38,3,114,PayPal,Milano,0,Poste,5,9
7630,8630,2024-05-12,32.0,M,Basic,Abbigliamento,Maglione,36,1,36,BankTransfer,Torino,0,BRT,1,4
7631,8631,2024-04-20,,M,Gold,Sport,Borraccia,148,1,148,Cash,Roma,0,BRT,4,2
7632,8632,2024-01-21,25.0,F,Silver,Casa,Tappeto,108,5,540,BankTransfer,Milano,0,DHL,2,13
7633,8633,2024-11-20,,M,Silver,Elettronica,Cuffie,401,2,802,PayPal,Bologna,0,Poste,4,0
7634,8634,2024-06-07,18.0,M,Basic,Sport,Scarpe Running,26,4,104,CreditCard,Milano,1,Poste,2,13
7635,8635,2024-01-02,33.0,M,Basic,Libri,Romanzo,21,1,21,CreditCard,Napoli,1,BRT,5,0
7636,8636,2024-08-13,18.0,M,Silver,Casa,Cuscino,15,3,45,PayPal,Napoli,0,Poste,8,5
7637,8637,2024-08-05,40.0,M,Silver,Libri,Guida,50,2,100,CreditCard,Milano,1,GLS,4,11
7638,8638,2024-07-25,75.0,F,Basic,Sport,Tappetino Yoga,100,1,100,PayPal,Milano,0,BRT,5,7
7639,8639,2024-11-06,,M,Basic,Abbigliamento,Scarpe,92,2,184,PayPal,Roma,1,GLS,3,5
7640,8640,2024-06-06,18.0,M,Silver,Libri,Guida,38,1,38,PayPal,Milano,1,Poste,4,3
7641,8641,2024-12-23,34.0,F,Silver,Casa,Pentola,60,1,60,CreditCard,Torino,0,GLS,1,12
7642,8642,2024-03-02,25.0,M,Basic,Elettronica,Cuffie,432,1,432,BankTransfer,Roma,1,GLS,4,0
7643,8643,2024-03-09,42.0,M,Silver,Casa,Pentola,47,3,141,PayPal,Milano,1,DHL,2,10
7644,8644,2024-01-02,64.0,M,Gold,Casa,Lampada,131,1,131,CreditCard,Napoli,1,BRT,2,3
7645,8645,2024-06-07,58.0,F,Silver,Libri,Enciclopedia,10,5,50,BankTransfer,Roma,0,GLS,5,9
7646,8646,2024-12-14,28.0,F,Silver,Libri,Enciclopedia,47,1,47,PayPal,Roma,0,BRT,2,0
7647,8647,2024-04-27,56.0,M,Gold,Casa,Coperta,81,5,405,CreditCard,Napoli,0,Poste,2,17
7648,8648,2024-01-24,51.0,M,Gold,Elettronica,Tablet,400,1,400,PayPal,Napoli,1,GLS,4,1
7649,8649,2024-11-19,,M,Basic,Abbigliamento,Giacca,16,5,80,CreditCard,Napoli,1,Poste,5,12
7650,8650,2024-05-12,25.0,F,Basic,Libri,Romanzo,38,1,38,Cash,Roma,0,GLS,3,4
7651,8651,2024-12-17,50.0,F,Silver,Sport,Manubri,33,4,132,CreditCard,Roma,1,GLS,3,13
7652,8652,2024-11-29,48.0,F,Silver,Libri,Guida,21,1,21,Cash,Torino,1,DHL,1,0
7653,8653,2024-06-14,,M,Basic,Libri,Fumetto,15,1,15,PayPal,Milano,1,Poste,9,1
7654,8654,2024-01-20,26.0,M,Basic,Casa,Tappeto,50,2,100,Cash,Torino,0,BRT,1,5
7655,8655,2024-12-14,37.0,F,Silver,Abbigliamento,Maglione,148,2,296,CreditCard,Torino,0,DHL,2,3
7656,8656,2024-06-13,26.0,M,Silver,Elettronica,Smartphone,243,2,486,PayPal,Torino,0,BRT,1,5
7657,8657,2024-01-13,18.0,M,Silver,Abbigliamento,Maglione,49,3,147,Cash,Bologna,0,GLS,4,3
7658,8658,2024-05-07,33.0,F,Silver,Casa,Tappeto,115,4,460,PayPal,Napoli,0,BRT,5,5
7659,8659,2024-11-22,,M,Gold,Sport,Tappetino Yoga,60,2,120,CreditCard,Milano,0,BRT,2,1
7660,8660,2024-09-11,44.0,F,Silver,Abbigliamento,Scarpe,103,1,103,PayPal,Roma,0,BRT,3,0
7661,8661,2024-02-20,18.0,F,Silver,Casa,Cuscino,20,2,40,BankTransfer,Milano,0,Poste,5,6
7662,8662,2024-02-02,57.0,F,Gold,Abbigliamento,Giacca,35,2,70,PayPal,Roma,0,DHL,2,7
7663,8663,2024-08-16,,F,Basic,Casa,Coperta,60,4,240,CreditCard,Napoli,0,Poste,6,14
7664,8664,2024-04-10,27.0,F,Silver,Sport,Tappetino Yoga,61,3,183,CreditCard,Milano,1,BRT,3,17
7665,8665,2024-02-08,,F,Basic,Abbigliamento,Jeans,84,4,336,PayPal,Torino,0,GLS,3,12
7666,8666,2024-01-19,,F,Gold,Sport,Borraccia,77,1,77,BankTransfer,Torino,0,GLS,3,2
7667,8667,2024-05-24,24.0,M,Basic,Sport,Tappetino Yoga,172,1,172,PayPal,Torino,1,BRT,5,4
7668,8668,2024-11-12,51.0,M,Gold,Abbigliamento,T-shirt,77,5,385,BankTransfer,Napoli,1,Poste,5,14
7669,8669,2024-03-16,32.0,F,Basic,Libri,Enciclopedia,38,1,38,BankTransfer,Milano,0,DHL,3,3
7670,8670,2024-04-04,26.0,F,Basic,Sport,Scarpe Running,59,2,118,Cash,Torino,1,BRT,3,1
7671,8671,2024-01-11,41.0,F,Basic,Sport,Tappetino Yoga,72,5,360,CreditCard,Milano,0,Poste,4,13
7672,8672,2024-09-01,23.0,M,Basic,Casa,Lampada,48,3,144,PayPal,Torino,1,GLS,3,15
7673,8673,2024-06-28,18.0,M,Basic,Libri,Romanzo,29,1,29,BankTransfer,Torino,0,BRT,6,11
7674,8674,2024-12-01,40.0,F,Basic,Casa,Coperta,108,4,432,CreditCard,Torino,1,DHL,2,11
7675,8675,2024-01-09,35.0,M,Silver,Libri,Manuale,40,2,80,Cash,Torino,0,BRT,3,6
7676,8676,2024-09-14,35.0,M,Basic,Libri,Fumetto,21,1,21,CreditCard,Torino,0,GLS,4,8
7677,8677,2024-01-17,49.0,F,Basic,Elettronica,Laptop,764,1,764,CreditCard,Milano,0,GLS,3,0
7678,8678,2024-05-15,33.0,F,Silver,Elettronica,Smartphone,720,1,720,CreditCard,Torino,0,Poste,9,4
7679,8679,2024-03-17,34.0,F,Basic,Sport,Manubri,68,2,136,PayPal,Roma,0,GLS,2,9
7680,8680,2024-07-03,18.0,F,Basic,Elettronica,Smartwatch,364,2,728,Cash,Bologna,0,Poste,6,3
7681,8681,2024-01-27,18.0,M,Silver,Casa,Coperta,35,3,105,PayPal,Milano,1,BRT,3,7
7682,8682,2024-02-28,31.0,M,Silver,Sport,Borraccia,35,3,105,CreditCard,Milano,1,DHL,2,11
7683,8683,2024-07-21,,M,Basic,Casa,Tappeto,99,2,198,PayPal,Napoli,1,GLS,3,11
7684,8684,2024-02-04,39.0,F,Silver,Elettronica,Tablet,739,3,2217,CreditCard,Torino,0,BRT,5,14
7685,8685,2024-11-06,33.0,M,Basic,Sport,Manubri,70,3,210,PayPal,Milano,0,DHL,2,10
7686,8686,2024-01-24,56.0,F,Gold,Libri,Manuale,18,1,18,Cash,Milano,0,Poste,4,0
7687,8687,2024-06-02,31.0,F,Silver,Abbigliamento,Giacca,102,3,306,Cash,Milano,0,GLS,3,9
7688,8688,2024-05-18,32.0,M,Silver,Abbigliamento,Jeans,98,2,196,CreditCard,Bologna,0,Poste,8,10
7689,8689,2024-08-31,,F,Basic,Libri,Enciclopedia,42,1,42,CreditCard,Milano,0,Poste,4,11
7690,8690,2024-06-28,34.0,M,Basic,Sport,Tappetino Yoga,124,1,124,CreditCard,Bologna,0,BRT,2,8
7691,8691,2024-02-23,33.0,F,Basic,Libri,Enciclopedia,29,2,58,CreditCard,Napoli,0,DHL,3,2
7692,8692,2024-04-15,48.0,M,Silver,Libri,Guida,28,4,112,PayPal,Torino,0,BRT,2,17
7693,8693,2024-01-20,18.0,F,Basic,Abbigliamento,Maglione,130,5,650,CreditCard,Bologna,1,BRT,1,11
7694,8694,2024-08-19,42.0,F,Basic,Abbigliamento,Scarpe,95,1,95,CreditCard,Roma,1,BRT,4,3
7695,8695,2024-03-14,,M,Silver,Abbigliamento,Maglione,180,2,360,CreditCard,Torino,1,DHL,2,0
7696,8696,2024-07-14,66.0,F,Basic,Elettronica,Smartphone,295,3,885,Cash,Roma,0,BRT,3,6
7697,8697,2024-06-06,18.0,M,Silver,Sport,Manubri,161,4,644,CreditCard,Napoli,0,BRT,4,11
7698,8698,2024-06-24,19.0,M,Gold,Elettronica,Smartwatch,64,3,192,Cash,Roma,0,GLS,3,15
7699,8699,2024-05-18,36.0,M,Basic,Casa,Lampada,126,1,126,PayPal,Milano,0,GLS,3,0
7700,8700,2024-12-31,50.0,F,Basic,Casa,Pentola,74,2,148,CreditCard,Roma,1,Poste,4,6
7701,8701,2024-05-14,45.0,M,Basic,Elettronica,Laptop,739,1,739,CreditCard,Napoli,0,Poste,4,1
7702,8702,2024-04-25,28.0,M,Basic,Libri,Enciclopedia,42,2,84,BankTransfer,Napoli,1,Poste,8,0
7703,8703,2024-03-01,38.0,M,Basic,Sport,Tappetino Yoga,155,1,155,CreditCard,Milano,0,DHL,4,0
7704,8704,2024-10-20,18.0,F,Basic,Sport,Borraccia,100,2,200,BankTransfer,Napoli,0,BRT,1,7
7705,8705,2024-01-01,43.0,M,Silver,Abbigliamento,Giacca,159,1,159,CreditCard,Milano,0,DHL,3,0
7706,8706,2024-10-06,57.0,M,Gold,Elettronica,Laptop,422,3,1266,CreditCard,Roma,1,GLS,3,5
7707,8707,2024-09-11,38.0,M,Basic,Elettronica,Laptop,359,3,1077,PayPal,Milano,0,GLS,4,8
7708,8708,2024-06-17,,F,Basic,Libri,Fumetto,27,1,27,PayPal,Torino,0,BRT,1,0
7709,8709,2024-05-17,,M,Silver,Elettronica,Laptop,541,2,1082,CreditCard,Milano,0,GLS,4,6
7710,8710,2024-02-02,29.0,M,Gold,Libri,Guida,49,1,49,PayPal,Roma,0,Poste,4,7
7711,8711,2024-08-03,58.0,M,Basic,Elettronica,Tablet,329,3,987,Cash,Torino,0,GLS,4,7
7712,8712,2024-02-11,,F,Gold,Casa,Pentola,107,1,107,CreditCard,Roma,0,GLS,4,0
7713,8713,2024-01-13,29.0,M,Basic,Casa,Coperta,129,1,129,CreditCard,Torino,1,DHL,3,5
7714,8714,2024-02-26,,M,Basic,Abbigliamento,T-shirt,55,1,55,CreditCard,Milano,1,DHL,3,7
7715,8715,2024-01-03,18.0,F,Basic,Abbigliamento,Giacca,46,2,92,PayPal,Roma,0,BRT,5,1
7716,8716,2024-09-10,33.0,F,Basic,Libri,Fumetto,9,2,18,PayPal,Milano,0,GLS,3,14
7717,8717,2024-03-16,39.0,F,Silver,Sport,Borraccia,68,2,136,BankTransfer,Torino,1,BRT,3,7
7718,8718,2024-07-13,28.0,F,Basic,Casa,Coperta,93,1,93,CreditCard,Roma,0,BRT,1,1
7719,8719,2024-06-17,28.0,M,Silver,Abbigliamento,Maglione,84,4,336,PayPal,Milano,1,BRT,5,12
7720,8720,2024-04-09,43.0,M,Silver,Sport,Scarpe Running,128,1,128,CreditCard,Roma,0,Poste,5,0
7721,8721,2024-08-12,47.0,M,Basic,Abbigliamento,Jeans,55,2,110,BankTransfer,Torino,1,Poste,4,2
7722,8722,2024-12-12,,F,Basic,Casa,Lampada,114,2,228,BankTransfer,Milano,0,BRT,1,8
7723,8723,2024-02-24,37.0,M,Silver,Sport,Scarpe Running,174,1,174,PayPal,Milano,1,BRT,1,1
7724,8724,2024-04-08,25.0,M,Silver,Libri,Enciclopedia,14,2,28,PayPal,Roma,0,BRT,1,6
7725,8725,2024-09-27,,M,Silver,Libri,Enciclopedia,40,3,120,CreditCard,Torino,0,GLS,4,9
7726,8726,2024-11-23,24.0,M,Basic,Libri,Romanzo,19,1,19,CreditCard,Bologna,0,BRT,3,8
7727,8727,2024-10-12,36.0,M,Silver,Sport,Manubri,85,2,170,BankTransfer,Roma,0,BRT,3,0
7728,8728,2024-01-11,45.0,F,Silver,Abbigliamento,Maglione,18,2,36,Cash,Torino,0,DHL,1,15
7729,8729,2024-05-19,22.0,F,Basic,Casa,Tappeto,131,5,655,CreditCard,Roma,0,BRT,3,12
7730,8730,2024-12-30,42.0,M,Silver,Abbigliamento,Scarpe,26,1,26,PayPal,Roma,1,BRT,4,6
7731,8731,2024-03-04,34.0,M,Basic,Abbigliamento,Scarpe,120,3,360,CreditCard,Roma,1,Poste,8,11
7732,8732,2024-06-26,51.0,F,Basic,Elettronica,Smartphone,311,5,1555,PayPal,Bologna,0,BRT,1,19
7733,8733,2024-02-07,61.0,M,Basic,Abbigliamento,Maglione,92,5,460,PayPal,Milano,0,BRT,3,19
7734,8734,2024-01-16,18.0,F,Basic,Casa,Tappeto,43,1,43,BankTransfer,Milano,1,BRT,4,3
7735,8735,2024-03-13,49.0,F,Basic,Casa,Cuscino,42,3,126,CreditCard,Roma,0,GLS,3,3
7736,8736,2024-01-28,39.0,M,Silver,Casa,Coperta,146,3,438,CreditCard,Torino,1,BRT,4,1
7737,8737,2024-01-02,39.0,M,Silver,Abbigliamento,Scarpe,123,1,123,BankTransfer,Bologna,1,GLS,3,2
7738,8738,2024-06-09,54.0,M,Basic,Casa,Cuscino,102,4,408,PayPal,Milano,1,GLS,5,13
7739,8739,2024-09-24,46.0,M,Silver,Casa,Tappeto,113,1,113,CreditCard,Bologna,0,GLS,4,0
7740,8740,2024-03-31,37.0,M,Silver,Sport,Tappetino Yoga,81,1,81,PayPal,Bologna,1,BRT,3,2
7741,8741,2024-08-30,34.0,F,Basic,Sport,Scarpe Running,109,3,327,Cash,Milano,1,GLS,4,6
7742,8742,2024-09-07,33.0,M,Basic,Casa,Pentola,82,3,246,CreditCard,Roma,0,Poste,4,12
7743,8743,2024-02-18,37.0,F,Silver,Abbigliamento,Scarpe,120,1,120,CreditCard,Roma,1,DHL,1,0
7744,8744,2024-09-20,27.0,M,Silver,Abbigliamento,T-shirt,76,5,380,BankTransfer,Torino,1,BRT,3,12
7745,8745,2024-06-09,56.0,M,Gold,Sport,Tappetino Yoga,44,2,88,CreditCard,Torino,0,GLS,3,7
7746,8746,2024-07-27,46.0,M,Basic,Casa,Pentola,84,1,84,CreditCard,Bologna,0,GLS,4,8
7747,8747,2024-05-08,48.0,M,Gold,Abbigliamento,Giacca,169,2,338,PayPal,Roma,0,DHL,2,11
7748,8748,2024-10-25,,F,Silver,Abbigliamento,Maglione,136,1,136,PayPal,Bologna,1,GLS,3,1
7749,8749,2024-01-10,41.0,F,Basic,Elettronica,Smartphone,779,2,1558,Cash,Napoli,0,GLS,2,5
7750,8750,2024-08-23,40.0,F,Basic,Abbigliamento,Maglione,48,1,48,BankTransfer,Roma,1,BRT,2,4
7751,8751,2024-11-22,56.0,F,Gold,Sport,Pallone,116,1,116,CreditCard,Bologna,0,GLS,3,7
7752,8752,2024-06-30,32.0,F,Basic,Casa,Tappeto,65,2,130,CreditCard,Napoli,0,Poste,2,3
7753,8753,2024-05-02,22.0,F,Basic,Sport,Tappetino Yoga,64,3,192,BankTransfer,Roma,0,BRT,3,9
7754,8754,2024-04-09,47.0,F,Gold,Casa,Tappeto,136,1,136,PayPal,Torino,1,DHL,3,2
7755,8755,2024-01-06,50.0,M,Basic,Casa,Lampada,107,4,428,CreditCard,Roma,0,GLS,4,8
7756,8756,2024-08-24,18.0,M,Silver,Abbigliamento,T-shirt,23,2,46,BankTransfer,Torino,1,GLS,4,9
7757,8757,2024-05-25,51.0,F,Gold,Elettronica,Laptop,160,1,160,CreditCard,Torino,1,DHL,2,2
7758,8758,2024-02-17,32.0,F,Basic,Libri,Fumetto,28,1,28,PayPal,Milano,1,Poste,9,3
7759,8759,2024-02-12,35.0,F,Basic,Casa,Lampada,31,2,62,Cash,Milano,0,BRT,2,7
7760,8760,2024-07-06,47.0,M,Basic,Libri,Romanzo,23,3,69,PayPal,Napoli,1,GLS,4,17
7761,8761,2024-10-18,38.0,F,Basic,Libri,Enciclopedia,17,1,17,PayPal,Roma,1,BRT,3,0
7762,8762,2024-02-28,61.0,M,Silver,Sport,Tappetino Yoga,43,1,43,PayPal,Bologna,0,DHL,2,0
7763,8763,2024-01-02,54.0,M,Basic,Casa,Coperta,52,4,208,PayPal,Roma,0,BRT,2,10
7764,8764,2024-12-19,18.0,M,Basic,Casa,Tappeto,136,4,544,PayPal,Napoli,0,DHL,2,20
7765,8765,2024-11-05,42.0,M,Silver,Casa,Tappeto,90,2,180,PayPal,Roma,1,GLS,3,10
7766,8766,2024-12-01,41.0,M,Basic,Elettronica,Cuffie,87,1,87,BankTransfer,Roma,0,GLS,2,3
7767,8767,2024-06-17,,M,Silver,Elettronica,Smartwatch,80,1,80,PayPal,Napoli,0,Poste,6,0
7768,8768,2024-12-16,69.0,M,Gold,Libri,Romanzo,17,2,34,CreditCard,Roma,0,BRT,3,7
7769,8769,2024-01-06,18.0,F,Silver,Abbigliamento,Giacca,68,2,136,CreditCard,Milano,1,DHL,2,2
7770,8770,2024-10-26,24.0,F,Basic,Elettronica,Tablet,163,2,326,PayPal,Napoli,0,GLS,2,1
7771,8771,2024-12-14,51.0,M,Basic,Casa,Tappeto,69,3,207,Cash,Napoli,0,GLS,5,8
7772,8772,2024-10-16,21.0,F,Basic,Libri,Romanzo,24,1,24,PayPal,Roma,1,Poste,6,0
7773,8773,2024-02-18,19.0,M,Basic,Elettronica,Tablet,97,1,97,CreditCard,Bologna,0,GLS,3,2
7774,8774,2024-10-11,,M,Basic,Sport,Tappetino Yoga,23,2,46,Cash,Roma,1,Poste,4,4
7775,8775,2024-05-08,32.0,M,Basic,Elettronica,Laptop,720,4,2880,CreditCard,Milano,0,DHL,3,4
7776,8776,2024-03-03,,M,Gold,Elettronica,Laptop,294,1,294,CreditCard,Milano,0,GLS,3,5
7777,8777,2024-05-20,44.0,M,Silver,Libri,Fumetto,13,2,26,CreditCard,Roma,0,BRT,7,4
7778,8778,2024-10-28,18.0,F,Silver,Elettronica,Smartwatch,661,3,1983,BankTransfer,Roma,0,BRT,3,4
7779,8779,2024-09-20,68.0,F,Basic,Abbigliamento,Giacca,179,1,179,BankTransfer,Bologna,1,Poste,2,3
7780,8780,2024-02-23,44.0,M,Basic,Elettronica,Laptop,164,1,164,Cash,Bologna,0,Poste,4,4
7781,8781,2024-06-17,39.0,M,Basic,Casa,Cuscino,42,1,42,PayPal,Bologna,1,BRT,3,5
7782,8782,2024-02-16,19.0,M,Silver,Casa,Coperta,110,3,330,Cash,Roma,1,GLS,3,7
7783,8783,2024-11-19,49.0,F,Gold,Sport,Borraccia,155,2,310,PayPal,Bologna,0,BRT,1,4
7784,8784,2024-04-11,,F,Basic,Sport,Tappetino Yoga,114,1,114,PayPal,Roma,0,GLS,3,3
7785,8785,2024-04-01,32.0,M,Basic,Abbigliamento,Scarpe,84,2,168,Cash,Napoli,1,GLS,3,6
7786,8786,2024-12-21,36.0,M,Basic,Abbigliamento,T-shirt,107,2,214,PayPal,Milano,0,DHL,3,2
7787,8787,2024-12-21,28.0,F,Basic,Libri,Guida,35,5,175,PayPal,Bologna,0,BRT,3,11
7788,8788,2024-10-21,,M,Gold,Abbigliamento,Giacca,142,3,426,BankTransfer,Napoli,1,GLS,4,16
7789,8789,2024-10-03,44.0,F,Basic,Casa,Tappeto,96,3,288,PayPal,Torino,0,BRT,3,9
7790,8790,2024-06-21,,F,Silver,Elettronica,Tablet,180,3,540,BankTransfer,Milano,1,GLS,5,5
7791,8791,2024-03-20,,F,Basic,Libri,Guida,48,1,48,PayPal,Torino,0,DHL,2,0
7792,8792,2024-07-28,27.0,M,Silver,Libri,Romanzo,9,1,9,BankTransfer,Bologna,1,GLS,4,0
7793,8793,2024-10-08,18.0,F,Silver,Libri,Manuale,44,2,88,Cash,Torino,0,BRT,3,3
7794,8794,2024-05-14,52.0,F,Silver,Abbigliamento,Jeans,19,1,19,PayPal,Torino,0,GLS,3,0
7795,8795,2024-04-12,20.0,M,Basic,Sport,Tappetino Yoga,135,2,270,PayPal,Roma,0,BRT,3,10
7796,8796,2024-03-31,,F,Gold,Sport,Scarpe Running,28,3,84,BankTransfer,Bologna,1,BRT,4,15
7797,8797,2024-10-08,,M,Basic,Elettronica,Smartwatch,246,2,492,CreditCard,Roma,0,BRT,2,7
7798,8798,2024-01-31,44.0,M,Basic,Abbigliamento,Scarpe,97,3,291,CreditCard,Milano,0,BRT,3,10
7799,8799,2024-12-16,47.0,M,Basic,Abbigliamento,Giacca,53,1,53,CreditCard,Milano,0,BRT,5,0
7800,8800,2024-02-06,48.0,F,Basic,Abbigliamento,T-shirt,31,2,62,CreditCard,Torino,1,DHL,3,7
7801,8801,2024-10-19,21.0,M,Silver,Elettronica,Laptop,345,2,690,Cash,Napoli,1,GLS,2,11
7802,8802,2024-10-09,18.0,M,Basic,Sport,Manubri,139,4,556,Cash,Roma,0,Poste,7,13
7803,8803,2024-07-07,18.0,M,Basic,Elettronica,Cuffie,561,1,561,PayPal,Torino,1,GLS,3,0
7804,8804,2024-02-15,36.0,F,Basic,Elettronica,Smartwatch,775,2,1550,PayPal,Bologna,1,GLS,4,9
7805,8805,2024-01-21,53.0,F,Silver,Casa,Coperta,66,1,66,BankTransfer,Milano,0,GLS,3,0
7806,8806,2024-01-24,54.0,F,Gold,Libri,Enciclopedia,38,2,76,Cash,Torino,0,GLS,5,7
7807,8807,2024-09-17,27.0,M,Silver,Elettronica,Cuffie,410,1,410,PayPal,Milano,0,BRT,1,3
7808,8808,2024-03-07,34.0,F,Silver,Elettronica,Cuffie,479,5,2395,Cash,Milano,0,GLS,3,21
7809,8809,2024-05-09,18.0,M,Silver,Casa,Lampada,20,3,60,CreditCard,Napoli,1,BRT,2,12
7810,8810,2024-08-29,18.0,F,Basic,Sport,Pallone,78,3,234,Cash,Torino,0,BRT,4,18
7811,8811,2024-05-24,23.0,M,Basic,Libri,Manuale,49,3,147,CreditCard,Milano,0,DHL,2,9
7812,8812,2024-02-15,48.0,M,Silver,Sport,Borraccia,41,2,82,PayPal,Torino,0,GLS,4,10
7813,8813,2024-12-18,32.0,F,Basic,Libri,Enciclopedia,12,1,12,Cash,Napoli,1,DHL,3,0
7814,8814,2024-01-12,56.0,M,Gold,Sport,Borraccia,82,2,164,PayPal,Milano,0,BRT,1,2
7815,8815,2024-08-03,43.0,F,Silver,Libri,Guida,25,3,75,CreditCard,Milano,0,Poste,8,6
7816,8816,2024-02-25,69.0,M,Basic,Libri,Guida,43,3,129,Cash,Roma,1,GLS,5,9
7817,8817,2024-07-29,20.0,M,Basic,Casa,Coperta,35,3,105,BankTransfer,Torino,0,DHL,2,2
7818,8818,2024-02-21,18.0,F,Basic,Sport,Pallone,26,1,26,BankTransfer,Roma,0,DHL,2,4
7819,8819,2024-06-16,,F,Basic,Libri,Fumetto,43,2,86,BankTransfer,Bologna,1,BRT,3,6
7820,8820,2024-05-13,32.0,F,Basic,Sport,Pallone,145,1,145,PayPal,Torino,1,BRT,1,2
7821,8821,2024-04-06,20.0,F,Basic,Sport,Pallone,66,3,198,BankTransfer,Milano,0,GLS,4,7
7822,8822,2024-05-01,18.0,F,Basic,Casa,Tappeto,36,4,144,PayPal,Napoli,0,BRT,4,12
7823,8823,2024-05-23,26.0,F,Basic,Casa,Lampada,21,3,63,PayPal,Napoli,1,GLS,4,10
7824,8824,2024-08-07,,F,Basic,Libri,Romanzo,14,2,28,PayPal,Torino,0,GLS,3,3
7825,8825,2024-11-19,51.0,F,Gold,Sport,Scarpe Running,155,2,310,CreditCard,Bologna,0,GLS,3,1
7826,8826,2024-05-15,46.0,F,Basic,Elettronica,Laptop,309,3,927,CreditCard,Milano,1,GLS,3,17
7827,8827,2024-11-29,37.0,M,Basic,Elettronica,Cuffie,420,1,420,PayPal,Bologna,0,GLS,3,4
7828,8828,2024-05-19,39.0,F,Silver,Casa,Pentola,15,1,15,PayPal,Milano,0,BRT,3,3
7829,8829,2024-12-26,,M,Basic,Libri,Manuale,22,1,22,PayPal,Napoli,0,DHL,3,1
7830,8830,2024-08-27,38.0,M,Basic,Abbigliamento,Scarpe,120,1,120,CreditCard,Milano,1,DHL,2,0
7831,8831,2024-07-15,51.0,M,Gold,Abbigliamento,T-shirt,108,4,432,BankTransfer,Torino,0,GLS,3,15
7832,8832,2024-10-20,24.0,M,Basic,Casa,Coperta,102,2,204,CreditCard,Torino,0,GLS,4,5
7833,8833,2024-05-20,,F,Gold,Elettronica,Cuffie,390,5,1950,Cash,Torino,0,GLS,2,11
7834,8834,2024-09-24,26.0,M,Basic,Elettronica,Smartphone,109,3,327,PayPal,Torino,0,GLS,4,1
7835,8835,2024-04-24,34.0,M,Basic,Libri,Romanzo,23,2,46,PayPal,Roma,1,GLS,4,5
7836,8836,2024-04-18,37.0,F,Basic,Sport,Tappetino Yoga,161,1,161,Cash,Napoli,1,BRT,2,9
7837,8837,2024-12-03,46.0,M,Silver,Elettronica,Laptop,229,2,458,CreditCard,Torino,0,BRT,5,5
7838,8838,2024-09-07,,M,Basic,Casa,Pentola,143,1,143,BankTransfer,Bologna,0,GLS,4,1
7839,8839,2024-09-13,,F,Basic,Libri,Romanzo,16,3,48,CreditCard,Roma,0,BRT,1,13
7840,8840,2024-11-02,26.0,M,Basic,Elettronica,Cuffie,435,3,1305,PayPal,Milano,0,BRT,5,11
7841,8841,2024-03-20,22.0,M,Basic,Casa,Coperta,119,4,476,PayPal,Bologna,0,BRT,1,8
7842,8842,2024-02-17,,M,Basic,Abbigliamento,Maglione,81,1,81,Cash,Roma,1,GLS,4,7
7843,8843,2024-09-16,29.0,F,Basic,Sport,Pallone,73,2,146,BankTransfer,Milano,1,Poste,1,5
7844,8844,2024-04-08,,F,Basic,Casa,Lampada,62,4,248,BankTransfer,Torino,0,GLS,3,6
7845,8845,2024-12-05,18.0,F,Basic,Sport,Pallone,54,2,108,Cash,Napoli,1,DHL,2,5
7846,8846,2024-02-28,51.0,F,Gold,Abbigliamento,Maglione,37,1,37,PayPal,Milano,1,GLS,4,0
7847,8847,2024-06-30,18.0,F,Silver,Libri,Enciclopedia,36,1,36,Cash,Napoli,1,Poste,6,2
7848,8848,2024-06-18,68.0,M,Silver,Casa,Cuscino,86,1,86,CreditCard,Milano,0,BRT,3,4
7849,8849,2024-05-30,,F,Basic,Abbigliamento,T-shirt,187,1,187,CreditCard,Torino,1,Poste,4,3
7850,8850,2024-09-14,39.0,M,Basic,Elettronica,Cuffie,228,3,684,Cash,Bologna,1,Poste,4,10
7851,8851,2024-12-14,57.0,M,Basic,Libri,Manuale,43,2,86,CreditCard,Bologna,0,BRT,4,7
7852,8852,2024-06-17,54.0,M,Basic,Libri,Romanzo,50,1,50,BankTransfer,Bologna,1,DHL,3,0
7853,8853,2024-07-05,22.0,M,Silver,Sport,Tappetino Yoga,56,4,224,CreditCard,Bologna,1,DHL,2,14
7854,8854,2024-04-30,,F,Basic,Casa,Lampada,128,1,128,CreditCard,Bologna,0,Poste,3,2
7855,8855,2024-09-26,,F,Basic,Abbigliamento,T-shirt,73,5,365,BankTransfer,Torino,1,GLS,4,14
7856,8856,2024-02-10,28.0,M,Silver,Elettronica,Smartphone,209,2,418,CreditCard,Bologna,0,BRT,2,12
7857,8857,2024-01-15,30.0,M,Basic,Elettronica,Smartwatch,115,2,230,PayPal,Roma,1,GLS,2,5
7858,8858,2024-05-09,32.0,F,Basic,Sport,Scarpe Running,37,3,111,PayPal,Roma,0,GLS,3,18
7859,8859,2024-06-03,18.0,F,Basic,Elettronica,Cuffie,109,1,109,PayPal,Torino,0,BRT,3,5
7860,8860,2024-04-21,50.0,M,Silver,Libri,Fumetto,38,2,76,CreditCard,Milano,0,BRT,5,7
7861,8861,2024-10-03,42.0,M,Basic,Elettronica,Tablet,537,1,537,CreditCard,Milano,0,BRT,3,6
7862,8862,2024-05-29,41.0,F,Gold,Libri,Manuale,34,4,136,BankTransfer,Napoli,0,BRT,4,15
7863,8863,2024-11-09,56.0,F,Gold,Elettronica,Cuffie,108,5,540,CreditCard,Milano,0,BRT,3,12
7864,8864,2024-08-20,18.0,F,Gold,Abbigliamento,Giacca,35,4,140,Cash,Roma,1,BRT,2,14
7865,8865,2024-05-23,56.0,M,Gold,Casa,Pentola,102,2,204,PayPal,Torino,0,BRT,4,4
7866,8866,2024-03-19,,M,Gold,Casa,Lampada,67,1,67,CreditCard,Roma,0,BRT,2,0
7867,8867,2024-03-07,,M,Gold,Libri,Romanzo,35,2,70,Cash,Napoli,1,BRT,5,0
7868,8868,2024-03-01,47.0,F,Basic,Abbigliamento,T-shirt,187,1,187,CreditCard,Roma,0,DHL,2,2
7869,8869,2024-02-15,22.0,F,Basic,Sport,Pallone,76,2,152,CreditCard,Bologna,1,DHL,2,6
7870,8870,2024-01-11,18.0,M,Basic,Elettronica,Laptop,736,1,736,BankTransfer,Torino,0,Poste,7,3
7871,8871,2024-04-05,27.0,M,Basic,Sport,Pallone,159,1,159,CreditCard,Roma,1,BRT,2,6
7872,8872,2024-04-04,38.0,F,Basic,Elettronica,Smartphone,645,1,645,PayPal,Roma,0,Poste,6,5
7873,8873,2024-06-07,21.0,F,Basic,Casa,Lampada,32,1,32,PayPal,Roma,0,Poste,5,5
7874,8874,2024-06-13,19.0,F,Silver,Elettronica,Smartphone,530,4,2120,PayPal,Milano,0,GLS,3,19
7875,8875,2024-05-10,52.0,M,Silver,Abbigliamento,T-shirt,198,1,198,BankTransfer,Roma,0,Poste,2,0
7876,8876,2024-08-17,42.0,M,Silver,Abbigliamento,T-shirt,162,3,486,PayPal,Milano,1,GLS,3,10
7877,8877,2024-12-22,39.0,F,Gold,Abbigliamento,Maglione,137,4,548,CreditCard,Milano,0,Poste,5,9
7878,8878,2024-12-24,30.0,M,Basic,Abbigliamento,Jeans,92,1,92,PayPal,Torino,0,GLS,3,1
7879,8879,2024-01-05,47.0,F,Basic,Abbigliamento,Jeans,123,1,123,PayPal,Bologna,1,GLS,3,0
7880,8880,2024-10-18,75.0,F,Basic,Casa,Tappeto,109,2,218,CreditCard,Milano,0,Poste,2,5
7881,8881,2024-09-04,18.0,F,Basic,Elettronica,Smartphone,547,1,547,CreditCard,Bologna,0,BRT,3,8
7882,8882,2024-10-23,33.0,M,Gold,Libri,Romanzo,36,2,72,CreditCard,Torino,0,DHL,2,14
7883,8883,2024-04-01,,M,Basic,Casa,Pentola,104,3,312,CreditCard,Milano,0,Poste,4,3
7884,8884,2024-03-05,37.0,M,Silver,Elettronica,Laptop,366,4,1464,PayPal,Milano,1,GLS,2,7
7885,8885,2024-07-19,44.0,M,Basic,Elettronica,Smartphone,79,4,316,BankTransfer,Bologna,0,GLS,3,10
7886,8886,2024-10-04,18.0,F,Basic,Casa,Pentola,140,1,140,CreditCard,Torino,0,BRT,2,4
7887,8887,2024-04-19,,F,Basic,Libri,Romanzo,36,2,72,BankTransfer,Roma,0,DHL,2,10
7888,8888,2024-08-01,18.0,M,Basic,Casa,Pentola,88,2,176,CreditCard,Roma,1,GLS,3,8
7889,8889,2024-12-22,35.0,F,Basic,Sport,Borraccia,131,1,131,BankTransfer,Roma,1,BRT,2,3
7890,8890,2024-09-05,35.0,F,Basic,Elettronica,Smartphone,710,1,710,PayPal,Roma,0,GLS,4,2
7891,8891,2024-08-14,41.0,M,Gold,Libri,Enciclopedia,43,2,86,BankTransfer,Torino,0,GLS,4,5
7892,8892,2024-07-22,52.0,M,Gold,Libri,Enciclopedia,36,2,72,CreditCard,Torino,0,BRT,1,12
7893,8893,2024-12-05,26.0,F,Basic,Abbigliamento,T-shirt,142,1,142,BankTransfer,Roma,1,GLS,3,3
7894,8894,2024-03-05,61.0,M,Gold,Casa,Cuscino,68,2,136,PayPal,Milano,0,DHL,3,14
7895,8895,2024-08-26,,F,Basic,Abbigliamento,Giacca,38,1,38,CreditCard,Roma,1,Poste,7,0
7896,8896,2024-09-06,23.0,F,Basic,Abbigliamento,Jeans,41,1,41,PayPal,Milano,0,DHL,4,7
7897,8897,2024-06-30,25.0,M,Basic,Elettronica,Cuffie,612,1,612,CreditCard,Bologna,0,GLS,3,6
7898,8898,2024-07-06,33.0,M,Silver,Elettronica,Tablet,332,3,996,PayPal,Napoli,0,GLS,4,16
7899,8899,2024-05-22,32.0,F,Basic,Libri,Enciclopedia,20,2,40,PayPal,Torino,0,GLS,3,7
7900,8900,2024-06-29,59.0,F,Gold,Elettronica,Smartphone,63,3,189,PayPal,Milano,0,Poste,7,8
7901,8901,2024-12-09,63.0,F,Gold,Libri,Romanzo,23,1,23,PayPal,Milano,1,GLS,4,6
7902,8902,2024-12-24,51.0,F,Basic,Libri,Fumetto,17,2,34,BankTransfer,Torino,1,DHL,3,9
7903,8903,2024-04-07,19.0,F,Basic,Libri,Romanzo,10,1,10,PayPal,Roma,0,Poste,4,3
7904,8904,2024-02-27,36.0,F,Silver,Sport,Tappetino Yoga,119,2,238,CreditCard,Torino,0,BRT,1,6
7905,8905,2024-09-30,30.0,M,Gold,Elettronica,Tablet,618,3,1854,BankTransfer,Torino,0,BRT,5,8
7906,8906,2024-06-21,75.0,F,Gold,Sport,Pallone,29,1,29,Cash,Roma,0,BRT,1,5
7907,8907,2024-11-24,40.0,M,Basic,Casa,Cuscino,136,1,136,Cash,Torino,0,GLS,3,7
7908,8908,2024-04-21,56.0,F,Silver,Elettronica,Smartwatch,222,4,888,CreditCard,Milano,0,GLS,2,9
7909,8909,2024-07-04,23.0,F,Basic,Elettronica,Smartphone,352,1,352,CreditCard,Napoli,1,BRT,2,4
7910,8910,2024-03-04,61.0,F,Silver,Casa,Cuscino,148,1,148,PayPal,Roma,1,DHL,3,2
7911,8911,2024-06-28,53.0,F,Gold,Abbigliamento,Maglione,141,4,564,BankTransfer,Bologna,0,BRT,2,16
7912,8912,2024-05-09,40.0,M,Basic,Abbigliamento,Giacca,101,2,202,PayPal,Roma,1,Poste,4,3
7913,8913,2024-01-22,45.0,F,Basic,Abbigliamento,Maglione,63,2,126,Cash,Bologna,0,BRT,1,5
7914,8914,2024-11-24,22.0,M,Silver,Casa,Lampada,98,1,98,Cash,Bologna,0,BRT,3,0
7915,8915,2024-07-16,29.0,F,Basic,Sport,Pallone,159,1,159,PayPal,Roma,1,BRT,3,0
7916,8916,2024-02-25,36.0,F,Basic,Sport,Manubri,81,2,162,PayPal,Napoli,1,BRT,2,8
7917,8917,2024-10-18,,F,Basic,Sport,Scarpe Running,85,3,255,CreditCard,Roma,0,DHL,2,14
7918,8918,2024-03-11,48.0,M,Silver,Elettronica,Smartphone,419,1,419,CreditCard,Bologna,0,GLS,2,0
7919,8919,2024-01-21,43.0,F,Silver,Libri,Fumetto,17,2,34,BankTransfer,Bologna,1,DHL,3,5
7920,8920,2024-06-24,20.0,M,Basic,Elettronica,Laptop,792,1,792,Cash,Roma,0,Poste,5,3
7921,8921,2024-05-11,30.0,M,Basic,Abbigliamento,Maglione,185,1,185,CreditCard,Torino,0,GLS,3,7
7922,8922,2024-12-22,22.0,F,Silver,Libri,Romanzo,46,1,46,CreditCard,Torino,0,GLS,3,10
7923,8923,2024-12-27,32.0,M,Silver,Abbigliamento,Maglione,187,2,374,CreditCard,Milano,0,GLS,4,5
7924,8924,2024-10-25,18.0,F,Basic,Sport,Tappetino Yoga,118,1,118,BankTransfer,Roma,0,DHL,2,0
7925,8925,2024-06-05,21.0,M,Silver,Abbigliamento,T-shirt,167,1,167,PayPal,Bologna,0,GLS,4,1
7926,8926,2024-08-29,34.0,F,Basic,Elettronica,Smartwatch,679,4,2716,PayPal,Milano,1,Poste,1,13
7927,8927,2024-02-23,,F,Silver,Elettronica,Cuffie,271,1,271,BankTransfer,Torino,0,GLS,2,6
7928,8928,2024-07-13,34.0,M,Basic,Elettronica,Cuffie,588,1,588,CreditCard,Roma,0,GLS,4,9
7929,8929,2024-07-06,30.0,M,Basic,Sport,Pallone,110,4,440,CreditCard,Milano,1,BRT,4,7
7930,8930,2024-04-18,37.0,M,Basic,Casa,Coperta,40,5,200,BankTransfer,Torino,1,GLS,1,20
7931,8931,2024-12-12,18.0,M,Basic,Elettronica,Tablet,639,1,639,Cash,Milano,0,BRT,1,0
7932,8932,2024-12-22,44.0,F,Silver,Elettronica,Laptop,558,4,2232,PayPal,Napoli,1,GLS,5,3
7933,8933,2024-10-18,59.0,F,Basic,Sport,Borraccia,131,4,524,CreditCard,Bologna,1,GLS,3,10
7934,8934,2024-07-05,,F,Basic,Elettronica,Cuffie,139,4,556,PayPal,Bologna,0,GLS,4,12
7935,8935,2024-06-16,18.0,F,Basic,Casa,Coperta,63,1,63,BankTransfer,Napoli,1,BRT,5,0
7936,8936,2024-08-13,62.0,F,Gold,Libri,Guida,45,3,135,CreditCard,Napoli,1,GLS,3,9
7937,8937,2024-06-21,41.0,M,Basic,Sport,Manubri,34,1,34,PayPal,Napoli,1,GLS,4,13
7938,8938,2024-01-07,32.0,F,Basic,Sport,Scarpe Running,69,1,69,CreditCard,Napoli,0,Poste,3,5
7939,8939,2024-07-06,56.0,F,Silver,Elettronica,Smartwatch,208,1,208,PayPal,Milano,0,GLS,4,0
7940,8940,2024-04-15,18.0,F,Basic,Sport,Manubri,64,5,320,BankTransfer,Bologna,0,Poste,1,17
7941,8941,2024-06-30,56.0,F,Gold,Libri,Fumetto,30,1,30,CreditCard,Napoli,0,Poste,9,7
7942,8942,2024-07-02,18.0,M,Basic,Casa,Tappeto,93,2,186,PayPal,Milano,1,BRT,5,10
7943,8943,2024-03-05,64.0,M,Gold,Libri,Fumetto,28,4,112,CreditCard,Torino,0,Poste,3,12
7944,8944,2024-11-21,,M,Basic,Elettronica,Tablet,626,3,1878,CreditCard,Bologna,0,GLS,3,8
7945,8945,2024-04-26,44.0,F,Basic,Elettronica,Tablet,790,2,1580,BankTransfer,Torino,0,Poste,5,8
7946,8946,2024-12-22,,F,Basic,Elettronica,Smartwatch,674,4,2696,PayPal,Roma,1,GLS,3,12
7947,8947,2024-08-15,34.0,F,Silver,Casa,Lampada,21,2,42,BankTransfer,Napoli,0,BRT,3,9
7948,8948,2024-01-13,40.0,F,Basic,Elettronica,Tablet,647,1,647,BankTransfer,Napoli,0,GLS,3,0
7949,8949,2024-01-23,18.0,F,Basic,Sport,Tappetino Yoga,62,2,124,BankTransfer,Torino,0,BRT,4,10
7950,8950,2024-12-14,,M,Basic,Sport,Tappetino Yoga,56,3,168,BankTransfer,Roma,0,BRT,3,10
7951,8951,2024-07-25,48.0,M,Basic,Abbigliamento,Giacca,65,4,260,Cash,Milano,1,BRT,2,14
7952,8952,2024-02-25,47.0,M,Basic,Elettronica,Laptop,504,3,1512,BankTransfer,Torino,1,BRT,5,13
7953,8953,2024-02-19,28.0,F,Basic,Abbigliamento,Giacca,127,3,381,Cash,Milano,1,DHL,2,16
7954,8954,2024-12-05,21.0,F,Basic,Libri,Romanzo,37,1,37,CreditCard,Torino,0,BRT,1,4
7955,8955,2024-09-06,37.0,F,Basic,Casa,Cuscino,62,3,186,CreditCard,Torino,0,GLS,4,19
7956,8956,2024-09-12,68.0,F,Basic,Elettronica,Laptop,538,1,538,BankTransfer,Napoli,0,BRT,5,9
7957,8957,2024-05-28,44.0,F,Basic,Abbigliamento,Jeans,66,2,132,CreditCard,Milano,0,GLS,4,1
7958,8958,2024-05-04,26.0,M,Silver,Casa,Cuscino,36,4,144,BankTransfer,Milano,0,GLS,4,12
7959,8959,2024-05-22,58.0,M,Gold,Sport,Scarpe Running,93,4,372,PayPal,Torino,0,GLS,1,16
7960,8960,2024-01-23,53.0,M,Silver,Sport,Tappetino Yoga,76,1,76,CreditCard,Torino,1,BRT,4,2
7961,8961,2024-04-21,36.0,F,Gold,Elettronica,Tablet,179,1,179,CreditCard,Roma,0,BRT,6,0
7962,8962,2024-01-25,,M,Silver,Sport,Pallone,83,1,83,Cash,Milano,1,Poste,2,0
7963,8963,2024-05-21,25.0,F,Gold,Libri,Manuale,48,1,48,CreditCard,Bologna,0,BRT,4,5
7964,8964,2024-11-13,47.0,M,Basic,Sport,Manubri,170,2,340,PayPal,Torino,0,GLS,4,1
7965,8965,2024-04-07,,F,Silver,Casa,Cuscino,147,2,294,BankTransfer,Napoli,0,BRT,3,0
7966,8966,2024-08-25,34.0,M,Basic,Libri,Manuale,29,1,29,PayPal,Milano,1,GLS,4,0
7967,8967,2024-03-14,,M,Basic,Elettronica,Tablet,129,1,129,Cash,Torino,0,BRT,5,3
7968,8968,2024-02-14,44.0,F,Gold,Abbigliamento,Scarpe,180,2,360,CreditCard,Milano,1,DHL,2,3
7969,8969,2024-03-25,43.0,F,Basic,Elettronica,Smartwatch,572,1,572,PayPal,Roma,0,Poste,4,2
7970,8970,2024-08-03,,M,Basic,Sport,Pallone,84,2,168,PayPal,Bologna,0,BRT,6,3
7971,8971,2024-02-05,68.0,M,Basic,Abbigliamento,Scarpe,57,1,57,PayPal,Bologna,1,GLS,3,9
7972,8972,2024-09-18,22.0,F,Gold,Libri,Guida,9,3,27,PayPal,Bologna,0,BRT,2,14
7973,8973,2024-01-15,18.0,M,Basic,Abbigliamento,Maglione,173,2,346,BankTransfer,Bologna,0,GLS,3,10
7974,8974,2024-09-22,,M,Basic,Libri,Manuale,48,1,48,PayPal,Roma,1,BRT,5,3
7975,8975,2024-04-08,24.0,M,Basic,Abbigliamento,Scarpe,101,2,202,Cash,Torino,1,GLS,3,15
7976,8976,2024-07-22,23.0,M,Basic,Sport,Tappetino Yoga,92,1,92,CreditCard,Napoli,1,BRT,3,0
7977,8977,2024-03-20,49.0,M,Silver,Libri,Enciclopedia,18,2,36,PayPal,Torino,0,BRT,3,4
7978,8978,2024-06-06,45.0,M,Silver,Elettronica,Tablet,405,3,1215,CreditCard,Milano,1,GLS,4,8
7979,8979,2024-11-25,27.0,F,Silver,Elettronica,Smartphone,250,3,750,PayPal,Roma,0,GLS,3,3
7980,8980,2024-01-17,25.0,M,Basic,Libri,Manuale,34,1,34,CreditCard,Roma,1,GLS,4,8
7981,8981,2024-12-27,18.0,M,Basic,Abbigliamento,Giacca,57,1,57,CreditCard,Roma,1,DHL,2,7
7982,8982,2024-12-01,41.0,M,Basic,Elettronica,Laptop,364,2,728,PayPal,Torino,0,BRT,2,0
7983,8983,2024-06-08,22.0,M,Silver,Abbigliamento,Giacca,190,2,380,PayPal,Napoli,0,BRT,4,7
7984,8984,2024-01-10,50.0,F,Silver,Elettronica,Tablet,310,1,310,PayPal,Milano,1,GLS,4,1
7985,8985,2024-10-11,28.0,F,Basic,Casa,Lampada,108,3,324,PayPal,Napoli,1,BRT,3,8
7986,8986,2024-02-20,50.0,F,Basic,Elettronica,Smartphone,317,2,634,CreditCard,Roma,1,GLS,6,6
7987,8987,2024-09-14,20.0,F,Basic,Abbigliamento,Giacca,186,4,744,BankTransfer,Milano,1,BRT,2,5
7988,8988,2024-08-04,22.0,F,Basic,Elettronica,Smartphone,742,1,742,PayPal,Milano,0,Poste,9,3
7989,8989,2024-10-16,34.0,F,Silver,Casa,Tappeto,143,2,286,PayPal,Torino,1,BRT,4,12
7990,8990,2024-08-24,47.0,F,Basic,Sport,Pallone,53,1,53,PayPal,Roma,1,BRT,2,1
7991,8991,2024-01-01,46.0,M,Silver,Sport,Manubri,120,1,120,BankTransfer,Torino,1,BRT,1,6
7992,8992,2024-01-02,30.0,M,Basic,Libri,Romanzo,32,5,160,Cash,Bologna,1,GLS,4,16
7993,8993,2024-12-26,23.0,M,Silver,Elettronica,Laptop,545,2,1090,Cash,Roma,0,Poste,1,3
7994,8994,2024-08-16,48.0,F,Basic,Casa,Pentola,111,1,111,Cash,Bologna,0,GLS,2,1
7995,8995,2024-01-31,,M,Basic,Elettronica,Smartwatch,444,1,444,CreditCard,Roma,0,BRT,3,5
7996,8996,2024-01-27,47.0,F,Silver,Libri,Enciclopedia,32,2,64,PayPal,Bologna,1,BRT,3,6
7997,8997,2024-06-10,68.0,F,Gold,Abbigliamento,Jeans,42,4,168,BankTransfer,Napoli,0,BRT,4,12
7998,8998,2024-12-02,40.0,M,Basic,Libri,Enciclopedia,22,2,44,Cash,Milano,0,BRT,1,9
7999,8999,2024-04-01,59.0,F,Silver,Abbigliamento,Jeans,29,1,29,Cash,Bologna,0,BRT,4,2
8000,9000,2024-10-22,21.0,F,Silver,Abbigliamento,T-shirt,137,2,274,PayPal,Torino,1,Poste,10,2
8001,9001,2024-07-02,37.0,M,Silver,Abbigliamento,Giacca,85,3,255,CreditCard,Milano,0,GLS,3,10
8002,9002,2024-11-12,34.0,F,Basic,Casa,Lampada,107,2,214,PayPal,Bologna,0,BRT,1,7
8003,9003,2024-01-10,18.0,M,Basic,Sport,Manubri,170,3,510,CreditCard,Torino,0,BRT,3,10
8004,9004,2024-11-20,45.0,M,Silver,Elettronica,Smartphone,197,2,394,CreditCard,Milano,0,GLS,4,6
8005,9005,2024-08-18,20.0,F,Basic,Casa,Lampada,89,2,178,CreditCard,Napoli,1,DHL,3,9
8006,9006,2024-07-03,45.0,F,Gold,Elettronica,Smartwatch,291,2,582,PayPal,Milano,0,DHL,2,5
8007,9007,2024-03-04,26.0,M,Basic,Libri,Guida,37,4,148,PayPal,Torino,0,BRT,4,7
8008,9008,2024-11-11,,M,Silver,Elettronica,Cuffie,643,1,643,PayPal,Torino,0,Poste,5,2
8009,9009,2024-07-24,,F,Basic,Elettronica,Smartphone,663,4,2652,Cash,Bologna,1,Poste,7,17
8010,9010,2024-07-10,18.0,M,Basic,Casa,Cuscino,75,3,225,PayPal,Roma,1,Poste,4,10
8011,9011,2024-02-18,54.0,M,Gold,Sport,Borraccia,167,1,167,BankTransfer,Milano,0,BRT,1,0
8012,9012,2024-01-08,30.0,M,Gold,Casa,Coperta,61,3,183,CreditCard,Milano,0,DHL,2,12
8013,9013,2024-12-04,51.0,F,Silver,Abbigliamento,Scarpe,163,2,326,BankTransfer,Napoli,0,BRT,4,5
8014,9014,2024-08-26,35.0,M,Silver,Sport,Manubri,89,2,178,CreditCard,Bologna,1,DHL,2,4
8015,9015,2024-06-19,35.0,F,Basic,Libri,Guida,26,1,26,PayPal,Torino,0,GLS,3,0
8016,9016,2024-12-16,21.0,F,Basic,Libri,Enciclopedia,39,4,156,Cash,Bologna,0,GLS,3,3
8017,9017,2024-07-30,46.0,F,Basic,Abbigliamento,Scarpe,23,4,92,BankTransfer,Milano,1,Poste,4,10
8018,9018,2024-01-18,39.0,F,Gold,Sport,Borraccia,37,4,148,PayPal,Torino,0,Poste,3,11
8019,9019,2024-05-21,31.0,M,Basic,Abbigliamento,Scarpe,171,4,684,BankTransfer,Napoli,1,DHL,2,5
8020,9020,2024-08-01,50.0,F,Gold,Elettronica,Cuffie,435,3,1305,PayPal,Milano,0,DHL,2,12
8021,9021,2024-05-17,44.0,F,Silver,Sport,Borraccia,142,5,710,PayPal,Torino,1,BRT,4,17
8022,9022,2024-07-03,39.0,M,Basic,Casa,Coperta,25,4,100,CreditCard,Milano,1,BRT,4,16
8023,9023,2024-02-29,38.0,M,Gold,Casa,Cuscino,86,2,172,Cash,Milano,1,Poste,6,1
8024,9024,2024-02-07,55.0,F,Silver,Casa,Pentola,97,1,97,BankTransfer,Napoli,1,BRT,7,3
8025,9025,2024-09-21,36.0,F,Gold,Elettronica,Smartphone,724,3,2172,Cash,Napoli,1,BRT,1,13
8026,9026,2024-07-06,68.0,F,Silver,Sport,Tappetino Yoga,86,3,258,BankTransfer,Milano,1,Poste,4,4
8027,9027,2024-03-20,45.0,M,Basic,Elettronica,Tablet,647,1,647,CreditCard,Napoli,0,DHL,2,3
8028,9028,2024-01-01,35.0,M,Silver,Casa,Coperta,122,1,122,CreditCard,Roma,0,BRT,4,6
8029,9029,2024-05-25,55.0,M,Gold,Libri,Romanzo,31,1,31,Cash,Milano,0,Poste,5,2
8030,9030,2024-07-05,18.0,M,Basic,Abbigliamento,Maglione,149,2,298,Cash,Milano,0,GLS,4,11
8031,9031,2024-12-05,57.0,M,Silver,Sport,Borraccia,158,1,158,CreditCard,Milano,0,Poste,7,5
8032,9032,2024-09-15,18.0,F,Basic,Abbigliamento,Maglione,74,1,74,BankTransfer,Milano,1,BRT,4,2
8033,9033,2024-08-08,,M,Basic,Libri,Enciclopedia,21,1,21,Cash,Torino,0,BRT,5,0
8034,9034,2024-11-07,57.0,F,Silver,Elettronica,Laptop,177,3,531,PayPal,Torino,0,Poste,4,10
8035,9035,2024-10-29,18.0,F,Basic,Libri,Romanzo,41,2,82,CreditCard,Bologna,0,GLS,2,1
8036,9036,2024-09-19,33.0,M,Silver,Libri,Romanzo,13,2,26,CreditCard,Bologna,1,BRT,5,5
8037,9037,2024-02-18,23.0,M,Basic,Elettronica,Tablet,328,3,984,CreditCard,Torino,0,Poste,2,8
8038,9038,2024-06-13,38.0,M,Gold,Libri,Fumetto,14,1,14,Cash,Roma,1,DHL,3,0
8039,9039,2024-12-02,27.0,M,Basic,Libri,Fumetto,28,1,28,Cash,Torino,1,Poste,5,9
8040,9040,2024-02-28,30.0,M,Basic,Sport,Manubri,140,1,140,CreditCard,Roma,1,BRT,2,7
8041,9041,2024-03-10,,F,Basic,Sport,Scarpe Running,110,1,110,BankTransfer,Torino,0,GLS,3,5
8042,9042,2024-02-22,53.0,F,Silver,Elettronica,Smartwatch,699,2,1398,BankTransfer,Torino,0,Poste,4,0
8043,9043,2024-07-26,50.0,F,Silver,Elettronica,Cuffie,277,2,554,BankTransfer,Roma,1,BRT,2,2
8044,9044,2024-04-15,,F,Silver,Casa,Coperta,34,2,68,CreditCard,Roma,0,DHL,2,6
8045,9045,2024-02-05,41.0,F,Basic,Sport,Borraccia,62,2,124,PayPal,Milano,0,BRT,3,7
8046,9046,2024-10-12,43.0,F,Basic,Abbigliamento,T-shirt,83,4,332,BankTransfer,Roma,0,Poste,8,14
8047,9047,2024-07-05,33.0,F,Basic,Abbigliamento,Giacca,55,5,275,PayPal,Roma,0,GLS,4,7
8048,9048,2024-06-09,,F,Basic,Sport,Tappetino Yoga,153,2,306,PayPal,Torino,0,DHL,2,8
8049,9049,2024-03-13,40.0,M,Silver,Elettronica,Smartwatch,747,1,747,CreditCard,Torino,0,GLS,3,5
8050,9050,2024-09-20,47.0,M,Basic,Elettronica,Laptop,316,2,632,Cash,Napoli,0,Poste,2,9
8051,9051,2024-03-21,49.0,M,Silver,Casa,Cuscino,29,3,87,CreditCard,Roma,0,BRT,5,11
8052,9052,2024-06-14,50.0,M,Silver,Abbigliamento,Giacca,92,3,276,PayPal,Torino,0,GLS,4,6
8053,9053,2024-06-01,58.0,F,Gold,Sport,Tappetino Yoga,172,1,172,PayPal,Roma,0,BRT,1,4
8054,9054,2024-02-18,,M,Gold,Abbigliamento,T-shirt,35,4,140,PayPal,Napoli,1,GLS,3,6
8055,9055,2024-09-17,18.0,F,Basic,Libri,Fumetto,27,3,81,CreditCard,Bologna,0,GLS,3,9
8056,9056,2024-06-22,71.0,M,Basic,Sport,Manubri,60,4,240,CreditCard,Napoli,1,GLS,3,11
8057,9057,2024-03-12,33.0,F,Basic,Abbigliamento,T-shirt,38,3,114,BankTransfer,Bologna,0,GLS,5,1
8058,9058,2024-12-17,34.0,M,Basic,Sport,Tappetino Yoga,39,3,117,CreditCard,Torino,1,GLS,3,11
8059,9059,2024-06-08,61.0,F,Gold,Elettronica,Cuffie,436,2,872,PayPal,Milano,0,Poste,3,4
8060,9060,2024-12-10,45.0,M,Basic,Sport,Borraccia,43,2,86,CreditCard,Milano,0,Poste,2,5
8061,9061,2024-12-21,20.0,F,Silver,Libri,Romanzo,30,3,90,CreditCard,Milano,0,BRT,1,7
8062,9062,2024-01-28,,F,Basic,Sport,Scarpe Running,74,1,74,PayPal,Milano,0,DHL,2,4
8063,9063,2024-09-09,18.0,F,Basic,Elettronica,Smartwatch,437,1,437,CreditCard,Torino,0,DHL,1,5
8064,9064,2024-11-08,35.0,F,Silver,Abbigliamento,Maglione,163,3,489,PayPal,Bologna,0,Poste,6,14
8065,9065,2024-11-18,18.0,F,Basic,Elettronica,Smartwatch,433,5,2165,CreditCard,Torino,0,DHL,1,7
8066,9066,2024-03-24,45.0,M,Basic,Libri,Romanzo,34,3,102,CreditCard,Torino,1,BRT,7,7
8067,9067,2024-04-30,18.0,F,Basic,Elettronica,Smartwatch,168,1,168,PayPal,Bologna,1,DHL,2,2
8068,9068,2024-01-28,,F,Basic,Elettronica,Laptop,685,2,1370,BankTransfer,Torino,0,GLS,3,6
8069,9069,2024-03-19,18.0,F,Basic,Libri,Guida,42,1,42,BankTransfer,Milano,1,BRT,3,12
8070,9070,2024-12-08,,M,Basic,Abbigliamento,Jeans,72,2,144,CreditCard,Roma,0,GLS,2,3
8071,9071,2024-11-26,20.0,F,Basic,Sport,Tappetino Yoga,53,1,53,BankTransfer,Napoli,0,Poste,6,3
8072,9072,2024-02-13,18.0,M,Basic,Casa,Lampada,105,1,105,CreditCard,Milano,0,GLS,3,3
8073,9073,2024-04-27,18.0,F,Basic,Libri,Fumetto,47,2,94,CreditCard,Roma,0,DHL,2,10
8074,9074,2024-11-19,,M,Silver,Abbigliamento,Maglione,15,1,15,PayPal,Torino,0,GLS,4,6
8075,9075,2024-01-29,32.0,M,Basic,Elettronica,Tablet,205,2,410,PayPal,Milano,0,Poste,6,0
8076,9076,2024-01-30,21.0,M,Silver,Abbigliamento,Jeans,146,1,146,CreditCard,Roma,1,Poste,5,10
8077,9077,2024-09-02,27.0,M,Silver,Libri,Fumetto,49,2,98,BankTransfer,Milano,0,Poste,7,0
8078,9078,2024-05-19,18.0,F,Silver,Casa,Coperta,102,3,306,PayPal,Roma,0,BRT,3,9
8079,9079,2024-04-16,60.0,F,Silver,Casa,Coperta,34,2,68,BankTransfer,Roma,0,GLS,4,6
8080,9080,2024-08-05,31.0,M,Silver,Sport,Tappetino Yoga,166,1,166,BankTransfer,Roma,0,DHL,2,5
8081,9081,2024-11-24,29.0,F,Basic,Sport,Manubri,87,1,87,Cash,Torino,1,GLS,2,4
8082,9082,2024-04-16,49.0,M,Gold,Casa,Lampada,109,3,327,CreditCard,Roma,1,BRT,2,5
8083,9083,2024-03-25,53.0,M,Gold,Elettronica,Laptop,228,2,456,PayPal,Bologna,0,BRT,3,7
8084,9084,2024-06-24,49.0,M,Basic,Abbigliamento,Maglione,15,1,15,BankTransfer,Torino,0,BRT,6,0
8085,9085,2024-11-13,25.0,M,Silver,Libri,Fumetto,27,1,27,CreditCard,Milano,0,BRT,4,11
8086,9086,2024-11-17,18.0,F,Basic,Casa,Pentola,91,2,182,CreditCard,Milano,0,BRT,3,9
8087,9087,2024-08-19,26.0,F,Gold,Libri,Fumetto,34,1,34,PayPal,Bologna,1,GLS,2,0
8088,9088,2024-08-03,35.0,M,Basic,Elettronica,Cuffie,679,1,679,CreditCard,Torino,0,Poste,4,4
8089,9089,2024-06-15,33.0,M,Basic,Libri,Manuale,31,1,31,PayPal,Milano,1,GLS,5,0
8090,9090,2024-01-11,52.0,F,Gold,Abbigliamento,T-shirt,47,1,47,Cash,Bologna,1,Poste,2,1
8091,9091,2024-10-25,,M,Basic,Sport,Manubri,104,1,104,CreditCard,Torino,0,Poste,1,7
8092,9092,2024-05-15,31.0,F,Gold,Elettronica,Cuffie,377,3,1131,PayPal,Torino,0,BRT,5,6
8093,9093,2024-10-07,44.0,M,Silver,Abbigliamento,Giacca,141,1,141,PayPal,Roma,0,Poste,3,0
8094,9094,2024-02-08,,M,Silver,Casa,Pentola,39,2,78,CreditCard,Roma,0,BRT,2,5
8095,9095,2024-08-10,38.0,M,Basic,Sport,Scarpe Running,24,4,96,CreditCard,Bologna,0,GLS,3,6
8096,9096,2024-12-24,42.0,M,Basic,Elettronica,Smartphone,540,2,1080,CreditCard,Napoli,0,Poste,3,6
8097,9097,2024-11-26,63.0,F,Silver,Sport,Pallone,146,1,146,CreditCard,Torino,0,GLS,3,4
8098,9098,2024-03-09,35.0,F,Basic,Elettronica,Tablet,449,1,449,BankTransfer,Torino,1,BRT,3,1
8099,9099,2024-09-05,28.0,M,Basic,Sport,Tappetino Yoga,55,1,55,PayPal,Bologna,0,GLS,4,0
8100,9100,2024-09-10,18.0,F,Basic,Casa,Pentola,35,3,105,BankTransfer,Napoli,1,DHL,2,9
8101,9101,2024-12-12,38.0,M,Basic,Elettronica,Cuffie,70,3,210,CreditCard,Bologna,0,Poste,5,4
8102,9102,2024-02-19,66.0,F,Gold,Libri,Manuale,12,1,12,PayPal,Bologna,1,Poste,10,0
8103,9103,2024-07-03,44.0,F,Gold,Casa,Coperta,139,1,139,BankTransfer,Napoli,0,Poste,1,1
8104,9104,2024-02-18,34.0,F,Basic,Libri,Romanzo,15,1,15,CreditCard,Roma,0,Poste,6,1
8105,9105,2024-01-20,56.0,F,Silver,Casa,Pentola,149,1,149,CreditCard,Roma,0,Poste,3,0
8106,9106,2024-07-01,18.0,M,Basic,Sport,Scarpe Running,118,1,118,CreditCard,Milano,0,GLS,4,1
8107,9107,2024-04-09,18.0,F,Basic,Libri,Fumetto,16,1,16,BankTransfer,Torino,1,BRT,2,6
8108,9108,2024-12-12,62.0,F,Silver,Abbigliamento,Maglione,89,1,89,CreditCard,Bologna,0,Poste,5,0
8109,9109,2024-01-01,36.0,M,Silver,Libri,Enciclopedia,9,4,36,BankTransfer,Torino,0,BRT,2,14
8110,9110,2024-07-18,53.0,F,Silver,Sport,Tappetino Yoga,29,4,116,BankTransfer,Napoli,0,Poste,2,15
8111,9111,2024-12-21,38.0,M,Basic,Casa,Cuscino,12,2,24,PayPal,Torino,0,BRT,5,5
8112,9112,2024-10-17,53.0,F,Silver,Casa,Coperta,76,1,76,BankTransfer,Milano,0,GLS,5,5
8113,9113,2024-02-02,75.0,M,Gold,Abbigliamento,Giacca,59,2,118,Cash,Bologna,1,BRT,1,6
8114,9114,2024-10-31,57.0,F,Silver,Casa,Coperta,116,3,348,CreditCard,Roma,1,Poste,4,4
8115,9115,2024-02-22,21.0,F,Silver,Casa,Cuscino,112,4,448,BankTransfer,Milano,0,Poste,5,9
8116,9116,2024-09-26,31.0,F,Basic,Casa,Lampada,92,1,92,PayPal,Milano,1,DHL,1,8
8117,9117,2024-10-07,26.0,F,Silver,Abbigliamento,Giacca,85,4,340,CreditCard,Roma,0,BRT,2,9
8118,9118,2024-08-17,26.0,M,Basic,Sport,Pallone,39,1,39,CreditCard,Roma,0,GLS,4,1
8119,9119,2024-12-23,52.0,F,Gold,Libri,Manuale,47,2,94,PayPal,Torino,0,BRT,4,9
8120,9120,2024-01-12,43.0,M,Basic,Casa,Tappeto,82,2,164,CreditCard,Roma,0,GLS,3,4
8121,9121,2024-04-19,,M,Basic,Abbigliamento,Maglione,96,2,192,PayPal,Milano,0,GLS,4,8
8122,9122,2024-08-28,53.0,F,Gold,Elettronica,Tablet,253,1,253,CreditCard,Napoli,0,DHL,2,0
8123,9123,2024-12-01,30.0,F,Silver,Libri,Fumetto,45,1,45,BankTransfer,Milano,0,BRT,2,9
8124,9124,2024-08-02,45.0,M,Silver,Sport,Tappetino Yoga,134,3,402,CreditCard,Milano,1,BRT,3,14
8125,9125,2024-05-26,61.0,F,Gold,Casa,Coperta,143,2,286,BankTransfer,Roma,0,BRT,6,1
8126,9126,2024-12-26,40.0,F,Basic,Casa,Tappeto,79,3,237,Cash,Napoli,1,BRT,2,16
8127,9127,2024-08-10,32.0,F,Silver,Casa,Tappeto,119,1,119,BankTransfer,Roma,1,BRT,3,3
8128,9128,2024-10-31,,F,Gold,Libri,Fumetto,45,1,45,PayPal,Roma,1,BRT,4,6
8129,9129,2024-10-02,52.0,M,Gold,Sport,Pallone,126,2,252,Cash,Napoli,0,DHL,3,2
8130,9130,2024-05-28,56.0,M,Silver,Libri,Guida,36,2,72,PayPal,Roma,0,BRT,4,0
8131,9131,2024-05-20,36.0,M,Silver,Elettronica,Tablet,229,4,916,BankTransfer,Roma,1,BRT,2,17
8132,9132,2024-10-18,45.0,M,Gold,Casa,Cuscino,19,1,19,PayPal,Napoli,1,GLS,3,5
8133,9133,2024-02-11,48.0,F,Silver,Casa,Tappeto,126,4,504,BankTransfer,Torino,0,DHL,2,7
8134,9134,2024-09-14,23.0,F,Silver,Abbigliamento,Maglione,54,1,54,BankTransfer,Torino,0,GLS,4,4
8135,9135,2024-10-11,62.0,F,Gold,Elettronica,Laptop,376,1,376,CreditCard,Milano,0,DHL,3,0
8136,9136,2024-05-24,,M,Basic,Sport,Manubri,171,1,171,PayPal,Milano,0,GLS,4,0
8137,9137,2024-11-10,,F,Basic,Libri,Fumetto,19,2,38,BankTransfer,Roma,1,BRT,4,3
8138,9138,2024-09-19,46.0,F,Silver,Abbigliamento,Scarpe,61,1,61,PayPal,Torino,1,Poste,3,0
8139,9139,2024-11-14,45.0,F,Silver,Casa,Coperta,108,2,216,CreditCard,Torino,0,BRT,1,7
8140,9140,2024-01-18,40.0,F,Silver,Casa,Coperta,99,1,99,PayPal,Bologna,0,BRT,3,10
8141,9141,2024-10-04,39.0,F,Basic,Abbigliamento,Giacca,86,1,86,Cash,Torino,1,GLS,3,0
8142,9142,2024-11-22,27.0,M,Basic,Elettronica,Smartwatch,714,2,1428,BankTransfer,Roma,0,BRT,3,12
8143,9143,2024-06-11,33.0,F,Basic,Elettronica,Smartphone,660,1,660,CreditCard,Roma,0,BRT,4,10
8144,9144,2024-03-19,35.0,F,Basic,Libri,Romanzo,26,1,26,CreditCard,Milano,0,BRT,5,10
8145,9145,2024-08-05,18.0,M,Basic,Abbigliamento,Giacca,172,1,172,Cash,Napoli,0,BRT,3,1
8146,9146,2024-09-18,43.0,M,Silver,Sport,Borraccia,21,1,21,Cash,Roma,0,BRT,3,14
8147,9147,2024-07-24,42.0,F,Basic,Elettronica,Tablet,57,2,114,PayPal,Bologna,0,GLS,5,6
8148,9148,2024-07-24,29.0,F,Basic,Elettronica,Laptop,466,1,466,PayPal,Roma,1,Poste,7,0
8149,9149,2024-12-01,57.0,F,Silver,Libri,Manuale,29,2,58,BankTransfer,Roma,1,DHL,3,9
8150,9150,2024-04-26,18.0,M,Silver,Casa,Coperta,103,2,206,CreditCard,Milano,0,BRT,1,9
8151,9151,2024-02-03,36.0,M,Silver,Sport,Tappetino Yoga,133,2,266,PayPal,Roma,0,BRT,1,7
8152,9152,2024-03-24,58.0,F,Silver,Casa,Lampada,76,2,152,BankTransfer,Roma,1,GLS,2,6
8153,9153,2024-04-03,54.0,M,Silver,Casa,Lampada,60,2,120,CreditCard,Bologna,0,DHL,2,12
8154,9154,2024-12-16,75.0,F,Silver,Sport,Scarpe Running,139,3,417,BankTransfer,Roma,1,BRT,3,6
8155,9155,2024-05-19,52.0,F,Gold,Elettronica,Cuffie,92,2,184,BankTransfer,Bologna,0,GLS,4,7
8156,9156,2024-10-09,38.0,F,Basic,Elettronica,Tablet,551,1,551,BankTransfer,Milano,0,BRT,6,1
8157,9157,2024-06-10,,M,Silver,Sport,Borraccia,166,2,332,CreditCard,Milano,0,DHL,2,3
8158,9158,2024-10-04,62.0,M,Basic,Sport,Borraccia,59,2,118,PayPal,Milano,1,Poste,7,5
8159,9159,2024-09-23,22.0,M,Basic,Casa,Lampada,98,1,98,Cash,Roma,0,GLS,3,0
8160,9160,2024-09-10,37.0,M,Basic,Sport,Scarpe Running,148,2,296,PayPal,Milano,0,GLS,4,11
8161,9161,2024-03-18,42.0,M,Silver,Abbigliamento,T-shirt,95,2,190,Cash,Napoli,1,DHL,2,5
8162,9162,2024-09-16,,F,Basic,Elettronica,Smartwatch,82,1,82,PayPal,Napoli,1,DHL,1,2
8163,9163,2024-05-06,40.0,M,Silver,Elettronica,Cuffie,506,2,1012,BankTransfer,Milano,0,Poste,3,0
8164,9164,2024-03-06,44.0,F,Basic,Abbigliamento,Giacca,47,3,141,BankTransfer,Milano,0,GLS,6,10
8165,9165,2024-05-30,40.0,F,Silver,Abbigliamento,Scarpe,50,1,50,BankTransfer,Milano,0,DHL,2,1
8166,9166,2024-05-03,30.0,F,Silver,Elettronica,Tablet,243,4,972,CreditCard,Torino,1,DHL,3,11
8167,9167,2024-01-28,18.0,M,Basic,Abbigliamento,Maglione,51,2,102,Cash,Torino,0,BRT,4,0
8168,9168,2024-08-25,37.0,F,Basic,Sport,Manubri,166,2,332,PayPal,Milano,1,DHL,1,10
8169,9169,2024-07-15,,M,Basic,Casa,Pentola,61,2,122,BankTransfer,Milano,0,Poste,6,4
8170,9170,2024-03-14,40.0,F,Silver,Elettronica,Tablet,554,2,1108,BankTransfer,Milano,0,Poste,2,8
8171,9171,2024-07-25,57.0,F,Basic,Abbigliamento,Scarpe,140,3,420,BankTransfer,Roma,0,GLS,3,6
8172,9172,2024-08-25,59.0,F,Silver,Sport,Scarpe Running,22,1,22,CreditCard,Napoli,1,DHL,3,0
8173,9173,2024-11-04,26.0,M,Basic,Libri,Romanzo,35,1,35,Cash,Torino,1,GLS,3,6
8174,9174,2024-08-21,52.0,F,Gold,Abbigliamento,Giacca,96,1,96,BankTransfer,Milano,1,GLS,3,0
8175,9175,2024-11-29,28.0,F,Silver,Libri,Fumetto,36,1,36,CreditCard,Torino,0,Poste,2,0
8176,9176,2024-06-25,58.0,F,Gold,Casa,Pentola,25,4,100,Cash,Torino,1,BRT,5,5
8177,9177,2024-04-02,51.0,F,Basic,Casa,Tappeto,83,3,249,PayPal,Roma,0,GLS,3,13
8178,9178,2024-12-26,,M,Basic,Sport,Tappetino Yoga,100,2,200,PayPal,Torino,0,Poste,4,5
8179,9179,2024-02-02,18.0,M,Basic,Elettronica,Cuffie,567,3,1701,Cash,Torino,1,BRT,6,10
8180,9180,2024-09-01,,M,Basic,Libri,Enciclopedia,17,2,34,PayPal,Roma,0,BRT,3,8
8181,9181,2024-08-11,36.0,F,Basic,Sport,Tappetino Yoga,133,5,665,CreditCard,Torino,0,GLS,3,13
8182,9182,2024-03-06,29.0,M,Basic,Abbigliamento,Giacca,125,2,250,Cash,Milano,0,Poste,4,4
8183,9183,2024-12-22,29.0,F,Basic,Casa,Tappeto,148,1,148,CreditCard,Milano,0,Poste,1,6
8184,9184,2024-04-10,63.0,F,Basic,Elettronica,Cuffie,100,1,100,PayPal,Bologna,0,Poste,5,7
8185,9185,2024-02-15,75.0,M,Basic,Abbigliamento,Maglione,174,1,174,PayPal,Roma,1,DHL,2,1
8186,9186,2024-10-04,46.0,F,Silver,Casa,Lampada,25,2,50,PayPal,Torino,0,GLS,4,0
8187,9187,2024-01-29,31.0,F,Basic,Libri,Romanzo,16,1,16,BankTransfer,Roma,1,Poste,1,3
8188,9188,2024-03-23,56.0,M,Silver,Sport,Tappetino Yoga,120,1,120,PayPal,Napoli,0,BRT,4,0
8189,9189,2024-03-14,47.0,F,Silver,Sport,Manubri,152,1,152,Cash,Roma,0,DHL,1,6
8190,9190,2024-07-13,49.0,F,Basic,Elettronica,Smartwatch,487,1,487,CreditCard,Bologna,0,BRT,1,9
8191,9191,2024-04-10,46.0,F,Silver,Libri,Enciclopedia,46,3,138,PayPal,Torino,0,Poste,7,6
8192,9192,2024-08-07,38.0,F,Basic,Sport,Scarpe Running,175,1,175,CreditCard,Torino,1,BRT,2,4
8193,9193,2024-02-18,,F,Basic,Casa,Tappeto,68,1,68,CreditCard,Roma,0,GLS,4,2
8194,9194,2024-06-28,36.0,F,Gold,Elettronica,Smartphone,519,2,1038,PayPal,Torino,0,Poste,2,8
8195,9195,2024-07-24,57.0,M,Gold,Sport,Manubri,121,4,484,Cash,Roma,0,DHL,1,19
8196,9196,2024-07-06,,M,Silver,Casa,Lampada,108,1,108,Cash,Roma,1,BRT,1,2
8197,9197,2024-07-10,67.0,F,Basic,Abbigliamento,Giacca,186,1,186,CreditCard,Torino,1,Poste,3,1
8198,9198,2024-01-30,19.0,M,Basic,Casa,Pentola,64,1,64,BankTransfer,Milano,1,BRT,3,4
8199,9199,2024-01-23,42.0,M,Basic,Libri,Enciclopedia,30,4,120,PayPal,Milano,0,Poste,3,13
8200,9200,2024-10-24,55.0,F,Gold,Abbigliamento,T-shirt,18,2,36,BankTransfer,Milano,0,DHL,2,9
8201,9201,2024-05-25,41.0,F,Gold,Abbigliamento,Giacca,101,2,202,PayPal,Roma,0,DHL,2,2
8202,9202,2024-05-20,41.0,F,Basic,Elettronica,Laptop,142,2,284,BankTransfer,Milano,0,Poste,1,0
8203,9203,2024-04-03,38.0,M,Silver,Sport,Manubri,89,2,178,CreditCard,Napoli,1,GLS,4,7
8204,9204,2024-08-21,54.0,F,Basic,Libri,Romanzo,38,2,76,PayPal,Roma,1,BRT,5,0
8205,9205,2024-09-17,64.0,M,Gold,Libri,Fumetto,18,2,36,CreditCard,Milano,0,BRT,4,1
8206,9206,2024-03-20,27.0,F,Silver,Sport,Borraccia,57,4,228,PayPal,Napoli,0,BRT,2,11
8207,9207,2024-08-19,46.0,F,Basic,Abbigliamento,Jeans,87,2,174,PayPal,Roma,0,BRT,3,12
8208,9208,2024-10-22,70.0,M,Silver,Elettronica,Cuffie,109,5,545,PayPal,Roma,0,GLS,3,15
8209,9209,2024-05-18,25.0,F,Silver,Libri,Romanzo,31,3,93,CreditCard,Roma,0,Poste,3,7
8210,9210,2024-09-18,48.0,M,Silver,Abbigliamento,Scarpe,22,3,66,PayPal,Roma,1,Poste,7,12
8211,9211,2024-11-19,43.0,M,Basic,Sport,Borraccia,163,1,163,CreditCard,Bologna,0,Poste,4,10
8212,9212,2024-03-02,54.0,F,Gold,Elettronica,Cuffie,518,1,518,CreditCard,Milano,0,Poste,5,4
8213,9213,2024-08-15,28.0,M,Basic,Abbigliamento,T-shirt,199,1,199,BankTransfer,Napoli,1,Poste,6,0
8214,9214,2024-10-24,,F,Basic,Elettronica,Tablet,613,2,1226,CreditCard,Roma,0,GLS,3,9
8215,9215,2024-10-13,20.0,F,Gold,Sport,Scarpe Running,138,1,138,PayPal,Roma,0,BRT,4,3
8216,9216,2024-05-16,34.0,F,Basic,Abbigliamento,T-shirt,62,1,62,BankTransfer,Torino,1,Poste,7,0
8217,9217,2024-03-04,37.0,F,Basic,Libri,Fumetto,39,2,78,CreditCard,Napoli,0,DHL,2,2
8218,9218,2024-06-17,18.0,F,Basic,Libri,Guida,28,1,28,Cash,Roma,1,DHL,3,0
8219,9219,2024-07-14,59.0,M,Silver,Sport,Tappetino Yoga,73,1,73,CreditCard,Milano,0,BRT,4,6
8220,9220,2024-08-06,,M,Silver,Abbigliamento,Giacca,81,1,81,PayPal,Milano,0,GLS,5,3
8221,9221,2024-04-22,,F,Silver,Elettronica,Smartwatch,236,2,472,CreditCard,Roma,0,BRT,2,15
8222,9222,2024-07-22,30.0,F,Gold,Libri,Romanzo,43,1,43,BankTransfer,Roma,0,BRT,3,13
8223,9223,2024-12-28,38.0,F,Silver,Sport,Tappetino Yoga,143,2,286,PayPal,Roma,0,GLS,2,5
8224,9224,2024-09-24,,M,Basic,Abbigliamento,Jeans,81,1,81,CreditCard,Torino,0,DHL,2,3
8225,9225,2024-11-14,27.0,M,Silver,Abbigliamento,Giacca,30,2,60,PayPal,Milano,0,DHL,3,9
8226,9226,2024-04-13,,M,Gold,Abbigliamento,Jeans,83,2,166,BankTransfer,Torino,1,BRT,4,4
8227,9227,2024-06-26,,F,Basic,Sport,Tappetino Yoga,34,2,68,PayPal,Bologna,1,DHL,2,5
8228,9228,2024-01-13,54.0,M,Basic,Libri,Enciclopedia,10,1,10,CreditCard,Roma,1,DHL,3,5
8229,9229,2024-10-15,,F,Basic,Elettronica,Smartwatch,346,3,1038,Cash,Torino,0,Poste,6,4
8230,9230,2024-11-17,,M,Gold,Casa,Coperta,73,2,146,CreditCard,Bologna,0,BRT,5,2
8231,9231,2024-06-18,18.0,M,Basic,Casa,Coperta,45,2,90,PayPal,Bologna,0,GLS,3,7
8232,9232,2024-12-22,27.0,F,Silver,Sport,Pallone,26,2,52,CreditCard,Napoli,0,GLS,4,10
8233,9233,2024-05-17,40.0,M,Silver,Sport,Manubri,114,2,228,CreditCard,Milano,0,GLS,4,6
8234,9234,2024-12-07,,M,Basic,Libri,Romanzo,35,1,35,PayPal,Milano,0,BRT,2,3
8235,9235,2024-01-12,27.0,M,Basic,Libri,Romanzo,43,2,86,CreditCard,Milano,0,BRT,4,3
8236,9236,2024-10-18,22.0,F,Silver,Sport,Tappetino Yoga,83,4,332,PayPal,Bologna,0,Poste,2,15
8237,9237,2024-03-07,,M,Basic,Abbigliamento,Maglione,30,3,90,PayPal,Torino,0,BRT,1,7
8238,9238,2024-04-23,38.0,M,Silver,Elettronica,Tablet,574,1,574,CreditCard,Napoli,0,BRT,1,0
8239,9239,2024-09-08,19.0,M,Basic,Sport,Tappetino Yoga,60,1,60,CreditCard,Roma,0,BRT,2,6
8240,9240,2024-03-03,,F,Basic,Elettronica,Laptop,301,3,903,BankTransfer,Bologna,0,Poste,5,6
8241,9241,2024-04-21,30.0,M,Silver,Casa,Coperta,87,1,87,BankTransfer,Bologna,1,DHL,3,2
8242,9242,2024-03-12,58.0,F,Silver,Libri,Manuale,27,3,81,PayPal,Milano,0,BRT,1,0
8243,9243,2024-09-10,23.0,F,Basic,Libri,Guida,17,1,17,PayPal,Roma,1,GLS,5,8
8244,9244,2024-12-07,37.0,M,Basic,Libri,Enciclopedia,45,2,90,Cash,Roma,1,BRT,1,8
8245,9245,2024-02-29,,F,Basic,Abbigliamento,T-shirt,130,1,130,BankTransfer,Milano,0,BRT,8,8
8246,9246,2024-07-22,,M,Basic,Abbigliamento,Giacca,39,1,39,CreditCard,Roma,1,BRT,3,9
8247,9247,2024-08-25,47.0,M,Basic,Elettronica,Tablet,270,1,270,BankTransfer,Bologna,1,DHL,1,1
8248,9248,2024-03-04,22.0,M,Basic,Casa,Lampada,59,1,59,PayPal,Torino,1,BRT,4,0
8249,9249,2024-01-23,49.0,M,Basic,Abbigliamento,Maglione,112,2,224,Cash,Napoli,1,Poste,2,3
8250,9250,2024-10-27,44.0,F,Silver,Abbigliamento,T-shirt,24,1,24,Cash,Napoli,0,DHL,4,4
8251,9251,2024-08-25,45.0,F,Silver,Libri,Fumetto,33,1,33,BankTransfer,Torino,1,GLS,3,0
8252,9252,2024-01-08,39.0,F,Gold,Abbigliamento,Giacca,183,2,366,BankTransfer,Torino,0,BRT,1,4
8253,9253,2024-06-17,21.0,M,Basic,Sport,Scarpe Running,131,3,393,CreditCard,Roma,1,DHL,1,11
8254,9254,2024-06-15,18.0,M,Basic,Elettronica,Cuffie,239,1,239,BankTransfer,Torino,1,DHL,3,7
8255,9255,2024-07-09,51.0,M,Gold,Casa,Cuscino,31,1,31,BankTransfer,Bologna,0,BRT,3,4
8256,9256,2024-04-03,59.0,F,Gold,Libri,Romanzo,25,2,50,BankTransfer,Roma,0,GLS,1,0
8257,9257,2024-07-10,50.0,M,Basic,Elettronica,Tablet,799,4,3196,CreditCard,Bologna,1,Poste,5,10
8258,9258,2024-07-16,38.0,M,Silver,Casa,Pentola,141,2,282,CreditCard,Bologna,0,BRT,1,4
8259,9259,2024-09-21,21.0,F,Basic,Elettronica,Smartwatch,362,1,362,PayPal,Roma,1,GLS,3,3
8260,9260,2024-10-29,33.0,F,Silver,Libri,Guida,33,2,66,BankTransfer,Napoli,0,GLS,3,6
8261,9261,2024-12-20,42.0,F,Basic,Abbigliamento,Maglione,120,2,240,PayPal,Bologna,1,BRT,4,1
8262,9262,2024-04-15,72.0,M,Gold,Abbigliamento,Giacca,153,5,765,CreditCard,Bologna,1,Poste,6,18
8263,9263,2024-08-06,33.0,F,Silver,Abbigliamento,Jeans,199,2,398,PayPal,Torino,0,GLS,4,0
8264,9264,2024-11-07,50.0,F,Silver,Casa,Coperta,39,1,39,CreditCard,Bologna,0,DHL,3,9
8265,9265,2024-12-05,,M,Gold,Elettronica,Laptop,606,1,606,CreditCard,Roma,0,Poste,10,6
8266,9266,2024-07-12,20.0,M,Basic,Elettronica,Laptop,169,1,169,CreditCard,Milano,0,GLS,3,10
8267,9267,2024-04-03,46.0,F,Gold,Abbigliamento,Scarpe,118,2,236,CreditCard,Milano,0,BRT,3,7
8268,9268,2024-03-27,26.0,M,Basic,Elettronica,Cuffie,357,2,714,CreditCard,Roma,1,Poste,6,12
8269,9269,2024-09-09,51.0,M,Basic,Sport,Scarpe Running,79,2,158,CreditCard,Torino,0,GLS,4,6
8270,9270,2024-05-16,,M,Gold,Abbigliamento,T-shirt,187,3,561,Cash,Torino,1,GLS,4,11
8271,9271,2024-11-10,40.0,F,Basic,Libri,Romanzo,27,3,81,PayPal,Roma,0,BRT,4,2
8272,9272,2024-09-10,38.0,F,Silver,Sport,Pallone,30,3,90,BankTransfer,Bologna,0,Poste,5,2
8273,9273,2024-07-06,,M,Gold,Casa,Cuscino,67,1,67,CreditCard,Bologna,1,Poste,4,1
8274,9274,2024-08-11,54.0,M,Basic,Elettronica,Tablet,569,2,1138,Cash,Milano,0,DHL,2,5
8275,9275,2024-08-16,,M,Basic,Casa,Tappeto,137,1,137,PayPal,Bologna,0,GLS,4,0
8276,9276,2024-03-24,25.0,M,Basic,Casa,Pentola,72,1,72,CreditCard,Bologna,0,BRT,6,6
8277,9277,2024-10-21,26.0,F,Basic,Abbigliamento,Giacca,119,2,238,CreditCard,Torino,0,DHL,2,2
8278,9278,2024-11-08,67.0,F,Basic,Abbigliamento,Jeans,91,1,91,CreditCard,Roma,0,BRT,5,8
8279,9279,2024-01-01,39.0,M,Basic,Casa,Coperta,28,2,56,CreditCard,Napoli,1,GLS,4,5
8280,9280,2024-06-11,31.0,F,Silver,Casa,Tappeto,32,1,32,BankTransfer,Bologna,1,GLS,2,0
8281,9281,2024-04-30,48.0,M,Basic,Casa,Cuscino,124,1,124,CreditCard,Milano,0,GLS,3,0
8282,9282,2024-09-29,70.0,M,Silver,Elettronica,Tablet,627,1,627,PayPal,Bologna,0,BRT,1,5
8283,9283,2024-03-31,32.0,M,Basic,Sport,Pallone,126,2,252,PayPal,Roma,0,GLS,5,8
8284,9284,2024-05-04,45.0,F,Basic,Casa,Cuscino,124,2,248,PayPal,Roma,1,Poste,8,10
8285,9285,2024-07-17,48.0,F,Silver,Sport,Tappetino Yoga,131,3,393,Cash,Milano,0,GLS,5,8
8286,9286,2024-10-19,36.0,F,Basic,Sport,Borraccia,126,2,252,BankTransfer,Napoli,0,BRT,4,7
8287,9287,2024-10-10,58.0,F,Gold,Elettronica,Cuffie,389,1,389,BankTransfer,Bologna,0,BRT,5,0
8288,9288,2024-12-05,40.0,M,Basic,Libri,Manuale,38,1,38,CreditCard,Roma,1,BRT,4,9
8289,9289,2024-01-17,22.0,M,Basic,Casa,Pentola,27,2,54,PayPal,Napoli,1,DHL,2,1
8290,9290,2024-03-28,49.0,M,Gold,Elettronica,Laptop,797,3,2391,Cash,Milano,0,BRT,3,3
8291,9291,2024-08-31,51.0,F,Gold,Elettronica,Cuffie,519,1,519,PayPal,Milano,0,DHL,2,3
8292,9292,2024-05-14,45.0,M,Gold,Sport,Pallone,48,2,96,CreditCard,Torino,0,GLS,3,1
8293,9293,2024-12-07,47.0,F,Basic,Elettronica,Smartwatch,340,1,340,Cash,Torino,0,GLS,2,6
8294,9294,2024-03-30,54.0,M,Gold,Casa,Coperta,35,4,140,BankTransfer,Roma,0,BRT,3,14
8295,9295,2024-01-30,42.0,F,Silver,Libri,Manuale,33,2,66,CreditCard,Torino,0,BRT,4,9
8296,9296,2024-04-24,36.0,F,Silver,Casa,Cuscino,131,5,655,BankTransfer,Milano,0,GLS,4,14
8297,9297,2024-05-01,18.0,M,Silver,Elettronica,Smartphone,356,2,712,PayPal,Torino,0,BRT,7,4
8298,9298,2024-03-13,47.0,M,Silver,Elettronica,Smartwatch,269,1,269,BankTransfer,Bologna,0,DHL,3,1
8299,9299,2024-03-26,29.0,F,Basic,Elettronica,Cuffie,563,2,1126,BankTransfer,Torino,0,Poste,7,4
8300,9300,2024-10-27,41.0,M,Gold,Libri,Romanzo,40,2,80,PayPal,Bologna,0,BRT,5,6
8301,9301,2024-05-24,30.0,F,Basic,Elettronica,Smartphone,485,2,970,PayPal,Bologna,1,BRT,6,3
8302,9302,2024-02-29,18.0,F,Gold,Elettronica,Tablet,761,1,761,PayPal,Milano,0,Poste,2,8
8303,9303,2024-04-23,18.0,M,Basic,Libri,Manuale,31,2,62,BankTransfer,Milano,1,Poste,6,5
8304,9304,2024-09-30,39.0,M,Basic,Abbigliamento,Giacca,185,2,370,CreditCard,Roma,1,GLS,3,8
8305,9305,2024-05-28,56.0,M,Basic,Sport,Manubri,69,1,69,CreditCard,Roma,1,DHL,1,1
8306,9306,2024-12-13,38.0,M,Basic,Libri,Romanzo,30,1,30,BankTransfer,Bologna,0,BRT,3,3
8307,9307,2024-05-22,53.0,F,Gold,Libri,Manuale,18,4,72,PayPal,Milano,0,DHL,3,11
8308,9308,2024-02-11,66.0,F,Silver,Libri,Guida,33,1,33,Cash,Roma,0,GLS,5,0
8309,9309,2024-05-22,26.0,M,Basic,Elettronica,Cuffie,660,2,1320,PayPal,Milano,0,Poste,5,1
8310,9310,2024-05-25,36.0,M,Basic,Elettronica,Laptop,161,1,161,CreditCard,Roma,1,BRT,3,0
8311,9311,2024-12-12,29.0,M,Basic,Casa,Coperta,31,1,31,PayPal,Milano,0,BRT,4,0
8312,9312,2024-12-16,38.0,F,Silver,Elettronica,Cuffie,629,1,629,PayPal,Roma,1,Poste,5,1
8313,9313,2024-08-03,26.0,F,Basic,Elettronica,Smartphone,426,3,1278,PayPal,Roma,0,Poste,2,16
8314,9314,2024-05-13,23.0,M,Basic,Libri,Manuale,48,3,144,CreditCard,Napoli,1,BRT,4,10
8315,9315,2024-01-13,33.0,M,Basic,Abbigliamento,Maglione,170,3,510,CreditCard,Roma,1,GLS,4,2
8316,9316,2024-12-09,55.0,M,Gold,Casa,Lampada,36,1,36,BankTransfer,Torino,0,Poste,5,3
8317,9317,2024-09-10,,F,Basic,Sport,Borraccia,138,1,138,Cash,Torino,0,Poste,3,2
8318,9318,2024-12-02,30.0,F,Basic,Elettronica,Laptop,149,1,149,PayPal,Napoli,0,Poste,9,1
8319,9319,2024-07-09,,F,Silver,Abbigliamento,T-shirt,62,4,248,PayPal,Torino,0,DHL,2,10
8320,9320,2024-01-26,18.0,M,Basic,Sport,Tappetino Yoga,47,2,94,BankTransfer,Roma,0,DHL,2,2
8321,9321,2024-01-31,27.0,M,Basic,Libri,Romanzo,33,1,33,PayPal,Milano,0,GLS,3,8
8322,9322,2024-07-06,25.0,F,Basic,Sport,Borraccia,122,3,366,BankTransfer,Roma,1,Poste,2,10
8323,9323,2024-08-14,19.0,F,Basic,Elettronica,Laptop,183,1,183,CreditCard,Torino,1,Poste,4,0
8324,9324,2024-06-06,40.0,F,Silver,Elettronica,Cuffie,227,1,227,PayPal,Milano,0,GLS,5,8
8325,9325,2024-10-26,34.0,F,Basic,Libri,Fumetto,43,4,172,Cash,Torino,0,BRT,1,9
8326,9326,2024-06-02,31.0,M,Silver,Libri,Romanzo,29,2,58,Cash,Roma,0,GLS,3,3
8327,9327,2024-08-01,60.0,F,Silver,Casa,Lampada,32,3,96,BankTransfer,Napoli,0,GLS,3,5
8328,9328,2024-12-01,31.0,F,Basic,Casa,Cuscino,110,2,220,CreditCard,Napoli,1,BRT,2,9
8329,9329,2024-05-15,30.0,M,Basic,Abbigliamento,Scarpe,124,2,248,BankTransfer,Napoli,0,Poste,4,4
8330,9330,2024-10-06,18.0,F,Silver,Libri,Enciclopedia,45,3,135,CreditCard,Roma,1,Poste,5,5
8331,9331,2024-12-02,,F,Basic,Casa,Cuscino,32,1,32,PayPal,Torino,1,Poste,5,12
8332,9332,2024-08-28,,F,Silver,Sport,Scarpe Running,145,1,145,PayPal,Napoli,0,GLS,4,0
8333,9333,2024-07-04,39.0,M,Basic,Casa,Lampada,141,1,141,CreditCard,Milano,0,DHL,2,0
8334,9334,2024-02-28,47.0,M,Basic,Sport,Manubri,34,1,34,PayPal,Napoli,0,BRT,5,8
8335,9335,2024-08-11,,F,Basic,Libri,Romanzo,46,3,138,Cash,Torino,0,DHL,1,11
8336,9336,2024-04-29,26.0,M,Basic,Libri,Guida,47,2,94,CreditCard,Napoli,1,BRT,7,4
8337,9337,2024-06-06,61.0,M,Silver,Abbigliamento,Jeans,88,4,352,PayPal,Roma,1,GLS,4,15
8338,9338,2024-10-08,30.0,F,Basic,Libri,Fumetto,27,4,108,CreditCard,Torino,1,BRT,1,16
8339,9339,2024-08-03,27.0,M,Basic,Abbigliamento,Giacca,169,1,169,BankTransfer,Milano,0,BRT,5,2
8340,9340,2024-09-13,27.0,F,Basic,Elettronica,Laptop,204,2,408,BankTransfer,Roma,0,BRT,5,6
8341,9341,2024-01-26,18.0,M,Silver,Elettronica,Smartphone,432,3,1296,CreditCard,Roma,0,GLS,3,1
8342,9342,2024-02-14,47.0,M,Silver,Casa,Lampada,63,4,252,Cash,Bologna,0,GLS,3,15
8343,9343,2024-04-06,30.0,M,Silver,Sport,Scarpe Running,54,2,108,CreditCard,Napoli,0,GLS,2,9
8344,9344,2024-08-07,,F,Gold,Abbigliamento,Maglione,197,1,197,PayPal,Torino,0,Poste,5,2
8345,9345,2024-06-06,18.0,M,Basic,Abbigliamento,Maglione,61,2,122,PayPal,Roma,0,BRT,4,7
8346,9346,2024-09-24,31.0,F,Basic,Elettronica,Smartphone,385,2,770,PayPal,Milano,1,DHL,2,0
8347,9347,2024-04-28,41.0,M,Basic,Casa,Coperta,86,2,172,BankTransfer,Bologna,0,BRT,2,9
8348,9348,2024-12-20,25.0,F,Basic,Libri,Enciclopedia,21,2,42,PayPal,Torino,0,GLS,2,2
8349,9349,2024-08-19,53.0,F,Gold,Abbigliamento,Maglione,63,3,189,CreditCard,Roma,0,DHL,2,13
8350,9350,2024-10-15,,M,Silver,Casa,Coperta,101,2,202,BankTransfer,Roma,0,BRT,1,4
8351,9351,2024-03-12,34.0,M,Basic,Abbigliamento,Giacca,120,3,360,PayPal,Bologna,1,DHL,3,8
8352,9352,2024-12-22,41.0,F,Basic,Elettronica,Laptop,364,1,364,Cash,Torino,0,DHL,2,6
8353,9353,2024-01-25,21.0,F,Basic,Elettronica,Laptop,233,3,699,BankTransfer,Torino,0,Poste,4,7
8354,9354,2024-06-03,27.0,M,Basic,Casa,Coperta,112,2,224,BankTransfer,Milano,1,DHL,2,9
8355,9355,2024-04-28,22.0,F,Silver,Libri,Romanzo,9,1,9,CreditCard,Napoli,0,DHL,2,3
8356,9356,2024-09-05,40.0,F,Basic,Elettronica,Tablet,633,1,633,CreditCard,Bologna,0,BRT,3,5
8357,9357,2024-04-22,48.0,M,Gold,Abbigliamento,Jeans,161,1,161,BankTransfer,Milano,0,Poste,4,1
8358,9358,2024-08-21,24.0,M,Silver,Sport,Scarpe Running,21,1,21,PayPal,Bologna,0,BRT,1,0
8359,9359,2024-07-16,57.0,F,Silver,Casa,Cuscino,91,5,455,PayPal,Roma,0,BRT,2,11
8360,9360,2024-07-13,22.0,F,Gold,Elettronica,Cuffie,640,5,3200,CreditCard,Roma,0,BRT,5,17
8361,9361,2024-09-04,,F,Silver,Sport,Tappetino Yoga,153,2,306,CreditCard,Napoli,0,Poste,6,1
8362,9362,2024-06-11,35.0,F,Basic,Abbigliamento,T-shirt,102,1,102,PayPal,Torino,1,BRT,2,6
8363,9363,2024-09-25,,F,Basic,Sport,Scarpe Running,82,2,164,BankTransfer,Roma,1,GLS,4,0
8364,9364,2024-02-01,26.0,F,Basic,Elettronica,Cuffie,419,2,838,CreditCard,Torino,0,BRT,1,10
8365,9365,2024-08-11,49.0,M,Gold,Libri,Romanzo,23,1,23,PayPal,Roma,0,GLS,3,4
8366,9366,2024-09-20,47.0,M,Silver,Sport,Pallone,173,1,173,Cash,Milano,0,GLS,4,3
8367,9367,2024-04-18,,M,Gold,Abbigliamento,Maglione,55,1,55,CreditCard,Roma,0,Poste,7,0
8368,9368,2024-07-19,44.0,M,Silver,Casa,Cuscino,15,2,30,Cash,Milano,1,Poste,7,3
8369,9369,2024-11-26,21.0,F,Basic,Casa,Tappeto,14,2,28,CreditCard,Milano,0,BRT,2,4
8370,9370,2024-11-05,41.0,F,Basic,Elettronica,Cuffie,207,2,414,BankTransfer,Torino,0,GLS,3,8
8371,9371,2024-08-04,41.0,M,Basic,Sport,Tappetino Yoga,86,5,430,Cash,Bologna,0,Poste,7,12
8372,9372,2024-03-21,37.0,F,Basic,Sport,Tappetino Yoga,118,1,118,PayPal,Bologna,1,Poste,3,0
8373,9373,2024-02-25,48.0,F,Silver,Abbigliamento,Jeans,147,5,735,PayPal,Milano,0,Poste,1,18
8374,9374,2024-07-02,50.0,F,Silver,Abbigliamento,Maglione,77,2,154,PayPal,Torino,0,DHL,3,7
8375,9375,2024-12-04,67.0,M,Basic,Elettronica,Laptop,364,1,364,CreditCard,Milano,0,GLS,2,0
8376,9376,2024-02-08,50.0,M,Basic,Casa,Coperta,142,2,284,CreditCard,Torino,1,Poste,4,0
8377,9377,2024-06-13,31.0,F,Basic,Abbigliamento,Giacca,75,4,300,Cash,Roma,0,GLS,3,15
8378,9378,2024-03-06,37.0,M,Basic,Casa,Lampada,125,2,250,CreditCard,Torino,0,GLS,3,0
8379,9379,2024-02-26,39.0,M,Gold,Casa,Pentola,121,2,242,Cash,Bologna,1,BRT,1,9
8380,9380,2024-08-06,51.0,F,Gold,Elettronica,Smartwatch,268,1,268,Cash,Milano,0,GLS,4,5
8381,9381,2024-05-10,54.0,M,Basic,Abbigliamento,Jeans,40,4,160,Cash,Roma,0,BRT,3,16
8382,9382,2024-11-01,43.0,F,Gold,Abbigliamento,Giacca,117,1,117,BankTransfer,Napoli,1,GLS,3,6
8383,9383,2024-05-24,40.0,F,Basic,Elettronica,Smartwatch,476,3,1428,PayPal,Napoli,0,BRT,3,9
8384,9384,2024-09-03,34.0,M,Basic,Libri,Enciclopedia,44,3,132,PayPal,Milano,0,BRT,3,8
8385,9385,2024-05-30,18.0,F,Basic,Elettronica,Laptop,165,3,495,PayPal,Torino,0,GLS,3,8
8386,9386,2024-05-01,36.0,M,Gold,Elettronica,Smartwatch,174,3,522,CreditCard,Milano,0,GLS,3,9
8387,9387,2024-02-21,38.0,M,Basic,Casa,Cuscino,116,1,116,Cash,Bologna,0,DHL,2,1
8388,9388,2024-06-28,39.0,M,Silver,Casa,Lampada,138,2,276,PayPal,Bologna,0,DHL,1,5
8389,9389,2024-11-19,36.0,M,Basic,Casa,Pentola,100,1,100,CreditCard,Napoli,0,GLS,3,6
8390,9390,2024-03-27,35.0,M,Basic,Casa,Pentola,17,1,17,CreditCard,Milano,1,Poste,4,13
8391,9391,2024-05-29,25.0,M,Basic,Libri,Manuale,39,3,117,BankTransfer,Napoli,1,Poste,5,9
8392,9392,2024-03-19,,M,Basic,Elettronica,Smartphone,533,2,1066,PayPal,Bologna,0,Poste,4,7
8393,9393,2024-12-29,18.0,M,Basic,Abbigliamento,Maglione,67,1,67,BankTransfer,Milano,1,BRT,5,2
8394,9394,2024-02-15,64.0,M,Basic,Abbigliamento,T-shirt,84,3,252,CreditCard,Torino,1,GLS,4,9
8395,9395,2024-05-27,45.0,M,Silver,Sport,Scarpe Running,21,3,63,PayPal,Roma,0,Poste,4,5
8396,9396,2024-03-25,27.0,M,Silver,Elettronica,Smartphone,73,4,292,BankTransfer,Roma,0,GLS,4,10
8397,9397,2024-12-03,31.0,F,Silver,Elettronica,Tablet,162,1,162,PayPal,Milano,0,GLS,3,9
8398,9398,2024-10-11,46.0,F,Silver,Casa,Cuscino,99,3,297,CreditCard,Napoli,0,DHL,1,8
8399,9399,2024-01-15,45.0,F,Basic,Abbigliamento,Jeans,47,2,94,BankTransfer,Milano,0,BRT,2,6
8400,9400,2024-01-31,19.0,F,Basic,Casa,Pentola,126,1,126,CreditCard,Roma,0,BRT,1,6
8401,9401,2024-04-02,45.0,M,Basic,Elettronica,Cuffie,526,4,2104,Cash,Milano,1,BRT,4,11
8402,9402,2024-11-15,34.0,M,Basic,Elettronica,Tablet,356,3,1068,CreditCard,Torino,1,BRT,6,4
8403,9403,2024-06-16,27.0,F,Basic,Casa,Pentola,143,1,143,CreditCard,Roma,0,BRT,4,4
8404,9404,2024-08-08,35.0,M,Silver,Abbigliamento,T-shirt,145,2,290,CreditCard,Napoli,0,Poste,4,3
8405,9405,2024-12-26,42.0,F,Basic,Elettronica,Cuffie,349,2,698,PayPal,Torino,0,Poste,1,8
8406,9406,2024-09-01,57.0,F,Gold,Elettronica,Laptop,546,1,546,CreditCard,Milano,0,BRT,4,4
8407,9407,2024-08-28,18.0,M,Gold,Libri,Fumetto,29,1,29,BankTransfer,Milano,1,Poste,1,0
8408,9408,2024-04-23,24.0,M,Basic,Libri,Enciclopedia,31,3,93,CreditCard,Milano,1,DHL,2,9
8409,9409,2024-05-27,18.0,M,Silver,Casa,Cuscino,39,3,117,CreditCard,Roma,1,DHL,2,5
8410,9410,2024-06-09,30.0,F,Silver,Elettronica,Laptop,308,2,616,PayPal,Torino,0,GLS,3,0
8411,9411,2024-01-23,51.0,M,Silver,Libri,Enciclopedia,42,1,42,PayPal,Milano,0,GLS,3,0
8412,9412,2024-01-09,53.0,M,Gold,Libri,Romanzo,12,4,48,BankTransfer,Roma,0,GLS,3,8
8413,9413,2024-11-03,,F,Silver,Casa,Tappeto,135,2,270,Cash,Bologna,0,GLS,3,8
8414,9414,2024-02-26,47.0,F,Silver,Libri,Romanzo,33,1,33,PayPal,Napoli,0,BRT,2,8
8415,9415,2024-09-13,,F,Basic,Casa,Pentola,27,3,81,PayPal,Milano,0,Poste,5,7
8416,9416,2024-04-16,20.0,M,Basic,Elettronica,Tablet,728,2,1456,PayPal,Roma,0,Poste,1,8
8417,9417,2024-10-12,,F,Basic,Abbigliamento,Giacca,149,1,149,BankTransfer,Napoli,0,GLS,4,0
8418,9418,2024-08-14,57.0,F,Basic,Sport,Scarpe Running,110,3,330,CreditCard,Napoli,1,GLS,3,9
8419,9419,2024-01-31,28.0,F,Gold,Elettronica,Smartphone,230,1,230,CreditCard,Bologna,0,DHL,2,5
8420,9420,2024-09-05,45.0,F,Basic,Elettronica,Tablet,463,1,463,PayPal,Bologna,0,BRT,1,9
8421,9421,2024-01-07,30.0,F,Basic,Libri,Romanzo,12,2,24,PayPal,Milano,0,BRT,3,14
8422,9422,2024-04-16,32.0,M,Basic,Casa,Lampada,80,3,240,Cash,Milano,0,GLS,3,6
8423,9423,2024-11-30,,F,Silver,Libri,Guida,18,1,18,PayPal,Bologna,0,Poste,8,10
8424,9424,2024-08-08,34.0,M,Silver,Sport,Pallone,152,3,456,Cash,Milano,0,DHL,2,7
8425,9425,2024-09-11,40.0,F,Basic,Elettronica,Smartphone,135,2,270,CreditCard,Torino,1,Poste,4,3
8426,9426,2024-07-01,42.0,F,Basic,Casa,Cuscino,17,3,51,PayPal,Napoli,1,GLS,3,10
8427,9427,2024-12-19,42.0,M,Silver,Sport,Pallone,76,3,228,CreditCard,Napoli,1,BRT,2,8
8428,9428,2024-03-26,,F,Silver,Abbigliamento,Scarpe,127,2,254,CreditCard,Bologna,0,BRT,3,0
8429,9429,2024-02-02,36.0,M,Gold,Elettronica,Tablet,559,2,1118,CreditCard,Milano,0,BRT,3,8
8430,9430,2024-11-25,56.0,F,Silver,Casa,Lampada,25,1,25,PayPal,Torino,1,DHL,2,1
8431,9431,2024-09-18,,M,Basic,Sport,Tappetino Yoga,131,4,524,CreditCard,Roma,1,DHL,3,8
8432,9432,2024-06-08,40.0,M,Basic,Casa,Lampada,34,2,68,Cash,Torino,1,Poste,3,2
8433,9433,2024-12-07,60.0,F,Gold,Casa,Pentola,71,1,71,BankTransfer,Milano,0,DHL,4,3
8434,9434,2024-09-04,,M,Silver,Abbigliamento,Scarpe,100,2,200,PayPal,Roma,0,DHL,3,5
8435,9435,2024-06-25,25.0,F,Basic,Libri,Manuale,37,1,37,PayPal,Bologna,0,Poste,5,3
8436,9436,2024-09-23,,M,Silver,Casa,Lampada,88,3,264,Cash,Roma,1,GLS,4,13
8437,9437,2024-06-21,75.0,M,Silver,Sport,Pallone,64,3,192,CreditCard,Milano,0,DHL,2,11
8438,9438,2024-07-08,40.0,M,Silver,Sport,Borraccia,162,2,324,CreditCard,Torino,1,GLS,3,9
8439,9439,2024-10-12,56.0,F,Silver,Casa,Lampada,140,3,420,CreditCard,Roma,1,BRT,2,8
8440,9440,2024-05-18,,F,Gold,Casa,Coperta,109,5,545,Cash,Milano,0,GLS,3,16
8441,9441,2024-07-10,31.0,F,Basic,Elettronica,Cuffie,655,1,655,Cash,Bologna,0,Poste,7,0
8442,9442,2024-11-28,54.0,M,Gold,Libri,Manuale,21,2,42,PayPal,Napoli,0,GLS,3,10
8443,9443,2024-01-22,21.0,F,Basic,Elettronica,Tablet,390,2,780,CreditCard,Roma,0,Poste,4,8
8444,9444,2024-09-22,23.0,F,Gold,Sport,Manubri,165,2,330,BankTransfer,Napoli,0,DHL,2,4
8445,9445,2024-04-21,,F,Gold,Sport,Manubri,155,1,155,CreditCard,Roma,1,BRT,1,9
8446,9446,2024-07-10,,M,Basic,Casa,Pentola,67,4,268,PayPal,Bologna,1,BRT,2,16
8447,9447,2024-04-16,51.0,F,Basic,Sport,Tappetino Yoga,166,2,332,CreditCard,Bologna,1,GLS,3,12
8448,9448,2024-05-14,,F,Basic,Abbigliamento,Maglione,76,4,304,CreditCard,Napoli,0,GLS,4,5
8449,9449,2024-05-09,58.0,F,Gold,Abbigliamento,Maglione,80,5,400,BankTransfer,Torino,0,GLS,4,13
8450,9450,2024-07-14,40.0,F,Basic,Libri,Romanzo,43,1,43,BankTransfer,Roma,0,BRT,2,10
8451,9451,2024-06-07,42.0,M,Basic,Abbigliamento,Scarpe,123,4,492,CreditCard,Milano,0,DHL,3,12
8452,9452,2024-10-03,44.0,M,Silver,Libri,Manuale,39,1,39,Cash,Torino,1,DHL,3,0
8453,9453,2024-07-28,44.0,F,Silver,Abbigliamento,Jeans,40,5,200,PayPal,Milano,1,GLS,3,13
8454,9454,2024-08-20,,M,Basic,Casa,Cuscino,89,1,89,CreditCard,Milano,0,GLS,2,0
8455,9455,2024-12-25,30.0,F,Basic,Elettronica,Smartwatch,274,1,274,CreditCard,Roma,1,GLS,3,3
8456,9456,2024-07-19,42.0,F,Basic,Casa,Lampada,97,2,194,CreditCard,Milano,0,BRT,4,3
8457,9457,2024-10-11,52.0,M,Silver,Libri,Guida,40,2,80,PayPal,Milano,0,GLS,2,0
8458,9458,2024-06-20,43.0,F,Silver,Elettronica,Cuffie,404,1,404,Cash,Roma,0,GLS,5,0
8459,9459,2024-04-03,39.0,M,Basic,Abbigliamento,Scarpe,91,1,91,Cash,Roma,0,DHL,1,4
8460,9460,2024-08-12,38.0,F,Silver,Elettronica,Smartwatch,595,2,1190,BankTransfer,Torino,0,BRT,2,10
8461,9461,2024-08-12,18.0,M,Basic,Libri,Manuale,43,2,86,CreditCard,Torino,0,Poste,3,8
8462,9462,2024-10-17,51.0,F,Silver,Sport,Scarpe Running,171,3,513,PayPal,Bologna,0,BRT,2,11
8463,9463,2024-04-10,43.0,F,Silver,Casa,Coperta,55,1,55,CreditCard,Bologna,1,GLS,3,2
8464,9464,2024-05-24,45.0,F,Silver,Sport,Manubri,137,2,274,Cash,Bologna,0,Poste,2,4
8465,9465,2024-07-01,43.0,F,Silver,Casa,Coperta,86,2,172,PayPal,Torino,1,BRT,4,6
8466,9466,2024-11-07,40.0,F,Basic,Casa,Coperta,19,1,19,CreditCard,Napoli,1,BRT,1,5
8467,9467,2024-01-01,48.0,M,Basic,Casa,Coperta,116,1,116,Cash,Milano,1,BRT,5,7
8468,9468,2024-07-01,51.0,F,Silver,Sport,Tappetino Yoga,48,3,144,CreditCard,Torino,1,GLS,3,10
8469,9469,2024-04-03,18.0,M,Basic,Libri,Fumetto,17,2,34,CreditCard,Bologna,1,DHL,2,6
8470,9470,2024-07-01,47.0,F,Basic,Elettronica,Tablet,660,2,1320,PayPal,Roma,0,BRT,5,3
8471,9471,2024-01-25,55.0,M,Silver,Casa,Pentola,129,2,258,CreditCard,Torino,0,GLS,4,5
8472,9472,2024-05-25,32.0,M,Silver,Abbigliamento,Giacca,58,2,116,BankTransfer,Bologna,0,DHL,3,4
8473,9473,2024-12-03,51.0,F,Gold,Casa,Tappeto,149,2,298,PayPal,Bologna,1,Poste,4,5
8474,9474,2024-10-02,61.0,M,Basic,Abbigliamento,Jeans,173,2,346,CreditCard,Napoli,0,Poste,8,2
8475,9475,2024-09-02,,F,Silver,Sport,Scarpe Running,96,3,288,BankTransfer,Napoli,1,BRT,2,7
8476,9476,2024-02-10,18.0,M,Gold,Libri,Fumetto,32,3,96,CreditCard,Bologna,0,GLS,2,8
8477,9477,2024-09-10,18.0,F,Basic,Sport,Manubri,129,2,258,Cash,Napoli,1,BRT,3,5
8478,9478,2024-08-06,40.0,M,Basic,Casa,Cuscino,141,2,282,PayPal,Roma,0,Poste,1,5
8479,9479,2024-07-26,46.0,F,Basic,Libri,Fumetto,46,3,138,CreditCard,Napoli,1,DHL,3,16
8480,9480,2024-11-29,45.0,F,Silver,Casa,Tappeto,109,1,109,CreditCard,Napoli,0,BRT,3,1
8481,9481,2024-04-14,51.0,M,Gold,Sport,Scarpe Running,107,2,214,CreditCard,Napoli,0,Poste,4,8
8482,9482,2024-07-06,18.0,F,Silver,Sport,Pallone,151,1,151,PayPal,Torino,0,GLS,2,5
8483,9483,2024-11-25,30.0,F,Basic,Libri,Guida,9,1,9,CreditCard,Bologna,1,BRT,4,7
8484,9484,2024-12-24,,F,Gold,Elettronica,Cuffie,653,1,653,CreditCard,Milano,0,DHL,2,3
8485,9485,2024-09-22,26.0,F,Silver,Elettronica,Cuffie,143,2,286,CreditCard,Napoli,1,DHL,1,1
8486,9486,2024-04-26,54.0,M,Silver,Elettronica,Smartwatch,519,4,2076,PayPal,Bologna,0,BRT,2,16
8487,9487,2024-10-03,44.0,F,Basic,Abbigliamento,T-shirt,95,3,285,CreditCard,Roma,1,GLS,4,12
8488,9488,2024-12-05,70.0,F,Basic,Sport,Tappetino Yoga,84,2,168,Cash,Bologna,0,GLS,4,19
8489,9489,2024-10-03,42.0,M,Silver,Libri,Enciclopedia,42,2,84,PayPal,Roma,0,DHL,1,9
8490,9490,2024-04-13,39.0,F,Basic,Abbigliamento,Maglione,177,2,354,CreditCard,Milano,0,GLS,5,12
8491,9491,2024-10-12,47.0,F,Gold,Abbigliamento,Giacca,109,2,218,CreditCard,Milano,0,BRT,1,1
8492,9492,2024-11-23,18.0,M,Basic,Abbigliamento,Scarpe,85,1,85,PayPal,Bologna,1,BRT,2,0
8493,9493,2024-02-19,53.0,F,Silver,Casa,Tappeto,88,2,176,PayPal,Napoli,0,DHL,1,12
8494,9494,2024-08-24,49.0,M,Silver,Elettronica,Laptop,68,3,204,Cash,Napoli,0,DHL,3,11
8495,9495,2024-05-08,67.0,M,Basic,Libri,Fumetto,15,3,45,CreditCard,Napoli,0,Poste,4,11
8496,9496,2024-06-22,64.0,M,Gold,Abbigliamento,T-shirt,84,1,84,PayPal,Milano,0,GLS,3,0
8497,9497,2024-10-18,40.0,M,Gold,Sport,Manubri,105,1,105,CreditCard,Bologna,0,GLS,3,0
8498,9498,2024-11-13,44.0,F,Silver,Casa,Coperta,98,3,294,BankTransfer,Roma,1,BRT,3,6
8499,9499,2024-10-15,29.0,M,Basic,Elettronica,Tablet,731,3,2193,CreditCard,Roma,1,GLS,3,8
8500,9500,2024-05-14,,F,Basic,Abbigliamento,Jeans,39,3,117,CreditCard,Milano,1,Poste,2,8
8501,9501,2024-07-31,39.0,M,Silver,Sport,Scarpe Running,99,1,99,CreditCard,Milano,1,BRT,1,0
8502,9502,2024-07-12,,M,Basic,Elettronica,Tablet,668,1,668,CreditCard,Roma,0,GLS,3,2
8503,9503,2024-05-10,55.0,M,Gold,Libri,Fumetto,20,3,60,BankTransfer,Bologna,0,BRT,5,9
8504,9504,2024-05-07,54.0,M,Gold,Casa,Coperta,124,5,620,PayPal,Torino,0,BRT,5,17
8505,9505,2024-08-21,,F,Basic,Casa,Coperta,99,2,198,CreditCard,Napoli,1,BRT,4,7
8506,9506,2024-01-27,52.0,F,Gold,Sport,Borraccia,156,2,312,CreditCard,Bologna,0,Poste,1,3
8507,9507,2024-06-12,49.0,F,Basic,Sport,Manubri,139,3,417,PayPal,Roma,1,GLS,3,11
8508,9508,2024-10-13,,F,Basic,Sport,Borraccia,62,1,62,PayPal,Milano,0,BRT,1,0
8509,9509,2024-08-02,,M,Silver,Sport,Manubri,120,4,480,CreditCard,Milano,0,Poste,4,11
8510,9510,2024-12-20,64.0,M,Gold,Elettronica,Cuffie,362,2,724,PayPal,Roma,0,Poste,4,14
8511,9511,2024-12-03,44.0,M,Basic,Abbigliamento,Scarpe,47,1,47,PayPal,Torino,1,BRT,5,0
8512,9512,2024-11-26,56.0,M,Basic,Libri,Guida,24,1,24,PayPal,Napoli,0,BRT,1,6
8513,9513,2024-03-10,,M,Gold,Libri,Manuale,48,4,192,BankTransfer,Roma,0,Poste,5,12
8514,9514,2024-01-11,18.0,F,Basic,Libri,Enciclopedia,27,3,81,PayPal,Milano,0,BRT,5,10
8515,9515,2024-10-29,45.0,F,Gold,Elettronica,Laptop,357,1,357,CreditCard,Napoli,0,BRT,3,5
8516,9516,2024-10-05,27.0,M,Basic,Casa,Tappeto,27,1,27,CreditCard,Milano,1,BRT,3,0
8517,9517,2024-12-04,18.0,F,Silver,Libri,Guida,19,1,19,CreditCard,Milano,1,BRT,1,6
8518,9518,2024-06-06,44.0,M,Basic,Elettronica,Smartphone,699,4,2796,CreditCard,Napoli,0,GLS,3,12
8519,9519,2024-04-09,,F,Gold,Abbigliamento,Maglione,80,4,320,BankTransfer,Milano,1,BRT,5,12
8520,9520,2024-02-20,54.0,F,Basic,Sport,Borraccia,62,2,124,Cash,Torino,0,GLS,2,11
8521,9521,2024-06-20,24.0,M,Silver,Sport,Tappetino Yoga,46,2,92,BankTransfer,Napoli,1,Poste,2,13
8522,9522,2024-01-17,34.0,M,Silver,Elettronica,Laptop,387,1,387,PayPal,Bologna,0,BRT,2,9
8523,9523,2024-02-09,64.0,F,Basic,Sport,Scarpe Running,132,1,132,BankTransfer,Torino,1,DHL,2,2
8524,9524,2024-11-29,47.0,F,Basic,Casa,Lampada,54,4,216,CreditCard,Roma,0,DHL,2,22
8525,9525,2024-01-11,33.0,F,Basic,Libri,Romanzo,48,4,192,PayPal,Bologna,0,GLS,4,12
8526,9526,2024-02-23,60.0,F,Silver,Casa,Tappeto,104,2,208,Cash,Torino,0,GLS,3,1
8527,9527,2024-07-05,42.0,M,Silver,Libri,Enciclopedia,10,1,10,PayPal,Roma,0,BRT,2,2
8528,9528,2024-12-27,26.0,F,Silver,Casa,Pentola,29,2,58,PayPal,Bologna,0,Poste,4,4
8529,9529,2024-05-06,25.0,M,Basic,Casa,Cuscino,35,1,35,Cash,Roma,1,DHL,2,5
8530,9530,2024-10-20,41.0,M,Basic,Sport,Tappetino Yoga,169,1,169,PayPal,Napoli,1,GLS,3,2
8531,9531,2024-04-11,51.0,M,Silver,Elettronica,Cuffie,290,1,290,CreditCard,Torino,0,BRT,3,5
8532,9532,2024-07-05,48.0,F,Gold,Casa,Coperta,104,1,104,Cash,Napoli,0,BRT,7,6
8533,9533,2024-04-07,48.0,F,Basic,Elettronica,Smartwatch,752,2,1504,Cash,Roma,0,GLS,3,0
8534,9534,2024-11-19,24.0,M,Silver,Libri,Romanzo,17,4,68,PayPal,Torino,0,BRT,2,13
8535,9535,2024-01-15,46.0,M,Basic,Casa,Lampada,35,2,70,PayPal,Milano,0,BRT,6,9
8536,9536,2024-09-01,50.0,F,Silver,Elettronica,Tablet,731,1,731,BankTransfer,Napoli,1,BRT,1,6
8537,9537,2024-12-18,18.0,M,Basic,Libri,Manuale,43,3,129,Cash,Milano,0,DHL,3,12
8538,9538,2024-04-27,67.0,F,Silver,Abbigliamento,Maglione,194,1,194,Cash,Milano,1,Poste,5,0
8539,9539,2024-11-21,,F,Silver,Abbigliamento,Giacca,86,1,86,CreditCard,Roma,0,Poste,8,3
8540,9540,2024-05-07,44.0,F,Gold,Sport,Scarpe Running,50,1,50,BankTransfer,Milano,0,GLS,4,8
8541,9541,2024-05-13,34.0,F,Basic,Abbigliamento,T-shirt,170,1,170,PayPal,Bologna,0,Poste,6,0
8542,9542,2024-03-29,31.0,M,Basic,Casa,Lampada,117,1,117,PayPal,Torino,0,GLS,4,3
8543,9543,2024-03-20,23.0,M,Basic,Libri,Fumetto,19,3,57,Cash,Torino,1,GLS,3,18
8544,9544,2024-12-06,33.0,M,Basic,Sport,Borraccia,100,1,100,PayPal,Bologna,0,BRT,1,7
8545,9545,2024-06-28,,M,Basic,Abbigliamento,T-shirt,25,5,125,PayPal,Roma,1,GLS,3,14
8546,9546,2024-05-06,,F,Basic,Libri,Guida,24,2,48,BankTransfer,Torino,1,GLS,3,5
8547,9547,2024-03-29,31.0,F,Basic,Abbigliamento,Maglione,165,1,165,CreditCard,Milano,1,GLS,4,1
8548,9548,2024-01-08,18.0,M,Basic,Sport,Scarpe Running,85,3,255,Cash,Bologna,0,DHL,2,16
8549,9549,2024-07-08,25.0,F,Silver,Elettronica,Cuffie,579,2,1158,PayPal,Roma,1,DHL,2,4
8550,9550,2024-01-04,52.0,M,Gold,Casa,Cuscino,123,1,123,PayPal,Milano,0,GLS,2,5
8551,9551,2024-12-15,18.0,F,Silver,Casa,Cuscino,35,1,35,Cash,Bologna,1,GLS,4,0
8552,9552,2024-03-05,38.0,M,Basic,Abbigliamento,Giacca,133,3,399,PayPal,Milano,1,GLS,4,10
8553,9553,2024-04-05,30.0,M,Basic,Elettronica,Smartwatch,531,2,1062,CreditCard,Milano,0,GLS,3,9
8554,9554,2024-03-15,38.0,M,Silver,Abbigliamento,Jeans,195,4,780,PayPal,Milano,1,GLS,4,11
8555,9555,2024-10-12,53.0,F,Silver,Casa,Tappeto,130,2,260,Cash,Napoli,0,BRT,1,2
8556,9556,2024-07-15,,F,Basic,Casa,Lampada,111,1,111,CreditCard,Milano,1,BRT,3,0
8557,9557,2024-12-18,34.0,M,Basic,Libri,Romanzo,8,1,8,BankTransfer,Milano,0,Poste,3,8
8558,9558,2024-07-11,32.0,M,Basic,Casa,Lampada,110,5,550,CreditCard,Torino,0,GLS,3,16
8559,9559,2024-07-31,29.0,M,Basic,Libri,Guida,44,3,132,PayPal,Milano,0,GLS,3,4
8560,9560,2024-07-18,47.0,F,Basic,Libri,Enciclopedia,24,4,96,CreditCard,Roma,1,GLS,3,13
8561,9561,2024-01-13,,F,Basic,Libri,Romanzo,13,5,65,CreditCard,Milano,1,BRT,4,21
8562,9562,2024-01-27,33.0,M,Basic,Abbigliamento,T-shirt,66,1,66,PayPal,Roma,1,DHL,2,13
8563,9563,2024-08-13,35.0,M,Silver,Casa,Lampada,96,2,192,CreditCard,Napoli,0,BRT,4,10
8564,9564,2024-03-21,38.0,M,Basic,Elettronica,Laptop,85,5,425,PayPal,Roma,1,GLS,3,19
8565,9565,2024-01-31,58.0,F,Silver,Libri,Guida,50,1,50,BankTransfer,Torino,0,BRT,3,4
8566,9566,2024-09-07,18.0,M,Basic,Elettronica,Cuffie,365,2,730,CreditCard,Napoli,0,DHL,1,11
8567,9567,2024-12-10,40.0,M,Basic,Elettronica,Smartwatch,231,1,231,BankTransfer,Milano,0,DHL,2,7
8568,9568,2024-06-29,26.0,F,Basic,Elettronica,Smartphone,319,1,319,Cash,Torino,1,GLS,4,4
8569,9569,2024-12-04,39.0,M,Gold,Elettronica,Tablet,217,1,217,CreditCard,Torino,0,BRT,2,0
8570,9570,2024-03-06,41.0,F,Basic,Abbigliamento,T-shirt,42,4,168,Cash,Roma,1,DHL,1,14
8571,9571,2024-06-09,,M,Basic,Sport,Tappetino Yoga,64,4,256,CreditCard,Milano,0,DHL,2,12
8572,9572,2024-03-02,34.0,M,Silver,Abbigliamento,Giacca,20,2,40,Cash,Bologna,1,Poste,3,4
8573,9573,2024-07-14,26.0,F,Basic,Elettronica,Smartphone,84,3,252,PayPal,Milano,1,BRT,1,9
8574,9574,2024-08-02,54.0,F,Silver,Casa,Tappeto,53,1,53,BankTransfer,Napoli,0,BRT,3,5
8575,9575,2024-12-07,18.0,F,Basic,Libri,Manuale,20,4,80,PayPal,Roma,1,Poste,5,15
8576,9576,2024-01-03,72.0,F,Silver,Libri,Fumetto,36,2,72,PayPal,Torino,1,Poste,2,6
8577,9577,2024-10-25,,M,Basic,Elettronica,Smartwatch,224,1,224,BankTransfer,Roma,0,BRT,3,2
8578,9578,2024-06-15,52.0,F,Gold,Casa,Coperta,37,2,74,BankTransfer,Roma,0,GLS,4,0
8579,9579,2024-05-22,62.0,F,Silver,Casa,Lampada,86,3,258,Cash,Bologna,1,GLS,5,10
8580,9580,2024-09-06,18.0,M,Basic,Libri,Enciclopedia,23,1,23,BankTransfer,Milano,0,GLS,3,1
8581,9581,2024-03-07,18.0,F,Gold,Abbigliamento,Maglione,110,2,220,BankTransfer,Roma,0,GLS,4,10
8582,9582,2024-02-05,58.0,F,Gold,Abbigliamento,Scarpe,150,4,600,BankTransfer,Torino,1,GLS,4,19
8583,9583,2024-07-10,28.0,F,Basic,Abbigliamento,T-shirt,135,1,135,Cash,Roma,0,GLS,3,4
8584,9584,2024-05-17,43.0,F,Gold,Casa,Tappeto,115,1,115,PayPal,Roma,0,GLS,5,0
8585,9585,2024-05-09,75.0,F,Silver,Abbigliamento,Jeans,15,2,30,Cash,Napoli,0,BRT,2,4
8586,9586,2024-03-04,36.0,F,Silver,Abbigliamento,Scarpe,59,2,118,CreditCard,Milano,0,GLS,4,7
8587,9587,2024-09-18,40.0,M,Silver,Abbigliamento,T-shirt,103,1,103,PayPal,Roma,0,Poste,4,10
8588,9588,2024-02-28,18.0,F,Silver,Sport,Manubri,145,5,725,Cash,Milano,0,GLS,4,9
8589,9589,2024-05-16,,M,Basic,Casa,Coperta,143,2,286,Cash,Napoli,1,Poste,5,2
8590,9590,2024-02-26,18.0,M,Basic,Abbigliamento,T-shirt,172,1,172,CreditCard,Bologna,0,GLS,2,0
8591,9591,2024-02-21,50.0,M,Silver,Elettronica,Laptop,162,4,648,PayPal,Torino,1,GLS,4,12
8592,9592,2024-07-01,,M,Silver,Libri,Manuale,10,2,20,CreditCard,Milano,0,BRT,3,9
8593,9593,2024-12-04,20.0,M,Basic,Casa,Pentola,145,4,580,CreditCard,Milano,1,GLS,3,11
8594,9594,2024-04-05,25.0,M,Basic,Sport,Borraccia,31,1,31,PayPal,Bologna,0,GLS,3,3
8595,9595,2024-04-28,49.0,M,Silver,Elettronica,Laptop,336,2,672,BankTransfer,Roma,0,Poste,7,10
8596,9596,2024-12-17,59.0,F,Basic,Abbigliamento,Jeans,195,2,390,PayPal,Milano,0,GLS,4,1
8597,9597,2024-02-27,54.0,F,Gold,Libri,Manuale,48,1,48,BankTransfer,Torino,1,GLS,2,2
8598,9598,2024-05-27,18.0,F,Basic,Libri,Enciclopedia,13,5,65,BankTransfer,Bologna,1,BRT,4,18
8599,9599,2024-07-27,33.0,M,Basic,Sport,Pallone,85,2,170,CreditCard,Roma,1,BRT,4,13
8600,9600,2024-09-05,29.0,F,Basic,Libri,Romanzo,21,1,21,PayPal,Roma,1,BRT,4,5
8601,9601,2024-02-06,18.0,M,Silver,Abbigliamento,Giacca,143,1,143,BankTransfer,Roma,0,BRT,2,0
8602,9602,2024-01-19,38.0,M,Silver,Sport,Manubri,134,1,134,CreditCard,Torino,0,BRT,2,0
8603,9603,2024-12-16,50.0,F,Silver,Abbigliamento,T-shirt,30,1,30,Cash,Milano,1,GLS,4,4
8604,9604,2024-06-08,43.0,F,Basic,Sport,Manubri,85,1,85,Cash,Roma,0,BRT,2,6
8605,9605,2024-08-30,61.0,F,Silver,Sport,Borraccia,30,4,120,PayPal,Roma,0,BRT,3,13
8606,9606,2024-01-16,38.0,M,Basic,Sport,Scarpe Running,120,2,240,PayPal,Bologna,0,BRT,1,3
8607,9607,2024-02-05,32.0,F,Basic,Libri,Guida,22,1,22,CreditCard,Napoli,0,GLS,3,0
8608,9608,2024-09-08,41.0,M,Silver,Libri,Fumetto,10,2,20,CreditCard,Roma,1,GLS,4,2
8609,9609,2024-10-20,31.0,F,Basic,Casa,Lampada,120,4,480,PayPal,Bologna,0,Poste,5,15
8610,9610,2024-09-10,,F,Basic,Libri,Romanzo,23,1,23,BankTransfer,Torino,1,BRT,1,0
8611,9611,2024-07-29,34.0,M,Basic,Elettronica,Laptop,627,1,627,BankTransfer,Bologna,1,BRT,5,6
8612,9612,2024-05-04,,M,Silver,Libri,Romanzo,11,2,22,BankTransfer,Milano,1,GLS,3,3
8613,9613,2024-08-18,26.0,M,Silver,Libri,Manuale,27,2,54,PayPal,Napoli,1,DHL,2,2
8614,9614,2024-03-13,41.0,F,Silver,Elettronica,Cuffie,459,5,2295,BankTransfer,Napoli,1,BRT,3,14
8615,9615,2024-06-07,58.0,M,Basic,Abbigliamento,Giacca,160,4,640,Cash,Roma,1,BRT,4,15
8616,9616,2024-04-16,18.0,M,Silver,Casa,Cuscino,84,1,84,Cash,Roma,0,GLS,3,6
8617,9617,2024-06-27,25.0,M,Basic,Libri,Manuale,44,3,132,BankTransfer,Bologna,0,BRT,1,5
8618,9618,2024-06-08,38.0,M,Silver,Casa,Tappeto,34,2,68,Cash,Milano,0,GLS,4,3
8619,9619,2024-11-20,23.0,F,Silver,Libri,Manuale,20,2,40,Cash,Bologna,0,DHL,2,7
8620,9620,2024-05-09,52.0,M,Basic,Libri,Guida,29,2,58,PayPal,Milano,0,Poste,6,9
8621,9621,2024-01-31,35.0,M,Basic,Libri,Enciclopedia,33,2,66,Cash,Torino,1,BRT,4,8
8622,9622,2024-04-09,45.0,F,Silver,Libri,Enciclopedia,48,5,240,BankTransfer,Napoli,1,BRT,5,15
8623,9623,2024-02-29,39.0,M,Basic,Abbigliamento,Maglione,47,5,235,PayPal,Napoli,0,GLS,2,13
8624,9624,2024-08-31,18.0,F,Basic,Sport,Tappetino Yoga,131,2,262,BankTransfer,Milano,0,GLS,4,3
8625,9625,2024-10-28,18.0,M,Basic,Abbigliamento,Jeans,27,3,81,PayPal,Milano,0,BRT,5,12
8626,9626,2024-07-30,42.0,F,Gold,Sport,Pallone,123,1,123,PayPal,Roma,0,Poste,9,5
8627,9627,2024-10-02,36.0,F,Basic,Elettronica,Smartwatch,287,1,287,PayPal,Milano,1,BRT,2,2
8628,9628,2024-07-20,52.0,F,Silver,Casa,Pentola,144,3,432,CreditCard,Torino,0,BRT,1,5
8629,9629,2024-09-06,52.0,M,Silver,Casa,Coperta,145,3,435,Cash,Torino,0,DHL,2,12
8630,9630,2024-09-21,18.0,F,Basic,Sport,Manubri,103,2,206,BankTransfer,Torino,1,BRT,2,7
8631,9631,2024-05-18,36.0,M,Basic,Libri,Enciclopedia,18,3,54,BankTransfer,Napoli,1,GLS,4,8
8632,9632,2024-01-29,46.0,M,Silver,Libri,Fumetto,47,1,47,BankTransfer,Torino,0,GLS,5,7
8633,9633,2024-04-25,,F,Basic,Casa,Tappeto,63,4,252,PayPal,Torino,1,DHL,2,16
8634,9634,2024-07-13,49.0,M,Basic,Sport,Borraccia,165,1,165,CreditCard,Torino,0,Poste,3,3
8635,9635,2024-06-10,46.0,F,Basic,Sport,Borraccia,166,3,498,CreditCard,Napoli,1,BRT,1,14
8636,9636,2024-03-11,67.0,F,Gold,Libri,Manuale,44,3,132,PayPal,Roma,0,BRT,2,12
8637,9637,2024-08-01,,M,Silver,Casa,Lampada,81,1,81,BankTransfer,Milano,0,GLS,4,9
8638,9638,2024-09-10,18.0,M,Basic,Sport,Manubri,165,2,330,PayPal,Torino,0,GLS,3,9
8639,9639,2024-02-04,22.0,F,Silver,Elettronica,Laptop,465,2,930,PayPal,Torino,0,Poste,5,15
8640,9640,2024-02-27,53.0,F,Basic,Elettronica,Tablet,286,4,1144,PayPal,Torino,1,GLS,4,13
8641,9641,2024-06-26,66.0,M,Gold,Libri,Fumetto,49,1,49,CreditCard,Napoli,1,GLS,3,3
8642,9642,2024-07-01,38.0,M,Silver,Elettronica,Smartwatch,494,3,1482,Cash,Milano,1,Poste,8,10
8643,9643,2024-12-31,24.0,F,Silver,Libri,Guida,32,2,64,CreditCard,Milano,0,BRT,1,5
8644,9644,2024-02-06,21.0,M,Basic,Casa,Tappeto,101,1,101,PayPal,Milano,1,BRT,3,3
8645,9645,2024-09-11,51.0,F,Basic,Elettronica,Cuffie,74,3,222,CreditCard,Bologna,0,DHL,2,8
8646,9646,2024-07-03,43.0,M,Basic,Libri,Romanzo,48,4,192,CreditCard,Napoli,1,Poste,6,9
8647,9647,2024-03-23,43.0,M,Silver,Abbigliamento,Jeans,100,1,100,CreditCard,Roma,0,BRT,5,4
8648,9648,2024-10-28,,F,Basic,Abbigliamento,Giacca,35,2,70,PayPal,Roma,1,Poste,12,5
8649,9649,2024-09-25,18.0,M,Silver,Sport,Scarpe Running,167,1,167,BankTransfer,Roma,0,BRT,5,6
8650,9650,2024-10-29,42.0,F,Basic,Casa,Cuscino,58,2,116,CreditCard,Torino,1,BRT,3,3
8651,9651,2024-09-28,69.0,F,Basic,Sport,Scarpe Running,98,1,98,CreditCard,Napoli,0,GLS,3,3
8652,9652,2024-05-08,37.0,M,Silver,Elettronica,Smartwatch,497,4,1988,Cash,Milano,0,BRT,5,20
8653,9653,2024-03-01,47.0,F,Gold,Sport,Scarpe Running,78,2,156,PayPal,Napoli,0,DHL,3,3
8654,9654,2024-12-07,41.0,F,Silver,Casa,Tappeto,28,1,28,Cash,Napoli,0,BRT,1,5
8655,9655,2024-01-08,18.0,M,Basic,Casa,Cuscino,48,2,96,CreditCard,Bologna,1,GLS,2,12
8656,9656,2024-02-28,56.0,M,Gold,Sport,Tappetino Yoga,105,4,420,CreditCard,Torino,0,BRT,3,16
8657,9657,2024-02-15,57.0,F,Silver,Libri,Enciclopedia,33,1,33,BankTransfer,Torino,0,BRT,1,0
8658,9658,2024-03-07,64.0,M,Gold,Sport,Scarpe Running,119,2,238,PayPal,Torino,0,BRT,6,9
8659,9659,2024-10-05,18.0,M,Basic,Elettronica,Laptop,488,3,1464,Cash,Roma,0,BRT,8,13
8660,9660,2024-02-27,26.0,M,Basic,Libri,Enciclopedia,37,4,148,PayPal,Milano,1,DHL,3,15
8661,9661,2024-06-22,73.0,F,Gold,Libri,Enciclopedia,16,2,32,BankTransfer,Torino,0,BRT,4,4
8662,9662,2024-03-21,18.0,M,Basic,Elettronica,Smartwatch,112,2,224,CreditCard,Milano,1,DHL,2,6
8663,9663,2024-04-28,31.0,M,Basic,Libri,Enciclopedia,48,5,240,BankTransfer,Napoli,0,BRT,4,18
8664,9664,2024-10-25,49.0,M,Basic,Casa,Coperta,26,2,52,PayPal,Napoli,1,GLS,2,2
8665,9665,2024-04-20,42.0,F,Gold,Abbigliamento,Scarpe,102,3,306,CreditCard,Milano,1,BRT,5,10
8666,9666,2024-03-02,42.0,M,Basic,Casa,Pentola,55,2,110,PayPal,Napoli,0,DHL,3,5
8667,9667,2024-10-19,26.0,M,Basic,Elettronica,Laptop,371,4,1484,BankTransfer,Torino,1,DHL,2,7
8668,9668,2024-06-10,51.0,M,Silver,Elettronica,Laptop,237,2,474,BankTransfer,Torino,1,BRT,5,9
8669,9669,2024-12-30,18.0,F,Basic,Abbigliamento,Scarpe,200,3,600,BankTransfer,Milano,1,DHL,2,4
8670,9670,2024-01-07,30.0,M,Silver,Casa,Tappeto,67,3,201,CreditCard,Roma,0,GLS,3,2
8671,9671,2024-01-02,,M,Basic,Sport,Tappetino Yoga,161,1,161,PayPal,Napoli,1,BRT,3,4
8672,9672,2024-12-28,25.0,F,Silver,Sport,Manubri,157,1,157,CreditCard,Torino,1,GLS,3,5
8673,9673,2024-07-08,51.0,M,Silver,Libri,Guida,41,3,123,CreditCard,Milano,0,BRT,1,4
8674,9674,2024-06-23,,M,Basic,Casa,Pentola,45,2,90,PayPal,Roma,1,BRT,2,13
8675,9675,2024-03-25,49.0,F,Gold,Casa,Coperta,70,2,140,Cash,Milano,0,BRT,3,0
8676,9676,2024-05-29,40.0,F,Basic,Libri,Enciclopedia,37,1,37,PayPal,Roma,0,BRT,1,2
8677,9677,2024-05-31,32.0,M,Silver,Libri,Enciclopedia,16,1,16,BankTransfer,Torino,1,BRT,1,0
8678,9678,2024-10-21,50.0,M,Silver,Sport,Manubri,88,3,264,CreditCard,Torino,0,Poste,7,9
8679,9679,2024-08-15,68.0,F,Gold,Casa,Pentola,140,4,560,BankTransfer,Roma,1,BRT,4,15
8680,9680,2024-07-18,49.0,F,Gold,Sport,Manubri,29,2,58,BankTransfer,Napoli,0,Poste,4,8
8681,9681,2024-04-16,51.0,M,Silver,Abbigliamento,Giacca,64,2,128,CreditCard,Bologna,1,BRT,2,5
8682,9682,2024-04-15,38.0,M,Silver,Elettronica,Smartphone,249,1,249,Cash,Bologna,0,BRT,8,1
8683,9683,2024-05-05,57.0,M,Silver,Abbigliamento,Scarpe,93,1,93,BankTransfer,Roma,0,GLS,4,6
8684,9684,2024-03-26,40.0,M,Silver,Abbigliamento,Jeans,68,4,272,BankTransfer,Roma,0,DHL,3,12
8685,9685,2024-05-06,43.0,F,Basic,Abbigliamento,T-shirt,54,1,54,CreditCard,Milano,0,BRT,3,5
8686,9686,2024-08-18,42.0,F,Basic,Sport,Borraccia,42,1,42,CreditCard,Milano,0,DHL,2,1
8687,9687,2024-11-06,31.0,F,Basic,Sport,Scarpe Running,163,2,326,PayPal,Milano,1,Poste,5,9
8688,9688,2024-04-06,48.0,F,Silver,Libri,Guida,33,2,66,PayPal,Torino,1,GLS,3,10
8689,9689,2024-02-14,18.0,M,Silver,Elettronica,Laptop,298,1,298,CreditCard,Torino,0,GLS,4,5
8690,9690,2024-08-28,34.0,F,Silver,Elettronica,Tablet,502,2,1004,CreditCard,Napoli,0,BRT,2,4
8691,9691,2024-07-17,,M,Basic,Sport,Manubri,161,2,322,Cash,Roma,0,BRT,2,13
8692,9692,2024-07-31,18.0,M,Basic,Abbigliamento,T-shirt,34,3,102,BankTransfer,Napoli,0,BRT,2,11
8693,9693,2024-10-03,43.0,F,Silver,Sport,Tappetino Yoga,69,2,138,BankTransfer,Torino,0,BRT,2,0
8694,9694,2024-09-23,,M,Basic,Casa,Lampada,43,2,86,PayPal,Milano,0,GLS,3,13
8695,9695,2024-01-05,37.0,M,Basic,Libri,Guida,39,1,39,BankTransfer,Milano,0,Poste,4,2
8696,9696,2024-07-24,,M,Silver,Abbigliamento,Maglione,90,3,270,PayPal,Torino,0,BRT,5,10
8697,9697,2024-05-26,18.0,F,Basic,Casa,Pentola,130,2,260,Cash,Napoli,0,Poste,6,10
8698,9698,2024-09-29,,M,Basic,Sport,Scarpe Running,103,1,103,PayPal,Torino,0,BRT,5,2
8699,9699,2024-09-14,45.0,M,Gold,Libri,Manuale,32,2,64,BankTransfer,Napoli,0,GLS,3,2
8700,9700,2024-02-21,44.0,M,Basic,Elettronica,Cuffie,277,5,1385,CreditCard,Milano,1,GLS,4,12
8701,9701,2024-06-04,32.0,M,Basic,Elettronica,Cuffie,137,1,137,BankTransfer,Milano,0,Poste,9,0
8702,9702,2024-08-06,28.0,F,Basic,Casa,Pentola,62,4,248,Cash,Roma,0,GLS,4,20
8703,9703,2024-03-24,18.0,F,Silver,Sport,Pallone,89,2,178,PayPal,Torino,0,GLS,5,1
8704,9704,2024-06-02,24.0,F,Silver,Libri,Romanzo,41,1,41,PayPal,Milano,1,BRT,3,7
8705,9705,2024-03-21,18.0,F,Silver,Elettronica,Laptop,690,2,1380,BankTransfer,Milano,0,Poste,1,10
8706,9706,2024-08-12,59.0,F,Gold,Abbigliamento,Scarpe,148,2,296,Cash,Milano,0,GLS,4,5
8707,9707,2024-06-13,18.0,M,Basic,Elettronica,Laptop,132,2,264,PayPal,Milano,0,GLS,3,0
8708,9708,2024-06-08,18.0,F,Basic,Casa,Lampada,102,1,102,BankTransfer,Roma,0,GLS,3,0
8709,9709,2024-12-13,46.0,M,Silver,Casa,Lampada,82,2,164,Cash,Milano,0,DHL,2,1
8710,9710,2024-12-30,18.0,M,Basic,Casa,Tappeto,117,4,468,PayPal,Roma,0,BRT,2,12
8711,9711,2024-06-08,54.0,M,Basic,Sport,Scarpe Running,46,1,46,PayPal,Roma,0,BRT,3,0
8712,9712,2024-02-17,41.0,M,Basic,Libri,Enciclopedia,23,2,46,PayPal,Milano,1,BRT,3,6
8713,9713,2024-08-12,60.0,F,Silver,Libri,Guida,29,4,116,CreditCard,Bologna,1,BRT,6,5
8714,9714,2024-05-30,37.0,M,Gold,Sport,Manubri,48,2,96,PayPal,Napoli,0,BRT,1,5
8715,9715,2024-07-11,,F,Basic,Casa,Tappeto,65,4,260,PayPal,Milano,0,BRT,2,12
8716,9716,2024-09-19,46.0,F,Silver,Sport,Borraccia,69,1,69,PayPal,Roma,1,GLS,4,3
8717,9717,2024-09-01,42.0,M,Silver,Libri,Enciclopedia,25,2,50,BankTransfer,Bologna,0,BRT,4,4
8718,9718,2024-05-10,42.0,M,Basic,Sport,Tappetino Yoga,52,1,52,CreditCard,Milano,0,GLS,4,0
8719,9719,2024-03-22,,M,Basic,Abbigliamento,Giacca,68,1,68,PayPal,Roma,0,DHL,2,4
8720,9720,2024-07-19,30.0,M,Silver,Sport,Manubri,171,1,171,CreditCard,Roma,0,GLS,4,4
8721,9721,2024-04-25,34.0,M,Silver,Abbigliamento,T-shirt,93,3,279,PayPal,Roma,1,Poste,1,8
8722,9722,2024-01-30,63.0,F,Gold,Sport,Tappetino Yoga,47,2,94,PayPal,Bologna,0,GLS,3,3
8723,9723,2024-08-12,43.0,F,Basic,Abbigliamento,T-shirt,117,4,468,PayPal,Roma,0,GLS,4,8
8724,9724,2024-08-12,,M,Basic,Abbigliamento,Giacca,71,1,71,PayPal,Milano,1,BRT,3,6
8725,9725,2024-01-12,32.0,F,Basic,Sport,Tappetino Yoga,76,3,228,CreditCard,Bologna,0,Poste,6,14
8726,9726,2024-01-30,53.0,F,Gold,Abbigliamento,Jeans,183,1,183,CreditCard,Bologna,0,GLS,4,4
8727,9727,2024-05-30,48.0,F,Basic,Sport,Borraccia,83,1,83,CreditCard,Bologna,0,Poste,8,2
8728,9728,2024-11-22,35.0,M,Basic,Elettronica,Laptop,524,5,2620,CreditCard,Bologna,1,BRT,3,9
8729,9729,2024-12-20,42.0,F,Basic,Casa,Coperta,59,2,118,BankTransfer,Napoli,1,BRT,2,9
8730,9730,2024-06-14,28.0,M,Basic,Casa,Tappeto,36,2,72,Cash,Milano,1,DHL,2,10
8731,9731,2024-03-19,52.0,M,Gold,Elettronica,Smartwatch,355,2,710,CreditCard,Milano,0,DHL,2,6
8732,9732,2024-09-06,31.0,F,Silver,Abbigliamento,Jeans,118,2,236,CreditCard,Bologna,0,GLS,3,2
8733,9733,2024-10-22,48.0,M,Basic,Sport,Borraccia,61,3,183,BankTransfer,Roma,1,DHL,3,3
8734,9734,2024-03-20,61.0,F,Gold,Elettronica,Tablet,231,1,231,PayPal,Bologna,0,GLS,3,8
8735,9735,2024-05-01,67.0,F,Gold,Sport,Manubri,44,1,44,CreditCard,Bologna,1,DHL,2,0
8736,9736,2024-09-08,,F,Silver,Elettronica,Cuffie,267,2,534,CreditCard,Milano,0,Poste,5,4
8737,9737,2024-08-27,28.0,M,Silver,Casa,Tappeto,93,2,186,CreditCard,Napoli,0,DHL,3,14
8738,9738,2024-11-28,46.0,F,Gold,Abbigliamento,Jeans,23,4,92,Cash,Milano,1,GLS,4,3
8739,9739,2024-03-07,29.0,F,Basic,Libri,Manuale,35,3,105,PayPal,Napoli,1,DHL,2,6
8740,9740,2024-03-06,28.0,M,Basic,Sport,Pallone,146,1,146,Cash,Napoli,0,BRT,4,0
8741,9741,2024-02-28,,F,Basic,Sport,Borraccia,131,1,131,BankTransfer,Milano,0,Poste,6,4
8742,9742,2024-03-02,67.0,F,Gold,Abbigliamento,Scarpe,83,2,166,PayPal,Milano,1,GLS,3,6
8743,9743,2024-05-29,49.0,M,Basic,Abbigliamento,Giacca,123,4,492,PayPal,Torino,0,DHL,2,13
8744,9744,2024-09-14,,F,Basic,Libri,Fumetto,19,1,19,Cash,Milano,1,Poste,1,4
8745,9745,2024-06-25,28.0,F,Basic,Casa,Tappeto,71,1,71,PayPal,Milano,0,BRT,6,1
8746,9746,2024-08-06,38.0,F,Silver,Elettronica,Laptop,650,1,650,Cash,Napoli,0,Poste,2,0
8747,9747,2024-12-24,52.0,M,Silver,Libri,Guida,42,2,84,BankTransfer,Milano,0,GLS,5,4
8748,9748,2024-09-22,57.0,M,Gold,Abbigliamento,Giacca,195,2,390,Cash,Milano,0,BRT,1,12
8749,9749,2024-10-10,25.0,F,Basic,Elettronica,Smartwatch,281,2,562,Cash,Roma,0,DHL,2,6
8750,9750,2024-11-23,18.0,F,Basic,Abbigliamento,Scarpe,54,3,162,PayPal,Torino,0,DHL,4,11
8751,9751,2024-05-30,75.0,F,Silver,Elettronica,Smartphone,640,2,1280,BankTransfer,Roma,0,BRT,1,11
8752,9752,2024-05-16,,F,Silver,Sport,Tappetino Yoga,97,1,97,BankTransfer,Bologna,1,BRT,4,6
8753,9753,2024-08-27,60.0,F,Basic,Sport,Pallone,110,1,110,Cash,Milano,0,BRT,3,0
8754,9754,2024-05-21,,F,Basic,Sport,Pallone,44,1,44,PayPal,Roma,0,Poste,5,0
8755,9755,2024-04-13,,F,Basic,Libri,Manuale,46,1,46,BankTransfer,Milano,0,GLS,3,2
8756,9756,2024-07-04,58.0,M,Silver,Abbigliamento,Maglione,56,1,56,Cash,Milano,0,GLS,3,7
8757,9757,2024-12-16,33.0,M,Basic,Sport,Tappetino Yoga,47,2,94,Cash,Napoli,1,BRT,2,7
8758,9758,2024-11-13,40.0,M,Silver,Libri,Manuale,19,2,38,CreditCard,Milano,0,BRT,2,4
8759,9759,2024-05-29,18.0,F,Basic,Abbigliamento,Giacca,65,4,260,PayPal,Torino,0,DHL,2,5
8760,9760,2024-08-29,,M,Basic,Casa,Coperta,150,3,450,BankTransfer,Milano,0,GLS,3,13
8761,9761,2024-03-20,41.0,M,Basic,Elettronica,Cuffie,355,1,355,CreditCard,Torino,0,Poste,4,4
8762,9762,2024-12-04,22.0,M,Silver,Casa,Tappeto,98,4,392,CreditCard,Napoli,0,GLS,4,8
8763,9763,2024-12-14,37.0,F,Basic,Sport,Manubri,66,3,198,BankTransfer,Roma,0,DHL,2,9
8764,9764,2024-02-03,18.0,F,Silver,Sport,Tappetino Yoga,167,2,334,CreditCard,Roma,0,BRT,3,11
8765,9765,2024-08-01,29.0,F,Silver,Elettronica,Smartphone,798,2,1596,PayPal,Roma,0,BRT,2,8
8766,9766,2024-08-21,49.0,M,Silver,Sport,Manubri,110,1,110,PayPal,Bologna,0,Poste,7,0
8767,9767,2024-03-11,,F,Basic,Sport,Manubri,35,1,35,Cash,Torino,0,BRT,4,0
8768,9768,2024-12-14,49.0,M,Basic,Elettronica,Smartphone,441,2,882,CreditCard,Napoli,1,BRT,1,0
8769,9769,2024-10-30,,F,Basic,Elettronica,Tablet,491,2,982,PayPal,Milano,0,GLS,4,4
8770,9770,2024-12-09,67.0,F,Basic,Libri,Manuale,16,5,80,PayPal,Napoli,1,GLS,4,18
8771,9771,2024-12-28,21.0,F,Silver,Elettronica,Smartwatch,649,4,2596,CreditCard,Bologna,0,BRT,3,13
8772,9772,2024-06-18,,F,Silver,Libri,Guida,26,1,26,Cash,Torino,0,Poste,4,13
8773,9773,2024-09-06,46.0,F,Gold,Sport,Borraccia,21,1,21,PayPal,Milano,0,Poste,1,2
8774,9774,2024-07-15,30.0,M,Silver,Libri,Enciclopedia,24,3,72,CreditCard,Torino,0,BRT,4,11
8775,9775,2024-03-09,49.0,M,Silver,Libri,Guida,45,1,45,BankTransfer,Napoli,0,Poste,6,9
8776,9776,2024-11-04,74.0,M,Gold,Sport,Pallone,94,1,94,PayPal,Napoli,0,Poste,8,0
8777,9777,2024-11-07,30.0,F,Silver,Elettronica,Laptop,628,1,628,BankTransfer,Milano,1,Poste,4,10
8778,9778,2024-12-19,20.0,F,Basic,Abbigliamento,T-shirt,145,3,435,BankTransfer,Milano,0,Poste,3,5
8779,9779,2024-10-03,22.0,M,Basic,Libri,Guida,15,2,30,BankTransfer,Bologna,1,BRT,1,10
8780,9780,2024-01-24,40.0,M,Gold,Elettronica,Tablet,80,4,320,PayPal,Milano,1,DHL,2,16
8781,9781,2024-05-30,25.0,F,Silver,Casa,Pentola,141,2,282,CreditCard,Torino,0,DHL,3,1
8782,9782,2024-06-09,,F,Basic,Casa,Coperta,18,2,36,PayPal,Napoli,0,GLS,5,3
8783,9783,2024-04-14,27.0,F,Basic,Casa,Pentola,17,1,17,Cash,Milano,0,GLS,3,0
8784,9784,2024-11-04,53.0,M,Gold,Sport,Scarpe Running,144,1,144,Cash,Napoli,0,Poste,4,1
8785,9785,2024-03-29,43.0,M,Basic,Abbigliamento,Scarpe,75,1,75,BankTransfer,Roma,1,Poste,6,11
8786,9786,2024-09-10,18.0,M,Silver,Libri,Guida,10,1,10,CreditCard,Torino,0,Poste,5,3
8787,9787,2024-06-14,36.0,F,Basic,Abbigliamento,Giacca,193,1,193,PayPal,Napoli,0,BRT,1,5
8788,9788,2024-02-06,32.0,M,Basic,Casa,Pentola,132,2,264,CreditCard,Milano,0,BRT,6,0
8789,9789,2024-09-24,31.0,F,Basic,Elettronica,Tablet,212,5,1060,PayPal,Bologna,1,DHL,3,6
8790,9790,2024-03-16,25.0,M,Silver,Abbigliamento,Scarpe,28,1,28,BankTransfer,Milano,0,BRT,4,5
8791,9791,2024-02-10,59.0,F,Silver,Sport,Pallone,137,3,411,Cash,Napoli,1,BRT,5,18
8792,9792,2024-04-30,23.0,M,Gold,Casa,Lampada,17,1,17,PayPal,Bologna,0,GLS,5,4
8793,9793,2024-02-08,39.0,M,Basic,Sport,Pallone,24,1,24,PayPal,Roma,1,GLS,3,4
8794,9794,2024-02-16,,F,Silver,Sport,Manubri,88,1,88,PayPal,Bologna,0,Poste,6,3
8795,9795,2024-06-09,,M,Silver,Libri,Enciclopedia,36,2,72,BankTransfer,Bologna,1,BRT,5,8
8796,9796,2024-02-23,,F,Basic,Casa,Cuscino,132,3,396,PayPal,Milano,0,Poste,4,7
8797,9797,2024-11-16,21.0,M,Basic,Libri,Manuale,15,3,45,CreditCard,Milano,0,Poste,4,10
8798,9798,2024-12-22,18.0,F,Basic,Elettronica,Smartwatch,134,1,134,Cash,Milano,1,BRT,4,0
8799,9799,2024-01-10,27.0,F,Basic,Abbigliamento,Giacca,199,1,199,PayPal,Napoli,1,GLS,3,4
8800,9800,2024-11-18,50.0,M,Basic,Casa,Cuscino,78,2,156,PayPal,Milano,0,DHL,2,2
8801,9801,2024-02-12,30.0,F,Silver,Casa,Lampada,48,1,48,Cash,Milano,0,GLS,2,3
8802,9802,2024-01-06,35.0,M,Silver,Libri,Fumetto,18,3,54,CreditCard,Milano,1,BRT,5,8
8803,9803,2024-06-07,38.0,F,Basic,Sport,Borraccia,157,2,314,BankTransfer,Milano,0,GLS,3,4
8804,9804,2024-12-15,56.0,F,Silver,Libri,Guida,30,2,60,PayPal,Milano,0,Poste,3,9
8805,9805,2024-01-31,28.0,F,Silver,Sport,Scarpe Running,32,1,32,PayPal,Milano,0,BRT,3,5
8806,9806,2024-11-01,28.0,M,Basic,Casa,Cuscino,150,1,150,CreditCard,Milano,1,GLS,2,0
8807,9807,2024-12-04,52.0,M,Silver,Abbigliamento,Maglione,161,1,161,PayPal,Bologna,0,Poste,4,7
8808,9808,2024-08-08,35.0,M,Silver,Sport,Pallone,65,5,325,BankTransfer,Roma,0,Poste,7,9
8809,9809,2024-10-09,48.0,M,Basic,Abbigliamento,Maglione,38,3,114,PayPal,Roma,1,BRT,4,11
8810,9810,2024-11-21,42.0,M,Basic,Abbigliamento,Giacca,115,2,230,PayPal,Milano,1,BRT,4,8
8811,9811,2024-07-14,67.0,F,Basic,Elettronica,Smartwatch,626,2,1252,BankTransfer,Napoli,0,GLS,4,9
8812,9812,2024-01-08,49.0,F,Silver,Casa,Pentola,114,1,114,Cash,Milano,0,GLS,3,0
8813,9813,2024-11-22,30.0,M,Basic,Elettronica,Smartphone,634,3,1902,CreditCard,Torino,0,BRT,4,14
8814,9814,2024-06-14,,F,Basic,Sport,Scarpe Running,80,1,80,BankTransfer,Torino,0,GLS,4,5
8815,9815,2024-05-11,52.0,M,Basic,Casa,Tappeto,21,2,42,PayPal,Napoli,0,BRT,6,9
8816,9816,2024-10-30,41.0,M,Basic,Sport,Scarpe Running,99,1,99,PayPal,Roma,1,BRT,1,2
8817,9817,2024-06-04,18.0,F,Basic,Abbigliamento,Scarpe,170,3,510,BankTransfer,Bologna,1,BRT,3,4
8818,9818,2024-08-23,40.0,M,Silver,Abbigliamento,Scarpe,165,3,495,BankTransfer,Roma,1,GLS,3,3
8819,9819,2024-08-01,52.0,F,Basic,Casa,Lampada,35,3,105,Cash,Bologna,1,BRT,2,12
8820,9820,2024-05-05,23.0,F,Basic,Abbigliamento,Scarpe,193,2,386,PayPal,Napoli,0,Poste,4,5
8821,9821,2024-05-23,50.0,F,Basic,Elettronica,Smartwatch,344,1,344,PayPal,Torino,0,BRT,4,7
8822,9822,2024-10-12,23.0,M,Basic,Libri,Romanzo,17,1,17,BankTransfer,Roma,1,BRT,4,11
8823,9823,2024-03-23,42.0,F,Basic,Libri,Guida,41,1,41,Cash,Torino,0,DHL,2,5
8824,9824,2024-12-04,46.0,M,Basic,Libri,Enciclopedia,27,1,27,CreditCard,Bologna,0,Poste,8,3
8825,9825,2024-08-28,18.0,F,Basic,Libri,Enciclopedia,16,1,16,CreditCard,Milano,1,GLS,6,11
8826,9826,2024-02-20,36.0,M,Silver,Sport,Pallone,144,3,432,PayPal,Milano,1,GLS,3,8
8827,9827,2024-06-04,,F,Basic,Casa,Coperta,134,1,134,Cash,Roma,1,BRT,5,0
8828,9828,2024-07-06,21.0,M,Silver,Sport,Borraccia,34,1,34,Cash,Milano,0,GLS,3,8
8829,9829,2024-12-04,36.0,M,Silver,Sport,Scarpe Running,168,3,504,Cash,Roma,1,Poste,3,14
8830,9830,2024-01-30,38.0,F,Silver,Elettronica,Smartphone,576,2,1152,PayPal,Milano,0,GLS,4,5
8831,9831,2024-02-07,23.0,F,Basic,Libri,Manuale,48,2,96,PayPal,Torino,1,GLS,5,10
8832,9832,2024-08-29,46.0,M,Gold,Libri,Enciclopedia,28,2,56,BankTransfer,Roma,0,Poste,4,0
8833,9833,2024-01-23,,F,Silver,Libri,Romanzo,43,1,43,BankTransfer,Torino,0,BRT,3,6
8834,9834,2024-01-27,20.0,M,Silver,Sport,Pallone,122,3,366,CreditCard,Torino,0,GLS,3,10
8835,9835,2024-11-18,,M,Basic,Casa,Lampada,130,1,130,BankTransfer,Torino,0,GLS,3,7
8836,9836,2024-10-10,35.0,F,Basic,Casa,Tappeto,94,4,376,PayPal,Torino,0,BRT,3,13
8837,9837,2024-12-29,60.0,F,Basic,Casa,Pentola,90,2,180,Cash,Torino,0,BRT,5,13
8838,9838,2024-05-08,,F,Silver,Sport,Pallone,94,3,282,CreditCard,Milano,0,DHL,3,5
8839,9839,2024-10-31,39.0,M,Basic,Casa,Cuscino,123,1,123,Cash,Roma,0,BRT,3,0
8840,9840,2024-06-05,34.0,M,Basic,Sport,Borraccia,63,2,126,CreditCard,Milano,0,GLS,3,13
8841,9841,2024-11-12,18.0,M,Basic,Sport,Manubri,113,3,339,CreditCard,Roma,0,Poste,7,9
8842,9842,2024-05-04,,F,Basic,Libri,Enciclopedia,12,1,12,BankTransfer,Napoli,1,Poste,1,1
8843,9843,2024-03-30,45.0,M,Silver,Libri,Manuale,44,3,132,CreditCard,Milano,0,Poste,4,4
8844,9844,2024-10-06,43.0,F,Basic,Sport,Borraccia,152,2,304,BankTransfer,Napoli,1,BRT,3,0
8845,9845,2024-10-07,33.0,M,Gold,Elettronica,Tablet,666,1,666,BankTransfer,Roma,0,GLS,5,2
8846,9846,2024-12-03,56.0,M,Silver,Elettronica,Smartwatch,452,2,904,PayPal,Roma,0,Poste,3,6
8847,9847,2024-02-25,34.0,F,Silver,Abbigliamento,Giacca,21,3,63,CreditCard,Napoli,0,GLS,4,9
8848,9848,2024-11-21,26.0,M,Basic,Casa,Coperta,124,1,124,CreditCard,Roma,1,GLS,4,3
8849,9849,2024-01-07,42.0,M,Basic,Sport,Scarpe Running,79,3,237,CreditCard,Torino,1,Poste,1,8
8850,9850,2024-08-12,28.0,M,Basic,Casa,Coperta,75,4,300,CreditCard,Milano,0,BRT,3,17
8851,9851,2024-10-10,,F,Basic,Abbigliamento,T-shirt,79,2,158,BankTransfer,Roma,0,GLS,4,0
8852,9852,2024-04-18,42.0,M,Basic,Elettronica,Tablet,374,1,374,PayPal,Roma,0,Poste,1,2
8853,9853,2024-10-24,35.0,M,Basic,Abbigliamento,Maglione,124,2,248,PayPal,Milano,1,GLS,3,3
8854,9854,2024-11-19,48.0,M,Silver,Sport,Pallone,103,2,206,PayPal,Roma,1,Poste,4,9
8855,9855,2024-01-12,46.0,M,Basic,Elettronica,Smartphone,575,2,1150,PayPal,Bologna,0,GLS,2,14
8856,9856,2024-02-25,42.0,F,Silver,Casa,Lampada,91,1,91,CreditCard,Roma,0,GLS,4,3
8857,9857,2024-11-15,33.0,F,Basic,Abbigliamento,Scarpe,27,1,27,PayPal,Bologna,1,GLS,3,0
8858,9858,2024-03-29,,M,Silver,Casa,Pentola,15,4,60,Cash,Roma,0,DHL,3,14
8859,9859,2024-11-02,48.0,F,Basic,Elettronica,Smartphone,373,1,373,PayPal,Napoli,0,BRT,1,5
8860,9860,2024-04-11,65.0,F,Silver,Abbigliamento,Scarpe,148,1,148,PayPal,Milano,0,GLS,4,8
8861,9861,2024-02-22,25.0,F,Basic,Elettronica,Cuffie,706,1,706,PayPal,Napoli,0,Poste,5,3
8862,9862,2024-11-22,57.0,F,Gold,Casa,Coperta,80,2,160,PayPal,Roma,0,Poste,3,7
8863,9863,2024-03-13,66.0,M,Gold,Casa,Pentola,95,1,95,BankTransfer,Napoli,0,Poste,5,0
8864,9864,2024-12-30,61.0,F,Silver,Abbigliamento,Scarpe,142,1,142,Cash,Roma,0,BRT,1,0
8865,9865,2024-06-08,32.0,M,Basic,Libri,Enciclopedia,24,1,24,PayPal,Roma,0,Poste,7,0
8866,9866,2024-05-02,40.0,M,Basic,Abbigliamento,T-shirt,119,3,357,PayPal,Torino,1,BRT,2,7
8867,9867,2024-09-20,18.0,M,Basic,Casa,Tappeto,135,1,135,Cash,Napoli,1,Poste,2,3
8868,9868,2024-09-07,34.0,F,Basic,Libri,Fumetto,48,3,144,BankTransfer,Torino,1,GLS,3,4
8869,9869,2024-10-28,30.0,M,Silver,Elettronica,Smartphone,434,1,434,Cash,Roma,0,Poste,2,5
8870,9870,2024-01-26,51.0,F,Basic,Elettronica,Tablet,647,1,647,PayPal,Milano,0,BRT,2,5
8871,9871,2024-11-01,27.0,M,Basic,Libri,Enciclopedia,24,2,48,PayPal,Napoli,1,GLS,3,5
8872,9872,2024-10-29,,M,Gold,Casa,Coperta,83,1,83,Cash,Milano,0,Poste,1,11
8873,9873,2024-10-07,39.0,F,Silver,Casa,Cuscino,97,2,194,Cash,Milano,0,BRT,4,1
8874,9874,2024-09-29,25.0,M,Basic,Sport,Pallone,74,3,222,CreditCard,Milano,0,Poste,9,14
8875,9875,2024-08-17,18.0,F,Basic,Casa,Pentola,60,2,120,Cash,Torino,1,BRT,3,2
8876,9876,2024-10-23,,M,Basic,Sport,Scarpe Running,118,1,118,BankTransfer,Bologna,1,DHL,1,1
8877,9877,2024-04-07,18.0,F,Basic,Abbigliamento,Maglione,24,1,24,PayPal,Milano,1,Poste,6,4
8878,9878,2024-12-31,33.0,M,Basic,Abbigliamento,Giacca,153,1,153,PayPal,Torino,1,Poste,5,0
8879,9879,2024-12-16,55.0,F,Silver,Elettronica,Tablet,610,3,1830,CreditCard,Roma,0,BRT,4,9
8880,9880,2024-07-22,44.0,F,Basic,Libri,Manuale,44,1,44,CreditCard,Roma,0,BRT,7,2
8881,9881,2024-08-04,47.0,F,Basic,Sport,Borraccia,124,1,124,PayPal,Napoli,0,Poste,5,2
8882,9882,2024-10-07,23.0,F,Basic,Abbigliamento,T-shirt,18,3,54,BankTransfer,Roma,0,BRT,4,5
8883,9883,2024-05-30,19.0,F,Silver,Casa,Lampada,94,2,188,PayPal,Roma,0,DHL,3,3
8884,9884,2024-02-12,50.0,M,Silver,Abbigliamento,T-shirt,146,1,146,CreditCard,Milano,0,DHL,3,4
8885,9885,2024-09-08,20.0,F,Basic,Libri,Fumetto,8,4,32,Cash,Roma,0,BRT,2,19
8886,9886,2024-07-08,58.0,F,Basic,Libri,Manuale,34,1,34,BankTransfer,Milano,0,Poste,5,5
8887,9887,2024-10-21,43.0,F,Basic,Sport,Scarpe Running,148,2,296,BankTransfer,Napoli,1,DHL,3,5
8888,9888,2024-04-25,39.0,F,Gold,Sport,Manubri,151,1,151,Cash,Torino,0,BRT,1,10
8889,9889,2024-12-12,43.0,M,Silver,Elettronica,Cuffie,162,3,486,PayPal,Torino,0,BRT,1,13
8890,9890,2024-08-03,19.0,F,Basic,Sport,Tappetino Yoga,28,3,84,BankTransfer,Bologna,1,GLS,5,7
8891,9891,2024-10-28,45.0,M,Basic,Casa,Pentola,102,2,204,PayPal,Torino,0,Poste,8,1
8892,9892,2024-12-16,53.0,F,Gold,Sport,Borraccia,56,4,224,BankTransfer,Torino,0,Poste,4,15
8893,9893,2024-09-16,,F,Basic,Casa,Lampada,130,3,390,Cash,Torino,0,GLS,3,7
8894,9894,2024-12-26,35.0,M,Basic,Libri,Guida,30,2,60,PayPal,Torino,0,BRT,2,6
8895,9895,2024-04-27,25.0,F,Silver,Abbigliamento,Giacca,197,2,394,BankTransfer,Roma,1,DHL,2,8
8896,9896,2024-03-30,39.0,F,Basic,Elettronica,Smartwatch,59,2,118,CreditCard,Roma,0,BRT,1,5
8897,9897,2024-11-19,31.0,M,Silver,Casa,Lampada,49,2,98,PayPal,Napoli,0,GLS,4,5
8898,9898,2024-01-31,53.0,F,Basic,Sport,Borraccia,52,1,52,PayPal,Napoli,1,GLS,5,2
8899,9899,2024-10-04,20.0,F,Silver,Abbigliamento,Maglione,167,2,334,PayPal,Milano,0,Poste,1,7
8900,9900,2024-03-17,36.0,F,Basic,Casa,Cuscino,50,3,150,CreditCard,Roma,1,DHL,2,9
8901,9901,2024-02-04,,F,Silver,Sport,Manubri,156,4,624,BankTransfer,Bologna,0,Poste,5,10
8902,9902,2024-04-01,18.0,F,Silver,Abbigliamento,Giacca,174,2,348,CreditCard,Torino,1,DHL,2,6
8903,9903,2024-02-08,34.0,M,Silver,Libri,Fumetto,32,5,160,BankTransfer,Napoli,1,GLS,4,23
8904,9904,2024-05-21,24.0,F,Basic,Abbigliamento,T-shirt,136,3,408,CreditCard,Napoli,1,BRT,3,5
8905,9905,2024-01-03,28.0,F,Basic,Abbigliamento,Maglione,143,3,429,PayPal,Milano,0,BRT,2,6
8906,9906,2024-05-22,49.0,M,Silver,Libri,Fumetto,27,3,81,CreditCard,Napoli,0,DHL,2,8
8907,9907,2024-12-19,50.0,M,Basic,Libri,Enciclopedia,24,1,24,PayPal,Roma,0,Poste,1,5
8908,9908,2024-12-29,19.0,M,Basic,Elettronica,Tablet,306,2,612,PayPal,Milano,0,BRT,4,8
8909,9909,2024-12-26,37.0,M,Gold,Sport,Pallone,98,1,98,Cash,Milano,0,GLS,4,0
8910,9910,2024-05-15,18.0,M,Basic,Libri,Guida,38,1,38,PayPal,Roma,1,Poste,5,9
8911,9911,2024-10-11,51.0,M,Gold,Sport,Borraccia,71,1,71,Cash,Napoli,1,GLS,3,6
8912,9912,2024-04-11,30.0,M,Basic,Libri,Fumetto,29,1,29,BankTransfer,Torino,1,BRT,1,2
8913,9913,2024-02-11,53.0,F,Gold,Libri,Enciclopedia,26,4,104,Cash,Milano,0,Poste,5,23
8914,9914,2024-04-16,,F,Basic,Libri,Fumetto,11,3,33,CreditCard,Bologna,0,BRT,1,10
8915,9915,2024-03-13,57.0,F,Gold,Sport,Scarpe Running,165,1,165,PayPal,Torino,0,GLS,3,3
8916,9916,2024-03-30,29.0,F,Basic,Libri,Fumetto,11,1,11,PayPal,Torino,0,BRT,4,0
8917,9917,2024-05-30,26.0,F,Basic,Sport,Tappetino Yoga,118,4,472,BankTransfer,Napoli,0,BRT,8,7
8918,9918,2024-08-09,31.0,M,Basic,Casa,Cuscino,147,1,147,PayPal,Roma,1,Poste,5,3
8919,9919,2024-04-23,22.0,M,Basic,Abbigliamento,T-shirt,104,1,104,BankTransfer,Torino,0,Poste,2,4
8920,9920,2024-03-18,18.0,F,Gold,Elettronica,Laptop,117,1,117,BankTransfer,Roma,0,Poste,11,5
8921,9921,2024-01-19,,M,Basic,Abbigliamento,Giacca,197,5,985,Cash,Napoli,1,BRT,1,18
8922,9922,2024-10-31,65.0,M,Gold,Abbigliamento,Giacca,124,2,248,BankTransfer,Milano,0,GLS,3,3
8923,9923,2024-05-18,39.0,F,Basic,Libri,Romanzo,18,2,36,PayPal,Bologna,0,BRT,6,1
8924,9924,2024-10-08,42.0,F,Basic,Sport,Pallone,169,2,338,Cash,Milano,0,BRT,5,8
8925,9925,2024-03-16,64.0,F,Gold,Elettronica,Smartphone,469,1,469,CreditCard,Napoli,0,GLS,2,0
8926,9926,2024-01-28,34.0,M,Basic,Libri,Fumetto,29,3,87,CreditCard,Napoli,1,BRT,2,17
8927,9927,2024-07-04,25.0,F,Basic,Abbigliamento,T-shirt,42,1,42,CreditCard,Milano,1,BRT,3,1
8928,9928,2024-01-03,43.0,M,Silver,Casa,Pentola,94,1,94,PayPal,Bologna,0,GLS,2,5
8929,9929,2024-03-02,37.0,M,Silver,Casa,Lampada,78,4,312,CreditCard,Torino,1,GLS,3,7
8930,9930,2024-03-20,33.0,M,Basic,Elettronica,Smartwatch,245,4,980,CreditCard,Torino,0,Poste,5,15
8931,9931,2024-03-10,42.0,M,Basic,Sport,Scarpe Running,137,1,137,PayPal,Napoli,1,GLS,3,7
8932,9932,2024-07-01,34.0,F,Basic,Casa,Pentola,122,3,366,Cash,Torino,0,GLS,3,14
8933,9933,2024-04-21,26.0,F,Silver,Casa,Pentola,138,2,276,Cash,Torino,1,GLS,2,6
8934,9934,2024-05-21,18.0,M,Basic,Elettronica,Cuffie,800,1,800,Cash,Milano,0,DHL,2,0
8935,9935,2024-07-08,23.0,F,Basic,Elettronica,Smartwatch,224,2,448,PayPal,Torino,0,Poste,7,6
8936,9936,2024-08-07,27.0,F,Basic,Sport,Borraccia,147,4,588,PayPal,Bologna,1,DHL,2,8
8937,9937,2024-11-14,,M,Basic,Sport,Tappetino Yoga,39,2,78,PayPal,Roma,0,Poste,7,1
8938,9938,2024-07-07,34.0,M,Basic,Sport,Tappetino Yoga,74,4,296,Cash,Torino,1,GLS,4,10
8939,9939,2024-11-26,27.0,F,Basic,Sport,Tappetino Yoga,43,4,172,CreditCard,Roma,0,GLS,3,10
8940,9940,2024-03-22,18.0,M,Silver,Abbigliamento,Scarpe,21,3,63,PayPal,Roma,1,BRT,1,6
8941,9941,2024-09-04,39.0,M,Silver,Elettronica,Smartphone,485,1,485,Cash,Bologna,0,BRT,5,3
8942,9942,2024-03-18,55.0,M,Basic,Elettronica,Cuffie,151,1,151,CreditCard,Torino,1,BRT,2,3
8943,9943,2024-10-01,,F,Basic,Sport,Borraccia,54,2,108,Cash,Roma,0,GLS,3,5
8944,9944,2024-05-07,56.0,F,Silver,Elettronica,Smartphone,605,2,1210,CreditCard,Torino,0,BRT,4,1
8945,9945,2024-11-11,28.0,F,Basic,Sport,Scarpe Running,112,1,112,PayPal,Torino,1,GLS,3,9
8946,9946,2024-02-04,75.0,F,Silver,Libri,Guida,25,3,75,PayPal,Milano,0,BRT,3,7
8947,9947,2024-02-21,32.0,F,Basic,Elettronica,Cuffie,238,1,238,BankTransfer,Napoli,0,BRT,5,3
8948,9948,2024-01-20,52.0,M,Gold,Abbigliamento,Jeans,118,4,472,Cash,Bologna,1,BRT,4,9
8949,9949,2024-02-10,45.0,M,Basic,Libri,Romanzo,18,2,36,CreditCard,Napoli,1,Poste,6,11
8950,9950,2024-02-16,36.0,F,Gold,Sport,Manubri,80,1,80,CreditCard,Torino,1,BRT,3,1
8951,9951,2024-06-08,,F,Silver,Elettronica,Smartwatch,203,2,406,PayPal,Torino,0,DHL,3,10
8952,9952,2024-03-20,42.0,F,Silver,Libri,Manuale,46,2,92,CreditCard,Milano,0,DHL,2,6
8953,9953,2024-02-20,53.0,M,Silver,Elettronica,Cuffie,65,1,65,BankTransfer,Milano,0,BRT,3,2
8954,9954,2024-10-01,36.0,M,Gold,Abbigliamento,Jeans,17,2,34,CreditCard,Milano,0,GLS,3,6
8955,9955,2024-04-05,35.0,M,Basic,Sport,Scarpe Running,69,2,138,BankTransfer,Milano,0,GLS,4,8
8956,9956,2024-03-26,66.0,F,Silver,Abbigliamento,Maglione,158,1,158,BankTransfer,Milano,1,BRT,2,6
8957,9957,2024-07-18,26.0,M,Gold,Abbigliamento,Maglione,88,5,440,BankTransfer,Roma,0,GLS,3,14
8958,9958,2024-09-30,34.0,M,Gold,Sport,Scarpe Running,144,2,288,PayPal,Milano,0,DHL,2,5
8959,9959,2024-10-28,29.0,F,Basic,Libri,Manuale,36,2,72,BankTransfer,Bologna,0,GLS,2,5
8960,9960,2024-09-14,66.0,F,Silver,Sport,Manubri,85,2,170,PayPal,Milano,1,DHL,2,11
8961,9961,2024-06-01,53.0,M,Silver,Casa,Tappeto,82,2,164,Cash,Roma,0,BRT,3,13
8962,9962,2024-07-15,43.0,F,Silver,Abbigliamento,Giacca,174,1,174,BankTransfer,Torino,0,DHL,3,2
8963,9963,2024-03-28,33.0,F,Basic,Libri,Manuale,42,1,42,Cash,Torino,1,Poste,4,1
8964,9964,2024-04-04,,M,Basic,Sport,Manubri,157,4,628,PayPal,Roma,0,DHL,2,9
8965,9965,2024-03-19,49.0,F,Silver,Abbigliamento,Scarpe,62,1,62,CreditCard,Milano,0,BRT,3,2
8966,9966,2024-03-03,44.0,F,Basic,Abbigliamento,Jeans,123,3,369,Cash,Torino,1,GLS,4,5
8967,9967,2024-08-23,36.0,M,Silver,Abbigliamento,Jeans,134,1,134,CreditCard,Bologna,0,GLS,3,0
8968,9968,2024-03-12,41.0,M,Silver,Elettronica,Smartphone,466,2,932,PayPal,Roma,0,DHL,4,11
8969,9969,2024-06-20,18.0,F,Basic,Elettronica,Tablet,158,1,158,BankTransfer,Torino,0,Poste,2,1
8970,9970,2024-03-17,,M,Silver,Sport,Pallone,49,1,49,CreditCard,Bologna,1,GLS,4,7
8971,9971,2024-12-21,,F,Basic,Casa,Coperta,115,1,115,BankTransfer,Milano,0,DHL,3,1
8972,9972,2024-03-01,59.0,F,Silver,Sport,Pallone,82,1,82,PayPal,Milano,0,Poste,5,2
8973,9973,2024-03-23,29.0,F,Silver,Libri,Fumetto,37,2,74,CreditCard,Torino,1,BRT,2,9
8974,9974,2024-06-10,61.0,F,Gold,Libri,Enciclopedia,44,2,88,Cash,Milano,0,Poste,5,5
8975,9975,2024-07-31,49.0,M,Silver,Elettronica,Laptop,246,1,246,BankTransfer,Napoli,0,BRT,3,4
8976,9976,2024-01-05,,F,Basic,Casa,Coperta,80,4,320,CreditCard,Napoli,0,GLS,2,7
8977,9977,2024-12-30,60.0,F,Gold,Elettronica,Smartphone,151,3,453,Cash,Roma,1,Poste,6,6
8978,9978,2024-09-08,34.0,F,Gold,Abbigliamento,T-shirt,148,3,444,BankTransfer,Milano,0,Poste,8,8
8979,9979,2024-04-13,46.0,M,Basic,Elettronica,Smartphone,461,5,2305,Cash,Milano,0,Poste,2,17
8980,9980,2024-02-20,40.0,M,Basic,Casa,Lampada,77,4,308,PayPal,Bologna,1,Poste,8,12
8981,9981,2024-09-30,25.0,M,Basic,Abbigliamento,Jeans,64,2,128,BankTransfer,Roma,1,DHL,1,4
8982,9982,2024-12-12,42.0,F,Basic,Sport,Borraccia,99,1,99,PayPal,Torino,0,GLS,3,8
8983,9983,2024-05-29,,F,Basic,Sport,Scarpe Running,154,2,308,PayPal,Roma,0,Poste,3,9
8984,9984,2024-12-01,51.0,F,Basic,Abbigliamento,Giacca,142,2,284,BankTransfer,Milano,0,DHL,2,10
8985,9985,2024-06-06,45.0,F,Basic,Libri,Romanzo,30,4,120,BankTransfer,Napoli,1,BRT,3,9
8986,9986,2024-09-08,39.0,M,Basic,Sport,Scarpe Running,61,1,61,PayPal,Roma,1,BRT,5,0
8987,9987,2024-10-14,,M,Basic,Elettronica,Tablet,351,2,702,CreditCard,Torino,0,BRT,4,5
8988,9988,2024-08-13,45.0,F,Gold,Abbigliamento,Giacca,48,1,48,PayPal,Milano,0,Poste,4,10
8989,9989,2024-07-04,,F,Gold,Libri,Fumetto,28,2,56,PayPal,Torino,0,BRT,1,6
8990,9990,2024-10-16,18.0,M,Basic,Libri,Fumetto,12,4,48,BankTransfer,Milano,0,Poste,3,11
8991,9991,2024-02-03,,F,Silver,Elettronica,Smartwatch,687,2,1374,CreditCard,Napoli,1,GLS,3,2
8992,9992,2024-01-15,18.0,M,Basic,Sport,Pallone,147,3,441,Cash,Bologna,0,DHL,2,10
8993,9993,2024-01-30,46.0,F,Silver,Abbigliamento,Scarpe,35,1,35,CreditCard,Roma,1,GLS,3,2
8994,9994,2024-09-01,24.0,F,Silver,Sport,Tappetino Yoga,157,1,157,PayPal,Roma,0,BRT,3,2
8995,9995,2024-05-23,36.0,F,Silver,Sport,Borraccia,102,1,102,BankTransfer,Napoli,0,BRT,4,8
8996,9996,2024-05-31,42.0,F,Gold,Casa,Cuscino,117,3,351,BankTransfer,Napoli,0,Poste,5,4
8997,9997,2024-06-09,59.0,M,Silver,Casa,Pentola,139,4,556,PayPal,Roma,1,BRT,2,9
8998,9998,2024-04-21,,M,Basic,Sport,Pallone,138,2,276,CreditCard,Milano,0,BRT,3,7
8999,9999,2024-04-26,,M,Gold,Casa,Coperta,73,1,73,CreditCard,Bologna,0,BRT,2,0
9000,10000,2024-12-22,49.0,F,Silver,Elettronica,Smartwatch,161,1,161,CreditCard,Roma,0,Poste,8,8
9001,10001,2024-05-10,24.0,M,Basic,Abbigliamento,Maglione,94,2,188,PayPal,Milano,1,GLS,4,10
9002,10002,2024-07-23,31.0,F,Basic,Elettronica,Smartwatch,396,2,792,CreditCard,Milano,0,Poste,1,12
9003,10003,2024-06-07,18.0,F,Basic,Casa,Tappeto,61,4,244,CreditCard,Milano,0,DHL,1,20
9004,10004,2024-02-13,28.0,F,Silver,Abbigliamento,Jeans,17,1,17,BankTransfer,Bologna,0,Poste,3,4
9005,10005,2024-09-04,42.0,F,Silver,Sport,Tappetino Yoga,163,2,326,PayPal,Napoli,1,Poste,3,6
9006,10006,2024-03-16,37.0,M,Gold,Abbigliamento,T-shirt,100,3,300,Cash,Milano,0,BRT,4,10
9007,10007,2024-05-03,25.0,M,Silver,Sport,Borraccia,78,3,234,CreditCard,Bologna,0,GLS,5,8
9008,10008,2024-08-22,28.0,F,Silver,Casa,Cuscino,91,3,273,BankTransfer,Milano,0,DHL,2,14
9009,10009,2024-02-19,41.0,F,Silver,Elettronica,Laptop,165,2,330,CreditCard,Milano,0,BRT,2,5
9010,10010,2024-04-26,39.0,M,Basic,Sport,Pallone,132,3,396,CreditCard,Torino,0,BRT,2,9
9011,10011,2024-08-02,18.0,F,Basic,Casa,Coperta,145,3,435,PayPal,Napoli,0,GLS,3,5
9012,10012,2024-09-18,24.0,F,Basic,Libri,Manuale,50,3,150,Cash,Torino,0,DHL,1,18
9013,10013,2024-05-31,37.0,M,Silver,Libri,Romanzo,35,1,35,CreditCard,Roma,0,BRT,3,11
9014,10014,2024-12-02,51.0,M,Silver,Libri,Guida,15,2,30,CreditCard,Napoli,0,Poste,4,11
9015,10015,2024-07-06,18.0,F,Silver,Elettronica,Cuffie,276,1,276,CreditCard,Milano,0,DHL,2,4
9016,10016,2024-04-09,37.0,M,Silver,Libri,Fumetto,22,1,22,BankTransfer,Milano,1,Poste,10,0
9017,10017,2024-03-19,19.0,F,Basic,Sport,Borraccia,148,5,740,BankTransfer,Torino,0,GLS,4,11
9018,10018,2024-11-04,,F,Basic,Casa,Lampada,53,1,53,BankTransfer,Milano,0,DHL,2,7
9019,10019,2024-01-11,,M,Basic,Sport,Pallone,163,2,326,CreditCard,Torino,0,DHL,3,3
9020,10020,2024-05-27,32.0,M,Basic,Sport,Manubri,117,3,351,Cash,Roma,1,BRT,3,8
9021,10021,2024-04-08,25.0,M,Silver,Sport,Manubri,105,2,210,CreditCard,Roma,0,GLS,3,5
9022,10022,2024-05-29,18.0,F,Basic,Casa,Lampada,108,3,324,BankTransfer,Milano,0,BRT,1,12
9023,10023,2024-09-12,19.0,F,Silver,Casa,Coperta,69,1,69,CreditCard,Torino,0,BRT,4,9
9024,10024,2024-09-14,,M,Silver,Abbigliamento,T-shirt,21,1,21,PayPal,Milano,0,BRT,4,5
9025,10025,2024-10-25,46.0,M,Silver,Elettronica,Tablet,756,1,756,CreditCard,Bologna,0,BRT,3,1
9026,10026,2024-06-22,43.0,F,Basic,Elettronica,Smartphone,517,2,1034,CreditCard,Bologna,1,Poste,3,8
9027,10027,2024-02-24,64.0,F,Silver,Libri,Guida,42,1,42,CreditCard,Roma,1,GLS,2,5
9028,10028,2024-07-21,42.0,M,Silver,Sport,Tappetino Yoga,162,2,324,Cash,Roma,0,GLS,4,6
9029,10029,2024-09-26,,M,Gold,Abbigliamento,T-shirt,109,1,109,PayPal,Roma,0,Poste,6,0
9030,10030,2024-12-15,46.0,M,Basic,Sport,Scarpe Running,40,2,80,BankTransfer,Bologna,0,BRT,4,5
9031,10031,2024-07-27,33.0,M,Silver,Sport,Manubri,152,1,152,BankTransfer,Milano,0,BRT,4,5
9032,10032,2024-01-19,58.0,M,Gold,Abbigliamento,Giacca,28,1,28,Cash,Roma,0,Poste,6,6
9033,10033,2024-12-20,39.0,F,Silver,Libri,Fumetto,9,5,45,PayPal,Napoli,0,GLS,4,14
9034,10034,2024-05-23,73.0,F,Gold,Sport,Borraccia,77,2,154,BankTransfer,Bologna,0,BRT,1,5
9035,10035,2024-10-19,18.0,M,Basic,Elettronica,Tablet,346,1,346,PayPal,Roma,0,BRT,2,1
9036,10036,2024-06-24,19.0,M,Silver,Abbigliamento,Jeans,127,1,127,CreditCard,Torino,0,BRT,2,1
9037,10037,2024-08-11,49.0,M,Basic,Libri,Manuale,44,3,132,CreditCard,Milano,1,Poste,6,8
9038,10038,2024-01-25,47.0,F,Silver,Sport,Scarpe Running,157,3,471,CreditCard,Roma,0,BRT,2,7
9039,10039,2024-07-03,38.0,M,Silver,Casa,Pentola,99,4,396,CreditCard,Torino,1,GLS,4,11
9040,10040,2024-12-24,18.0,M,Basic,Abbigliamento,Jeans,50,3,150,BankTransfer,Milano,1,Poste,3,9
9041,10041,2024-05-14,25.0,M,Basic,Abbigliamento,Scarpe,80,2,160,BankTransfer,Torino,1,Poste,7,5
9042,10042,2024-11-16,54.0,F,Basic,Casa,Coperta,118,1,118,CreditCard,Roma,0,GLS,4,8
9043,10043,2024-06-12,53.0,F,Silver,Libri,Fumetto,41,2,82,CreditCard,Torino,0,DHL,2,15
9044,10044,2024-09-04,30.0,F,Silver,Libri,Fumetto,17,1,17,Cash,Roma,0,Poste,4,3
9045,10045,2024-09-01,32.0,M,Basic,Elettronica,Tablet,679,2,1358,CreditCard,Torino,1,BRT,5,2
9046,10046,2024-03-17,18.0,F,Silver,Elettronica,Tablet,180,4,720,CreditCard,Bologna,0,DHL,3,9
9047,10047,2024-09-05,36.0,M,Silver,Sport,Tappetino Yoga,81,1,81,PayPal,Roma,1,DHL,3,4
9048,10048,2024-08-03,44.0,M,Basic,Casa,Coperta,136,5,680,BankTransfer,Roma,1,Poste,5,17
9049,10049,2024-01-18,47.0,M,Silver,Elettronica,Smartwatch,399,4,1596,PayPal,Bologna,0,Poste,6,14
9050,10050,2024-04-18,68.0,F,Silver,Casa,Cuscino,115,3,345,PayPal,Roma,0,BRT,3,6
9051,10051,2024-11-15,59.0,M,Gold,Sport,Manubri,65,3,195,BankTransfer,Napoli,1,GLS,3,14
9052,10052,2024-10-25,51.0,M,Basic,Libri,Guida,36,3,108,PayPal,Milano,1,BRT,3,8
9053,10053,2024-03-24,19.0,M,Basic,Libri,Fumetto,22,1,22,BankTransfer,Milano,1,BRT,5,14
9054,10054,2024-11-07,39.0,M,Gold,Casa,Cuscino,18,3,54,Cash,Napoli,0,GLS,3,5
9055,10055,2024-10-09,50.0,M,Basic,Elettronica,Cuffie,193,1,193,BankTransfer,Roma,0,Poste,6,0
9056,10056,2024-08-18,25.0,M,Basic,Elettronica,Smartphone,388,1,388,PayPal,Napoli,0,BRT,2,0
9057,10057,2024-04-07,23.0,F,Silver,Sport,Pallone,160,2,320,PayPal,Napoli,1,BRT,1,0
9058,10058,2024-06-15,18.0,M,Basic,Abbigliamento,Giacca,26,1,26,CreditCard,Roma,1,DHL,2,0
9059,10059,2024-11-24,38.0,M,Basic,Casa,Lampada,15,5,75,PayPal,Roma,0,BRT,2,18
9060,10060,2024-05-24,23.0,F,Basic,Sport,Scarpe Running,102,1,102,BankTransfer,Roma,0,BRT,4,4
9061,10061,2024-05-22,25.0,F,Silver,Sport,Tappetino Yoga,73,1,73,Cash,Torino,1,BRT,4,2
9062,10062,2024-04-20,,F,Gold,Elettronica,Cuffie,142,3,426,CreditCard,Bologna,1,BRT,3,4
9063,10063,2024-07-07,37.0,F,Basic,Libri,Manuale,20,1,20,Cash,Roma,0,GLS,3,1
9064,10064,2024-11-06,43.0,M,Gold,Abbigliamento,Maglione,171,2,342,CreditCard,Roma,0,DHL,3,12
9065,10065,2024-06-22,25.0,M,Basic,Sport,Pallone,75,2,150,PayPal,Roma,0,GLS,3,5
9066,10066,2024-11-07,35.0,F,Basic,Abbigliamento,T-shirt,161,1,161,CreditCard,Torino,0,DHL,2,4
9067,10067,2024-01-19,53.0,M,Basic,Abbigliamento,Scarpe,109,2,218,BankTransfer,Roma,1,GLS,3,0
9068,10068,2024-12-05,47.0,M,Basic,Libri,Guida,18,2,36,PayPal,Torino,0,BRT,1,2
9069,10069,2024-04-09,75.0,F,Silver,Libri,Manuale,28,1,28,CreditCard,Roma,1,GLS,4,3
9070,10070,2024-06-09,26.0,F,Basic,Abbigliamento,Jeans,33,1,33,CreditCard,Milano,1,DHL,3,10
9071,10071,2024-03-28,40.0,M,Silver,Elettronica,Smartphone,97,1,97,BankTransfer,Torino,0,GLS,4,0
9072,10072,2024-09-28,37.0,M,Basic,Abbigliamento,Jeans,177,1,177,PayPal,Roma,1,BRT,5,0
9073,10073,2024-05-08,,M,Silver,Elettronica,Laptop,131,1,131,PayPal,Bologna,0,BRT,5,8
9074,10074,2024-08-19,,M,Gold,Sport,Manubri,121,4,484,Cash,Bologna,0,GLS,4,12
9075,10075,2024-06-18,27.0,M,Gold,Casa,Cuscino,45,1,45,PayPal,Torino,0,DHL,2,3
9076,10076,2024-09-25,52.0,M,Silver,Sport,Scarpe Running,174,2,348,CreditCard,Torino,1,Poste,5,6
9077,10077,2024-09-28,56.0,M,Basic,Abbigliamento,Giacca,60,2,120,PayPal,Milano,0,DHL,1,7
9078,10078,2024-07-28,,F,Basic,Casa,Lampada,91,5,455,CreditCard,Roma,1,GLS,4,12
9079,10079,2024-04-20,,M,Silver,Libri,Manuale,26,1,26,CreditCard,Milano,0,BRT,2,9
9080,10080,2024-07-07,33.0,M,Gold,Sport,Manubri,94,3,282,BankTransfer,Roma,0,GLS,2,10
9081,10081,2024-07-10,75.0,M,Silver,Sport,Manubri,34,2,68,CreditCard,Napoli,0,GLS,3,6
9082,10082,2024-04-06,18.0,F,Silver,Sport,Pallone,105,1,105,PayPal,Roma,1,GLS,4,2
9083,10083,2024-06-26,65.0,M,Basic,Elettronica,Smartwatch,553,1,553,CreditCard,Milano,0,DHL,2,0
9084,10084,2024-08-26,50.0,F,Silver,Casa,Tappeto,133,4,532,PayPal,Milano,1,GLS,3,10
9085,10085,2024-05-31,29.0,M,Basic,Libri,Fumetto,30,1,30,BankTransfer,Milano,1,BRT,3,0
9086,10086,2024-08-30,34.0,F,Basic,Elettronica,Tablet,90,2,180,CreditCard,Roma,0,BRT,1,5
9087,10087,2024-09-29,23.0,M,Basic,Elettronica,Cuffie,435,2,870,BankTransfer,Roma,0,Poste,8,5
9088,10088,2024-03-07,,F,Gold,Abbigliamento,Giacca,173,2,346,Cash,Bologna,0,GLS,1,7
9089,10089,2024-02-17,44.0,F,Silver,Casa,Cuscino,17,1,17,BankTransfer,Bologna,0,GLS,3,7
9090,10090,2024-03-19,48.0,M,Silver,Casa,Coperta,95,2,190,CreditCard,Milano,0,BRT,5,6
9091,10091,2024-01-04,18.0,F,Basic,Abbigliamento,T-shirt,18,2,36,BankTransfer,Bologna,0,GLS,3,5
9092,10092,2024-08-15,33.0,M,Basic,Sport,Borraccia,74,2,148,PayPal,Bologna,0,BRT,2,13
9093,10093,2024-08-14,33.0,M,Silver,Abbigliamento,Jeans,131,2,262,BankTransfer,Roma,0,BRT,3,10
9094,10094,2024-08-02,,F,Basic,Libri,Guida,29,1,29,BankTransfer,Napoli,1,Poste,3,5
9095,10095,2024-02-15,50.0,F,Silver,Elettronica,Smartwatch,434,5,2170,BankTransfer,Bologna,0,Poste,7,18
9096,10096,2024-02-18,55.0,M,Gold,Casa,Tappeto,32,2,64,Cash,Napoli,0,GLS,3,4
9097,10097,2024-06-20,47.0,M,Gold,Abbigliamento,Jeans,114,2,228,PayPal,Roma,0,BRT,3,6
9098,10098,2024-08-09,25.0,F,Silver,Casa,Cuscino,88,4,352,CreditCard,Torino,0,GLS,4,9
9099,10099,2024-12-11,39.0,M,Basic,Casa,Coperta,50,2,100,PayPal,Bologna,1,DHL,1,5
9100,10100,2024-10-07,,M,Basic,Sport,Pallone,30,1,30,BankTransfer,Torino,0,BRT,1,0
9101,10101,2024-11-28,44.0,M,Basic,Sport,Manubri,73,4,292,PayPal,Napoli,0,Poste,4,17
9102,10102,2024-07-09,19.0,F,Silver,Libri,Manuale,40,3,120,Cash,Roma,1,Poste,1,7
9103,10103,2024-04-29,34.0,M,Silver,Sport,Manubri,65,2,130,PayPal,Roma,0,Poste,5,11
9104,10104,2024-07-25,27.0,M,Silver,Sport,Manubri,152,1,152,PayPal,Milano,0,GLS,2,3
9105,10105,2024-02-11,39.0,F,Basic,Abbigliamento,Scarpe,82,2,164,BankTransfer,Roma,0,BRT,2,4
9106,10106,2024-04-23,38.0,M,Gold,Elettronica,Smartphone,747,1,747,Cash,Roma,0,Poste,1,0
9107,10107,2024-08-04,24.0,M,Basic,Elettronica,Tablet,636,2,1272,Cash,Torino,0,Poste,1,2
9108,10108,2024-12-25,73.0,M,Basic,Casa,Lampada,133,1,133,PayPal,Milano,0,DHL,3,9
9109,10109,2024-06-13,59.0,M,Gold,Abbigliamento,Jeans,174,1,174,Cash,Torino,0,Poste,1,6
9110,10110,2024-01-13,57.0,M,Basic,Elettronica,Cuffie,736,1,736,CreditCard,Napoli,0,Poste,2,1
9111,10111,2024-09-15,18.0,M,Basic,Libri,Fumetto,33,2,66,PayPal,Torino,0,GLS,3,7
9112,10112,2024-10-21,,F,Basic,Abbigliamento,Giacca,121,4,484,CreditCard,Torino,0,Poste,7,19
9113,10113,2024-12-21,31.0,F,Basic,Libri,Fumetto,9,1,9,PayPal,Milano,1,GLS,3,3
9114,10114,2024-10-02,39.0,F,Gold,Sport,Manubri,94,4,376,CreditCard,Napoli,0,GLS,4,9
9115,10115,2024-08-28,18.0,M,Basic,Sport,Tappetino Yoga,162,1,162,PayPal,Torino,0,GLS,2,3
9116,10116,2024-04-28,33.0,F,Silver,Elettronica,Smartwatch,148,4,592,CreditCard,Bologna,1,GLS,4,13
9117,10117,2024-01-05,,M,Silver,Sport,Pallone,179,3,537,CreditCard,Bologna,0,GLS,4,12
9118,10118,2024-07-28,18.0,F,Silver,Sport,Scarpe Running,108,1,108,PayPal,Bologna,0,BRT,2,2
9119,10119,2024-12-02,38.0,M,Basic,Casa,Pentola,131,3,393,CreditCard,Bologna,1,GLS,4,11
9120,10120,2024-03-23,,F,Gold,Sport,Manubri,138,1,138,BankTransfer,Milano,0,BRT,2,5
9121,10121,2024-02-05,66.0,M,Silver,Elettronica,Laptop,388,5,1940,CreditCard,Bologna,0,GLS,2,8
9122,10122,2024-11-17,36.0,M,Basic,Abbigliamento,Jeans,199,2,398,CreditCard,Bologna,1,GLS,3,5
9123,10123,2024-07-08,32.0,M,Basic,Casa,Tappeto,145,3,435,CreditCard,Milano,0,Poste,4,8
9124,10124,2024-09-16,43.0,F,Silver,Libri,Romanzo,33,1,33,CreditCard,Roma,0,DHL,2,1
9125,10125,2024-04-30,24.0,M,Silver,Abbigliamento,Maglione,88,1,88,CreditCard,Milano,0,BRT,1,4
9126,10126,2024-10-01,,M,Silver,Sport,Tappetino Yoga,24,1,24,PayPal,Roma,0,BRT,2,1
9127,10127,2024-07-09,42.0,M,Basic,Libri,Romanzo,24,1,24,PayPal,Roma,0,BRT,3,5
9128,10128,2024-08-19,18.0,F,Basic,Sport,Scarpe Running,112,4,448,CreditCard,Torino,0,Poste,10,11
9129,10129,2024-01-06,,M,Silver,Libri,Enciclopedia,39,3,117,PayPal,Roma,0,GLS,4,8
9130,10130,2024-04-07,29.0,F,Basic,Elettronica,Tablet,795,3,2385,CreditCard,Milano,0,BRT,3,8
9131,10131,2024-02-21,31.0,F,Silver,Abbigliamento,Scarpe,165,4,660,CreditCard,Milano,1,DHL,2,11
9132,10132,2024-01-07,28.0,M,Basic,Abbigliamento,Maglione,37,2,74,PayPal,Napoli,0,GLS,2,11
9133,10133,2024-02-10,58.0,M,Silver,Abbigliamento,T-shirt,87,3,261,PayPal,Roma,1,DHL,1,4
9134,10134,2024-07-20,29.0,M,Basic,Casa,Lampada,100,5,500,BankTransfer,Roma,0,BRT,4,11
9135,10135,2024-01-23,47.0,M,Silver,Casa,Pentola,125,1,125,BankTransfer,Bologna,0,GLS,4,0
9136,10136,2024-09-25,55.0,M,Gold,Elettronica,Smartphone,341,2,682,CreditCard,Napoli,1,BRT,6,8
9137,10137,2024-07-21,28.0,F,Basic,Casa,Lampada,150,3,450,CreditCard,Roma,0,GLS,3,11
9138,10138,2024-10-16,35.0,M,Basic,Sport,Pallone,106,1,106,Cash,Milano,1,DHL,3,1
9139,10139,2024-04-29,18.0,F,Basic,Casa,Lampada,27,2,54,BankTransfer,Napoli,0,Poste,4,14
9140,10140,2024-10-07,43.0,M,Gold,Sport,Manubri,114,2,228,PayPal,Roma,0,GLS,3,9
9141,10141,2024-02-01,23.0,M,Basic,Sport,Pallone,108,2,216,PayPal,Roma,1,GLS,4,11
9142,10142,2024-07-19,51.0,M,Silver,Abbigliamento,T-shirt,86,2,172,CreditCard,Bologna,0,BRT,3,3
9143,10143,2024-02-11,43.0,F,Silver,Elettronica,Smartwatch,351,1,351,PayPal,Bologna,0,GLS,3,0
9144,10144,2024-01-11,46.0,M,Basic,Libri,Enciclopedia,13,2,26,PayPal,Bologna,0,GLS,5,4
9145,10145,2024-03-22,51.0,F,Silver,Libri,Guida,28,1,28,PayPal,Roma,0,DHL,2,8
9146,10146,2024-06-01,36.0,F,Gold,Casa,Lampada,62,2,124,Cash,Roma,0,Poste,7,14
9147,10147,2024-09-18,41.0,M,Basic,Sport,Borraccia,116,2,232,CreditCard,Milano,0,Poste,8,10
9148,10148,2024-11-08,47.0,M,Basic,Sport,Manubri,151,3,453,CreditCard,Milano,0,GLS,4,2
9149,10149,2024-12-22,34.0,M,Basic,Elettronica,Cuffie,615,5,3075,Cash,Milano,0,GLS,3,20
9150,10150,2024-08-13,30.0,F,Basic,Casa,Lampada,63,3,189,BankTransfer,Milano,1,BRT,2,11
9151,10151,2024-01-05,51.0,F,Basic,Sport,Tappetino Yoga,82,1,82,Cash,Milano,0,BRT,1,0
9152,10152,2024-11-26,38.0,M,Basic,Abbigliamento,Giacca,84,3,252,Cash,Bologna,1,BRT,5,3
9153,10153,2024-02-27,49.0,F,Silver,Sport,Manubri,143,1,143,CreditCard,Milano,1,BRT,2,3
9154,10154,2024-12-27,44.0,M,Basic,Elettronica,Smartphone,214,4,856,BankTransfer,Bologna,1,GLS,3,12
9155,10155,2024-07-17,31.0,M,Basic,Abbigliamento,Maglione,92,1,92,BankTransfer,Bologna,0,Poste,5,3
9156,10156,2024-06-23,,M,Basic,Abbigliamento,Giacca,19,2,38,PayPal,Torino,0,Poste,5,9
9157,10157,2024-03-18,43.0,M,Basic,Casa,Cuscino,114,4,456,Cash,Roma,0,GLS,3,8
9158,10158,2024-12-01,37.0,M,Gold,Casa,Pentola,122,2,244,PayPal,Napoli,0,DHL,2,5
9159,10159,2024-07-21,30.0,F,Basic,Abbigliamento,Giacca,180,3,540,CreditCard,Napoli,1,GLS,4,6
9160,10160,2024-02-28,18.0,M,Basic,Casa,Coperta,59,4,236,CreditCard,Roma,0,Poste,10,7
9161,10161,2024-11-28,51.0,F,Basic,Casa,Coperta,41,1,41,PayPal,Torino,0,BRT,2,2
9162,10162,2024-02-28,25.0,F,Silver,Libri,Manuale,29,1,29,PayPal,Napoli,0,BRT,3,9
9163,10163,2024-04-04,32.0,F,Basic,Sport,Scarpe Running,61,1,61,CreditCard,Bologna,0,GLS,4,0
9164,10164,2024-04-01,,M,Basic,Libri,Guida,34,4,136,CreditCard,Bologna,0,BRT,5,15
9165,10165,2024-08-26,44.0,M,Basic,Abbigliamento,Scarpe,138,1,138,PayPal,Torino,0,Poste,8,6
9166,10166,2024-12-15,37.0,F,Basic,Libri,Fumetto,10,4,40,PayPal,Roma,0,GLS,3,9
9167,10167,2024-09-20,32.0,F,Basic,Sport,Tappetino Yoga,131,2,262,BankTransfer,Napoli,0,BRT,1,3
9168,10168,2024-09-28,27.0,F,Basic,Casa,Pentola,86,1,86,PayPal,Milano,0,Poste,7,3
9169,10169,2024-12-02,49.0,F,Basic,Abbigliamento,Giacca,22,3,66,CreditCard,Torino,0,Poste,8,8
9170,10170,2024-03-18,39.0,F,Basic,Sport,Pallone,95,2,190,CreditCard,Napoli,0,BRT,3,2
9171,10171,2024-05-27,75.0,F,Silver,Elettronica,Smartphone,705,1,705,Cash,Roma,1,BRT,2,0
9172,10172,2024-11-24,,M,Basic,Abbigliamento,Jeans,24,3,72,CreditCard,Milano,1,Poste,1,9
9173,10173,2024-12-10,62.0,M,Gold,Sport,Borraccia,101,3,303,Cash,Milano,0,Poste,3,8
9174,10174,2024-08-11,25.0,M,Basic,Elettronica,Laptop,93,1,93,CreditCard,Bologna,1,BRT,2,4
9175,10175,2024-10-13,34.0,M,Basic,Casa,Lampada,16,2,32,CreditCard,Bologna,0,DHL,1,2
9176,10176,2024-07-31,49.0,M,Gold,Casa,Cuscino,54,3,162,Cash,Roma,0,DHL,2,6
9177,10177,2024-04-25,48.0,F,Silver,Sport,Borraccia,139,1,139,CreditCard,Torino,1,BRT,1,0
9178,10178,2024-09-14,42.0,F,Basic,Libri,Enciclopedia,47,2,94,BankTransfer,Milano,0,Poste,1,3
9179,10179,2024-09-07,32.0,M,Gold,Sport,Borraccia,87,1,87,PayPal,Napoli,0,Poste,3,4
9180,10180,2024-02-01,,M,Basic,Casa,Tappeto,13,3,39,CreditCard,Roma,1,BRT,3,14
9181,10181,2024-06-06,75.0,F,Gold,Casa,Pentola,57,1,57,CreditCard,Napoli,0,Poste,7,1
9182,10182,2024-06-05,18.0,F,Silver,Libri,Romanzo,47,1,47,CreditCard,Roma,0,DHL,2,1
9183,10183,2024-11-01,,F,Silver,Elettronica,Tablet,713,1,713,BankTransfer,Milano,0,GLS,4,5
9184,10184,2024-03-15,44.0,F,Silver,Casa,Pentola,146,1,146,CreditCard,Milano,1,Poste,5,3
9185,10185,2024-12-26,37.0,M,Gold,Casa,Tappeto,71,1,71,CreditCard,Milano,0,BRT,4,0
9186,10186,2024-01-06,40.0,F,Silver,Libri,Manuale,47,5,235,CreditCard,Milano,1,Poste,6,20
9187,10187,2024-12-15,44.0,M,Silver,Sport,Tappetino Yoga,171,2,342,PayPal,Roma,0,BRT,4,0
9188,10188,2024-08-27,43.0,M,Basic,Abbigliamento,T-shirt,140,1,140,CreditCard,Torino,1,BRT,1,1
9189,10189,2024-10-28,45.0,M,Basic,Libri,Romanzo,23,1,23,CreditCard,Torino,0,BRT,5,8
9190,10190,2024-03-02,66.0,F,Basic,Sport,Scarpe Running,147,1,147,PayPal,Torino,0,GLS,4,2
9191,10191,2024-09-02,19.0,F,Silver,Abbigliamento,Jeans,104,5,520,CreditCard,Torino,0,Poste,2,19
9192,10192,2024-05-11,37.0,M,Silver,Abbigliamento,T-shirt,133,1,133,Cash,Milano,0,BRT,1,10
9193,10193,2024-04-28,,M,Silver,Abbigliamento,T-shirt,81,3,243,BankTransfer,Milano,1,GLS,4,10
9194,10194,2024-10-16,40.0,F,Silver,Abbigliamento,Giacca,103,5,515,CreditCard,Bologna,0,GLS,4,18
9195,10195,2024-08-28,37.0,M,Basic,Casa,Lampada,62,2,124,CreditCard,Roma,0,GLS,4,4
9196,10196,2024-02-12,21.0,F,Basic,Sport,Borraccia,83,2,166,CreditCard,Roma,0,GLS,2,4
9197,10197,2024-03-05,32.0,F,Silver,Casa,Lampada,58,1,58,Cash,Napoli,1,Poste,5,1
9198,10198,2024-01-07,42.0,F,Gold,Casa,Pentola,14,1,14,PayPal,Bologna,0,BRT,7,3
9199,10199,2024-05-01,37.0,M,Basic,Abbigliamento,Scarpe,76,1,76,PayPal,Torino,0,DHL,3,0
9200,10200,2024-06-27,47.0,F,Basic,Sport,Manubri,62,2,124,CreditCard,Napoli,1,Poste,9,1
9201,10201,2024-12-17,49.0,F,Basic,Abbigliamento,Giacca,149,2,298,CreditCard,Milano,1,BRT,1,10
9202,10202,2024-02-04,31.0,M,Silver,Elettronica,Smartphone,79,1,79,Cash,Bologna,1,GLS,1,3
9203,10203,2024-05-18,25.0,F,Basic,Libri,Romanzo,10,1,10,Cash,Roma,1,GLS,2,8
9204,10204,2024-08-30,32.0,F,Basic,Sport,Manubri,116,1,116,BankTransfer,Napoli,0,GLS,4,6
9205,10205,2024-11-12,34.0,F,Basic,Sport,Pallone,142,3,426,CreditCard,Napoli,0,GLS,5,10
9206,10206,2024-12-02,18.0,F,Basic,Elettronica,Cuffie,198,1,198,CreditCard,Bologna,0,BRT,2,6
9207,10207,2024-11-03,18.0,F,Basic,Casa,Coperta,27,2,54,Cash,Torino,1,DHL,2,2
9208,10208,2024-08-14,21.0,F,Silver,Libri,Fumetto,31,3,93,Cash,Torino,1,BRT,3,12
9209,10209,2024-08-05,54.0,M,Gold,Casa,Tappeto,11,2,22,CreditCard,Roma,0,BRT,3,2
9210,10210,2024-08-10,48.0,M,Basic,Elettronica,Smartphone,539,3,1617,CreditCard,Milano,0,GLS,4,2
9211,10211,2024-03-31,52.0,M,Silver,Casa,Cuscino,80,3,240,CreditCard,Bologna,0,GLS,4,6
9212,10212,2024-09-11,,M,Basic,Elettronica,Cuffie,128,1,128,CreditCard,Milano,0,Poste,5,0
9213,10213,2024-11-01,23.0,F,Basic,Casa,Tappeto,47,1,47,BankTransfer,Torino,0,Poste,3,3
9214,10214,2024-07-28,,F,Gold,Abbigliamento,Jeans,114,1,114,CreditCard,Torino,0,GLS,4,2
9215,10215,2024-02-06,56.0,F,Basic,Sport,Tappetino Yoga,76,2,152,BankTransfer,Milano,1,BRT,5,7
9216,10216,2024-01-23,34.0,F,Basic,Libri,Romanzo,21,2,42,CreditCard,Napoli,1,BRT,2,8
9217,10217,2024-05-28,43.0,M,Silver,Abbigliamento,Jeans,124,3,372,PayPal,Torino,1,GLS,4,8
9218,10218,2024-11-24,42.0,F,Basic,Elettronica,Smartwatch,148,2,296,BankTransfer,Napoli,1,BRT,4,13
9219,10219,2024-04-19,51.0,F,Gold,Libri,Manuale,16,2,32,PayPal,Roma,0,DHL,2,4
9220,10220,2024-04-29,34.0,M,Basic,Abbigliamento,Jeans,56,1,56,PayPal,Milano,1,Poste,5,0
9221,10221,2024-11-26,42.0,M,Basic,Elettronica,Smartwatch,451,1,451,CreditCard,Roma,1,DHL,3,0
9222,10222,2024-09-15,,M,Basic,Elettronica,Laptop,605,3,1815,PayPal,Napoli,0,Poste,4,8
9223,10223,2024-01-12,46.0,M,Basic,Sport,Manubri,170,2,340,BankTransfer,Roma,0,GLS,3,6
9224,10224,2024-10-23,27.0,M,Basic,Casa,Coperta,134,2,268,PayPal,Milano,0,GLS,5,11
9225,10225,2024-06-27,40.0,F,Gold,Abbigliamento,Maglione,182,1,182,CreditCard,Bologna,0,BRT,4,5
9226,10226,2024-05-08,,M,Basic,Casa,Lampada,59,2,118,CreditCard,Torino,0,BRT,4,6
9227,10227,2024-10-16,36.0,M,Basic,Sport,Pallone,61,1,61,Cash,Roma,1,BRT,1,2
9228,10228,2024-07-24,70.0,F,Silver,Elettronica,Laptop,363,3,1089,BankTransfer,Torino,0,GLS,3,5
9229,10229,2024-05-25,33.0,F,Silver,Sport,Tappetino Yoga,21,2,42,CreditCard,Roma,0,Poste,8,5
9230,10230,2024-01-08,46.0,F,Basic,Abbigliamento,Maglione,111,1,111,BankTransfer,Milano,0,DHL,3,2
9231,10231,2024-08-11,19.0,F,Basic,Sport,Scarpe Running,58,2,116,CreditCard,Bologna,0,Poste,6,8
9232,10232,2024-07-19,36.0,M,Silver,Elettronica,Laptop,435,1,435,CreditCard,Milano,0,Poste,2,10
9233,10233,2024-08-29,18.0,F,Basic,Abbigliamento,Jeans,93,2,186,BankTransfer,Torino,0,DHL,4,3
9234,10234,2024-08-31,27.0,F,Basic,Abbigliamento,Giacca,115,1,115,PayPal,Bologna,0,BRT,4,4
9235,10235,2024-08-10,,F,Basic,Elettronica,Smartphone,440,2,880,CreditCard,Roma,0,GLS,4,10
9236,10236,2024-06-01,18.0,M,Basic,Elettronica,Tablet,424,3,1272,CreditCard,Roma,1,DHL,2,2
9237,10237,2024-03-06,,F,Basic,Elettronica,Smartphone,237,1,237,BankTransfer,Bologna,0,DHL,2,2
9238,10238,2024-09-02,18.0,F,Gold,Libri,Enciclopedia,20,4,80,CreditCard,Napoli,0,GLS,4,8
9239,10239,2024-05-14,34.0,M,Basic,Sport,Borraccia,116,1,116,CreditCard,Torino,0,Poste,2,8
9240,10240,2024-07-26,53.0,F,Basic,Casa,Tappeto,13,5,65,BankTransfer,Napoli,0,BRT,3,19
9241,10241,2024-03-04,41.0,M,Gold,Libri,Romanzo,23,1,23,CreditCard,Milano,0,GLS,3,3
9242,10242,2024-10-20,23.0,F,Basic,Elettronica,Smartwatch,322,2,644,Cash,Milano,0,DHL,3,3
9243,10243,2024-08-11,23.0,F,Basic,Libri,Guida,33,4,132,PayPal,Torino,0,DHL,2,16
9244,10244,2024-02-09,,F,Silver,Sport,Scarpe Running,86,2,172,PayPal,Bologna,0,DHL,3,14
9245,10245,2024-08-01,,F,Gold,Elettronica,Smartphone,425,2,850,BankTransfer,Napoli,0,GLS,5,4
9246,10246,2024-10-08,37.0,F,Silver,Elettronica,Tablet,547,1,547,BankTransfer,Roma,0,BRT,2,3
9247,10247,2024-01-29,18.0,M,Basic,Abbigliamento,Giacca,119,1,119,CreditCard,Roma,0,GLS,3,0
9248,10248,2024-12-06,40.0,F,Gold,Abbigliamento,T-shirt,132,3,396,CreditCard,Torino,0,DHL,2,13
9249,10249,2024-09-02,,M,Basic,Sport,Manubri,48,3,144,PayPal,Torino,1,BRT,5,7
9250,10250,2024-02-24,43.0,M,Silver,Elettronica,Tablet,311,2,622,BankTransfer,Torino,1,BRT,3,3
9251,10251,2024-08-17,21.0,M,Silver,Sport,Manubri,151,2,302,PayPal,Milano,1,Poste,6,8
9252,10252,2024-04-06,44.0,M,Basic,Elettronica,Cuffie,553,4,2212,PayPal,Roma,0,BRT,5,8
9253,10253,2024-09-29,56.0,M,Silver,Elettronica,Tablet,763,1,763,BankTransfer,Milano,0,BRT,4,0
9254,10254,2024-03-01,18.0,M,Basic,Casa,Pentola,71,1,71,CreditCard,Milano,0,BRT,2,1
9255,10255,2024-01-21,25.0,M,Silver,Libri,Guida,8,2,16,CreditCard,Roma,0,DHL,1,0
9256,10256,2024-10-29,20.0,M,Silver,Elettronica,Smartphone,357,4,1428,PayPal,Bologna,1,GLS,3,8
9257,10257,2024-02-12,41.0,M,Silver,Casa,Cuscino,93,3,279,BankTransfer,Napoli,0,BRT,4,16
9258,10258,2024-05-08,53.0,F,Silver,Sport,Tappetino Yoga,59,2,118,BankTransfer,Roma,1,GLS,4,4
9259,10259,2024-11-15,40.0,F,Basic,Sport,Tappetino Yoga,43,1,43,CreditCard,Napoli,1,GLS,2,4
9260,10260,2024-01-04,75.0,F,Gold,Abbigliamento,Scarpe,160,1,160,CreditCard,Bologna,0,DHL,1,2
9261,10261,2024-08-06,36.0,M,Silver,Libri,Romanzo,9,3,27,BankTransfer,Roma,0,BRT,3,13
9262,10262,2024-09-03,40.0,M,Basic,Abbigliamento,Maglione,107,1,107,BankTransfer,Torino,0,GLS,5,2
9263,10263,2024-01-22,36.0,M,Silver,Libri,Fumetto,49,2,98,CreditCard,Torino,1,BRT,2,8
9264,10264,2024-12-02,47.0,M,Basic,Casa,Cuscino,56,2,112,Cash,Roma,0,DHL,3,13
9265,10265,2024-03-18,36.0,M,Silver,Elettronica,Smartphone,278,1,278,CreditCard,Milano,0,GLS,5,2
9266,10266,2024-11-30,34.0,M,Silver,Casa,Coperta,56,1,56,PayPal,Milano,0,BRT,4,0
9267,10267,2024-05-05,31.0,M,Basic,Sport,Pallone,165,5,825,PayPal,Torino,1,DHL,3,13
9268,10268,2024-01-12,26.0,M,Basic,Libri,Enciclopedia,41,1,41,BankTransfer,Napoli,0,Poste,1,7
9269,10269,2024-01-15,58.0,M,Gold,Elettronica,Smartwatch,381,1,381,PayPal,Bologna,0,GLS,5,4
9270,10270,2024-04-19,47.0,M,Basic,Elettronica,Cuffie,355,5,1775,Cash,Roma,0,GLS,3,20
9271,10271,2024-04-25,58.0,M,Gold,Abbigliamento,Giacca,69,1,69,CreditCard,Bologna,0,Poste,5,0
9272,10272,2024-05-27,30.0,F,Silver,Libri,Fumetto,32,1,32,BankTransfer,Bologna,1,DHL,2,0
9273,10273,2024-05-21,42.0,F,Basic,Casa,Lampada,17,3,51,BankTransfer,Napoli,1,GLS,5,7
9274,10274,2024-07-07,,M,Basic,Libri,Romanzo,35,1,35,BankTransfer,Milano,0,DHL,4,2
9275,10275,2024-08-21,18.0,M,Gold,Casa,Lampada,90,2,180,BankTransfer,Napoli,1,DHL,2,10
9276,10276,2024-08-16,53.0,F,Silver,Libri,Manuale,34,3,102,CreditCard,Napoli,0,BRT,4,15
9277,10277,2024-09-05,,F,Basic,Libri,Guida,40,2,80,CreditCard,Napoli,0,Poste,6,7
9278,10278,2024-06-01,45.0,M,Basic,Casa,Coperta,11,3,33,Cash,Napoli,1,DHL,3,10
9279,10279,2024-04-12,48.0,F,Basic,Elettronica,Laptop,399,2,798,CreditCard,Milano,0,BRT,3,4
9280,10280,2024-06-05,41.0,F,Basic,Libri,Romanzo,14,2,28,PayPal,Napoli,0,BRT,2,5
9281,10281,2024-09-29,18.0,M,Basic,Abbigliamento,Maglione,93,4,372,PayPal,Napoli,1,BRT,2,6
9282,10282,2024-09-22,48.0,M,Basic,Casa,Cuscino,35,1,35,Cash,Torino,0,GLS,3,3
9283,10283,2024-02-11,48.0,F,Basic,Abbigliamento,Maglione,185,1,185,CreditCard,Milano,1,BRT,1,7
9284,10284,2024-03-11,35.0,F,Basic,Elettronica,Smartphone,702,1,702,BankTransfer,Milano,0,BRT,1,0
9285,10285,2024-12-29,49.0,M,Basic,Abbigliamento,Scarpe,106,1,106,Cash,Milano,0,BRT,2,2
9286,10286,2024-09-03,39.0,F,Basic,Libri,Romanzo,19,2,38,BankTransfer,Milano,0,Poste,6,10
9287,10287,2024-07-26,18.0,F,Silver,Sport,Scarpe Running,142,2,284,PayPal,Bologna,0,BRT,4,14
9288,10288,2024-05-07,47.0,M,Silver,Abbigliamento,Giacca,66,2,132,Cash,Bologna,1,DHL,3,3
9289,10289,2024-03-18,43.0,F,Basic,Elettronica,Smartphone,387,3,1161,Cash,Bologna,1,BRT,2,5
9290,10290,2024-02-06,54.0,M,Silver,Sport,Manubri,110,4,440,PayPal,Torino,1,GLS,4,14
9291,10291,2024-02-19,20.0,F,Basic,Libri,Manuale,11,2,22,CreditCard,Torino,1,GLS,4,1
9292,10292,2024-06-22,27.0,M,Basic,Sport,Tappetino Yoga,150,3,450,PayPal,Torino,1,BRT,1,11
9293,10293,2024-08-10,18.0,M,Basic,Libri,Romanzo,13,2,26,PayPal,Napoli,1,BRT,5,1
9294,10294,2024-04-07,27.0,M,Basic,Abbigliamento,Scarpe,167,3,501,PayPal,Milano,0,Poste,5,10
9295,10295,2024-02-20,48.0,F,Silver,Sport,Tappetino Yoga,103,2,206,CreditCard,Roma,0,GLS,5,4
9296,10296,2024-09-11,51.0,F,Silver,Elettronica,Smartwatch,291,2,582,CreditCard,Roma,1,BRT,2,3
9297,10297,2024-07-29,34.0,F,Silver,Elettronica,Tablet,52,4,208,BankTransfer,Roma,0,GLS,3,14
9298,10298,2024-12-31,28.0,M,Basic,Abbigliamento,Jeans,128,2,256,CreditCard,Torino,0,BRT,4,7
9299,10299,2024-06-21,21.0,M,Basic,Abbigliamento,Giacca,146,3,438,PayPal,Bologna,1,BRT,2,7
9300,10300,2024-12-02,,F,Basic,Sport,Manubri,49,1,49,CreditCard,Milano,1,BRT,1,0
9301,10301,2024-10-01,53.0,M,Basic,Libri,Manuale,11,1,11,CreditCard,Bologna,0,BRT,3,0
9302,10302,2024-11-24,21.0,M,Basic,Casa,Lampada,137,2,274,BankTransfer,Torino,1,BRT,3,7
9303,10303,2024-01-07,40.0,F,Basic,Sport,Manubri,26,2,52,PayPal,Torino,1,Poste,9,9
9304,10304,2024-04-29,35.0,F,Basic,Abbigliamento,T-shirt,112,3,336,CreditCard,Napoli,0,BRT,5,15
9305,10305,2024-04-05,38.0,M,Gold,Elettronica,Laptop,553,2,1106,CreditCard,Torino,0,Poste,4,4
9306,10306,2024-03-28,43.0,M,Basic,Libri,Manuale,27,1,27,CreditCard,Bologna,0,BRT,1,7
9307,10307,2024-06-20,71.0,F,Silver,Abbigliamento,Giacca,174,1,174,CreditCard,Torino,0,DHL,2,1
9308,10308,2024-01-30,54.0,F,Silver,Casa,Lampada,112,2,224,BankTransfer,Napoli,0,BRT,2,4
9309,10309,2024-08-16,44.0,F,Gold,Abbigliamento,Jeans,47,3,141,Cash,Torino,1,GLS,2,12
9310,10310,2024-10-16,24.0,F,Silver,Sport,Scarpe Running,82,1,82,BankTransfer,Roma,0,Poste,5,9
9311,10311,2024-01-02,62.0,M,Gold,Casa,Lampada,87,1,87,CreditCard,Torino,0,BRT,1,3
9312,10312,2024-06-02,47.0,F,Gold,Abbigliamento,T-shirt,86,2,172,PayPal,Bologna,0,BRT,1,0
9313,10313,2024-07-12,,M,Basic,Casa,Pentola,107,2,214,PayPal,Bologna,0,GLS,3,0
9314,10314,2024-10-13,33.0,F,Silver,Casa,Coperta,23,1,23,CreditCard,Milano,0,Poste,1,13
9315,10315,2024-01-29,18.0,M,Silver,Casa,Coperta,43,3,129,Cash,Bologna,1,GLS,4,10
9316,10316,2024-07-16,52.0,M,Silver,Casa,Lampada,136,2,272,Cash,Milano,0,BRT,4,16
9317,10317,2024-08-25,36.0,F,Basic,Sport,Pallone,82,1,82,BankTransfer,Torino,1,Poste,4,8
9318,10318,2024-08-26,55.0,M,Gold,Libri,Guida,14,3,42,PayPal,Torino,0,BRT,5,6
9319,10319,2024-05-23,54.0,F,Basic,Casa,Lampada,88,2,176,Cash,Roma,0,Poste,5,4
9320,10320,2024-07-29,,F,Basic,Libri,Romanzo,35,1,35,Cash,Milano,0,BRT,2,2
9321,10321,2024-09-24,,F,Gold,Sport,Tappetino Yoga,49,1,49,BankTransfer,Torino,0,GLS,3,0
9322,10322,2024-01-19,59.0,M,Basic,Abbigliamento,T-shirt,173,1,173,CreditCard,Napoli,0,GLS,5,4
9323,10323,2024-06-01,47.0,M,Basic,Sport,Pallone,97,2,194,CreditCard,Napoli,1,BRT,1,3
9324,10324,2024-10-24,41.0,F,Basic,Libri,Guida,37,2,74,BankTransfer,Milano,0,GLS,2,8
9325,10325,2024-01-06,57.0,F,Gold,Elettronica,Laptop,358,1,358,PayPal,Milano,0,GLS,3,7
9326,10326,2024-07-19,68.0,M,Gold,Sport,Scarpe Running,81,5,405,PayPal,Bologna,0,DHL,3,14
9327,10327,2024-07-28,18.0,M,Silver,Sport,Manubri,61,2,122,Cash,Torino,0,Poste,3,8
9328,10328,2024-09-06,,M,Silver,Libri,Romanzo,17,3,51,PayPal,Milano,1,GLS,3,8
9329,10329,2024-09-03,,M,Basic,Casa,Coperta,121,2,242,Cash,Roma,1,BRT,1,9
9330,10330,2024-06-14,28.0,F,Basic,Elettronica,Cuffie,366,1,366,CreditCard,Napoli,0,BRT,1,9
9331,10331,2024-02-10,30.0,F,Basic,Sport,Scarpe Running,23,2,46,CreditCard,Roma,0,BRT,3,7
9332,10332,2024-09-15,18.0,F,Basic,Sport,Scarpe Running,94,1,94,CreditCard,Milano,0,Poste,1,8
9333,10333,2024-05-17,37.0,M,Silver,Elettronica,Tablet,171,4,684,BankTransfer,Torino,0,BRT,1,17
9334,10334,2024-05-31,28.0,F,Basic,Sport,Scarpe Running,59,4,236,Cash,Roma,1,GLS,4,10
9335,10335,2024-04-27,20.0,F,Silver,Sport,Borraccia,72,3,216,CreditCard,Torino,0,GLS,4,12
9336,10336,2024-05-01,,F,Basic,Casa,Tappeto,14,1,14,PayPal,Milano,0,GLS,3,8
9337,10337,2024-05-21,,M,Basic,Abbigliamento,Giacca,112,4,448,CreditCard,Torino,1,GLS,5,13
9338,10338,2024-03-26,39.0,M,Gold,Casa,Cuscino,49,1,49,CreditCard,Roma,0,Poste,5,1
9339,10339,2024-01-26,39.0,F,Silver,Libri,Guida,28,4,112,Cash,Roma,0,GLS,4,5
9340,10340,2024-07-04,,F,Basic,Libri,Romanzo,45,2,90,CreditCard,Milano,1,Poste,7,8
9341,10341,2024-09-21,21.0,F,Basic,Sport,Pallone,21,2,42,CreditCard,Bologna,0,DHL,1,9
9342,10342,2024-10-13,43.0,M,Gold,Sport,Pallone,120,1,120,CreditCard,Bologna,0,GLS,3,1
9343,10343,2024-04-18,,F,Basic,Sport,Borraccia,35,1,35,CreditCard,Roma,0,BRT,3,5
9344,10344,2024-09-12,60.0,F,Silver,Elettronica,Smartphone,563,1,563,Cash,Roma,0,BRT,3,2
9345,10345,2024-03-22,27.0,F,Basic,Elettronica,Cuffie,575,2,1150,BankTransfer,Napoli,1,BRT,1,7
9346,10346,2024-03-31,,F,Basic,Libri,Guida,34,1,34,CreditCard,Torino,1,GLS,4,9
9347,10347,2024-02-17,42.0,M,Basic,Abbigliamento,Maglione,24,3,72,CreditCard,Torino,1,DHL,2,3
9348,10348,2024-04-10,49.0,M,Silver,Libri,Manuale,31,1,31,PayPal,Torino,0,BRT,4,7
9349,10349,2024-01-14,44.0,F,Silver,Abbigliamento,Giacca,125,2,250,PayPal,Roma,0,BRT,4,14
9350,10350,2024-06-10,35.0,F,Basic,Abbigliamento,Maglione,161,1,161,PayPal,Roma,0,GLS,4,0
9351,10351,2024-11-09,50.0,F,Silver,Sport,Tappetino Yoga,155,3,465,PayPal,Torino,0,BRT,8,14
9352,10352,2024-10-21,30.0,M,Basic,Libri,Manuale,49,1,49,CreditCard,Milano,0,GLS,5,4
9353,10353,2024-12-03,40.0,M,Silver,Libri,Enciclopedia,8,4,32,PayPal,Milano,0,GLS,4,9
9354,10354,2024-02-20,43.0,M,Silver,Libri,Fumetto,31,2,62,Cash,Milano,0,Poste,7,6
9355,10355,2024-06-28,39.0,M,Silver,Sport,Scarpe Running,65,5,325,CreditCard,Torino,0,BRT,3,13
9356,10356,2024-01-10,,F,Basic,Sport,Pallone,152,1,152,CreditCard,Roma,0,Poste,6,0
9357,10357,2024-10-29,27.0,M,Silver,Casa,Pentola,57,4,228,PayPal,Bologna,0,GLS,3,18
9358,10358,2024-02-21,29.0,M,Silver,Casa,Lampada,78,2,156,BankTransfer,Milano,1,BRT,5,8
9359,10359,2024-11-14,42.0,F,Basic,Abbigliamento,Maglione,159,1,159,Cash,Roma,0,DHL,3,0
9360,10360,2024-10-08,31.0,F,Basic,Abbigliamento,Giacca,172,4,688,Cash,Bologna,1,GLS,2,18
9361,10361,2024-05-28,47.0,M,Basic,Elettronica,Tablet,734,2,1468,CreditCard,Bologna,1,Poste,1,2
9362,10362,2024-10-17,20.0,M,Basic,Abbigliamento,Jeans,140,2,280,PayPal,Torino,0,Poste,4,2
9363,10363,2024-11-29,33.0,M,Silver,Abbigliamento,Scarpe,109,2,218,PayPal,Bologna,0,BRT,4,5
9364,10364,2024-05-20,18.0,M,Basic,Abbigliamento,Maglione,26,3,78,CreditCard,Bologna,0,Poste,4,10
9365,10365,2024-12-08,66.0,F,Silver,Casa,Lampada,49,2,98,Cash,Bologna,1,BRT,3,9
9366,10366,2024-02-25,42.0,M,Basic,Libri,Manuale,29,1,29,PayPal,Roma,0,BRT,2,4
9367,10367,2024-09-22,41.0,M,Basic,Libri,Manuale,24,3,72,PayPal,Roma,0,DHL,3,7
9368,10368,2024-11-08,32.0,F,Silver,Elettronica,Tablet,502,1,502,PayPal,Roma,0,BRT,4,2
9369,10369,2024-02-05,34.0,F,Basic,Libri,Guida,45,3,135,PayPal,Milano,0,Poste,2,9
9370,10370,2024-03-06,18.0,M,Gold,Libri,Romanzo,25,1,25,CreditCard,Torino,0,DHL,3,4
9371,10371,2024-08-17,37.0,M,Gold,Casa,Cuscino,94,2,188,PayPal,Roma,0,GLS,2,11
9372,10372,2024-01-21,33.0,M,Basic,Elettronica,Laptop,151,2,302,CreditCard,Roma,1,BRT,5,5
9373,10373,2024-03-27,,F,Silver,Elettronica,Smartphone,249,2,498,PayPal,Milano,0,DHL,2,2
9374,10374,2024-06-20,29.0,F,Basic,Casa,Pentola,57,1,57,Cash,Bologna,0,Poste,1,8
9375,10375,2024-10-28,43.0,M,Basic,Sport,Borraccia,89,3,267,PayPal,Napoli,0,GLS,5,9
9376,10376,2024-08-10,42.0,F,Silver,Casa,Pentola,112,1,112,PayPal,Napoli,1,BRT,5,4
9377,10377,2024-06-17,63.0,M,Silver,Elettronica,Cuffie,250,2,500,PayPal,Bologna,0,Poste,5,3
9378,10378,2024-08-13,45.0,F,Basic,Sport,Pallone,64,1,64,CreditCard,Napoli,0,Poste,6,1
9379,10379,2024-04-06,53.0,M,Silver,Abbigliamento,Scarpe,78,3,234,CreditCard,Milano,1,BRT,5,4
9380,10380,2024-08-03,47.0,F,Basic,Casa,Coperta,74,1,74,PayPal,Milano,1,BRT,6,2
9381,10381,2024-07-18,27.0,F,Basic,Sport,Tappetino Yoga,24,3,72,CreditCard,Roma,1,Poste,6,14
9382,10382,2024-03-18,30.0,M,Basic,Libri,Romanzo,24,5,120,CreditCard,Milano,0,DHL,2,14
9383,10383,2024-06-22,35.0,F,Basic,Sport,Borraccia,175,3,525,CreditCard,Roma,1,GLS,3,7
9384,10384,2024-08-14,20.0,F,Silver,Sport,Manubri,169,3,507,Cash,Roma,1,BRT,3,8
9385,10385,2024-04-19,53.0,F,Silver,Elettronica,Smartphone,720,2,1440,PayPal,Milano,0,GLS,3,7
9386,10386,2024-02-19,37.0,M,Gold,Libri,Manuale,10,3,30,BankTransfer,Milano,0,GLS,6,13
9387,10387,2024-08-01,39.0,M,Silver,Libri,Enciclopedia,23,3,69,Cash,Roma,0,GLS,3,8
9388,10388,2024-10-31,42.0,F,Basic,Casa,Coperta,145,1,145,CreditCard,Milano,1,GLS,4,8
9389,10389,2024-12-14,,F,Gold,Libri,Guida,28,3,84,CreditCard,Napoli,0,BRT,1,7
9390,10390,2024-02-27,33.0,F,Gold,Abbigliamento,Scarpe,135,5,675,Cash,Milano,0,GLS,2,13
9391,10391,2024-03-10,23.0,M,Basic,Elettronica,Laptop,315,2,630,Cash,Milano,0,BRT,3,0
9392,10392,2024-02-21,47.0,F,Basic,Elettronica,Laptop,354,3,1062,PayPal,Milano,1,Poste,5,3
9393,10393,2024-11-15,22.0,M,Silver,Sport,Pallone,64,1,64,CreditCard,Roma,1,DHL,2,5
9394,10394,2024-07-01,,F,Gold,Elettronica,Tablet,634,1,634,BankTransfer,Milano,0,GLS,4,0
9395,10395,2024-06-24,39.0,M,Silver,Abbigliamento,Scarpe,58,2,116,BankTransfer,Bologna,1,Poste,7,4
9396,10396,2024-11-13,18.0,M,Basic,Casa,Cuscino,110,1,110,BankTransfer,Bologna,1,BRT,1,7
9397,10397,2024-01-27,37.0,M,Gold,Abbigliamento,Giacca,61,1,61,PayPal,Milano,1,BRT,6,0
9398,10398,2024-05-14,55.0,M,Silver,Sport,Manubri,97,1,97,BankTransfer,Bologna,0,BRT,6,0
9399,10399,2024-04-28,47.0,M,Gold,Libri,Fumetto,48,1,48,PayPal,Torino,0,GLS,4,0
9400,10400,2024-01-11,47.0,F,Basic,Abbigliamento,Jeans,77,1,77,PayPal,Roma,1,DHL,3,0
9401,10401,2024-01-29,37.0,M,Silver,Casa,Tappeto,59,1,59,CreditCard,Torino,1,BRT,4,0
9402,10402,2024-06-26,45.0,F,Silver,Casa,Pentola,107,5,535,PayPal,Roma,0,Poste,3,19
9403,10403,2024-02-24,31.0,F,Silver,Sport,Scarpe Running,56,5,280,BankTransfer,Milano,1,Poste,5,13
9404,10404,2024-02-24,60.0,M,Gold,Abbigliamento,Maglione,181,2,362,CreditCard,Torino,0,GLS,2,0
9405,10405,2024-02-10,,M,Basic,Sport,Pallone,113,5,565,CreditCard,Milano,1,GLS,4,12
9406,10406,2024-08-06,64.0,M,Silver,Libri,Manuale,48,3,144,Cash,Roma,0,BRT,4,9
9407,10407,2024-01-12,18.0,F,Basic,Abbigliamento,T-shirt,93,3,279,PayPal,Napoli,1,DHL,2,3
9408,10408,2024-12-27,31.0,M,Basic,Casa,Lampada,149,1,149,BankTransfer,Milano,1,GLS,3,8
9409,10409,2024-11-11,42.0,M,Silver,Sport,Scarpe Running,103,1,103,CreditCard,Bologna,1,DHL,2,5
9410,10410,2024-12-07,68.0,M,Gold,Sport,Pallone,136,4,544,CreditCard,Milano,0,GLS,3,17
9411,10411,2024-09-12,24.0,F,Basic,Elettronica,Laptop,196,5,980,PayPal,Milano,0,BRT,2,19
9412,10412,2024-01-20,42.0,F,Silver,Elettronica,Tablet,328,4,1312,PayPal,Bologna,0,GLS,3,13
9413,10413,2024-05-18,28.0,M,Basic,Elettronica,Cuffie,226,1,226,PayPal,Bologna,1,BRT,2,7
9414,10414,2024-01-15,27.0,M,Basic,Elettronica,Smartwatch,211,3,633,CreditCard,Roma,1,GLS,2,12
9415,10415,2024-08-22,53.0,M,Gold,Libri,Fumetto,50,1,50,CreditCard,Napoli,0,GLS,3,5
9416,10416,2024-05-23,36.0,F,Basic,Libri,Romanzo,40,2,80,PayPal,Roma,1,BRT,3,9
9417,10417,2024-05-30,21.0,M,Basic,Abbigliamento,T-shirt,166,2,332,CreditCard,Milano,1,Poste,3,0
9418,10418,2024-01-24,40.0,F,Basic,Sport,Manubri,89,1,89,PayPal,Milano,0,BRT,4,5
9419,10419,2024-03-17,44.0,M,Basic,Elettronica,Smartphone,538,2,1076,CreditCard,Napoli,0,Poste,3,7
9420,10420,2024-07-27,27.0,M,Basic,Abbigliamento,T-shirt,55,1,55,CreditCard,Milano,1,GLS,4,5
9421,10421,2024-12-15,34.0,M,Basic,Abbigliamento,Giacca,142,1,142,CreditCard,Roma,0,Poste,8,0
9422,10422,2024-11-20,59.0,M,Basic,Elettronica,Smartwatch,57,1,57,CreditCard,Roma,0,GLS,5,6
9423,10423,2024-03-07,35.0,M,Silver,Libri,Romanzo,48,2,96,PayPal,Milano,0,BRT,2,10
9424,10424,2024-04-04,18.0,M,Silver,Casa,Coperta,26,2,52,PayPal,Bologna,0,GLS,4,4
9425,10425,2024-10-07,50.0,M,Basic,Libri,Romanzo,38,5,190,BankTransfer,Roma,0,GLS,4,15
9426,10426,2024-10-22,,M,Basic,Elettronica,Tablet,683,2,1366,CreditCard,Torino,0,GLS,5,16
9427,10427,2024-06-23,,F,Gold,Abbigliamento,Giacca,64,1,64,CreditCard,Milano,0,BRT,2,9
9428,10428,2024-06-10,47.0,F,Basic,Abbigliamento,Jeans,200,2,400,CreditCard,Bologna,0,BRT,3,1
9429,10429,2024-12-24,18.0,F,Basic,Casa,Pentola,117,2,234,CreditCard,Napoli,1,BRT,2,2
9430,10430,2024-07-28,,M,Basic,Sport,Manubri,141,1,141,BankTransfer,Bologna,0,GLS,4,0
9431,10431,2024-12-07,67.0,M,Gold,Libri,Romanzo,25,1,25,CreditCard,Napoli,0,DHL,3,0
9432,10432,2024-02-04,,F,Basic,Sport,Borraccia,132,2,264,BankTransfer,Milano,1,GLS,4,4
9433,10433,2024-06-21,52.0,F,Gold,Libri,Manuale,15,3,45,CreditCard,Bologna,1,BRT,2,7
9434,10434,2024-02-08,,M,Basic,Abbigliamento,Maglione,109,1,109,CreditCard,Torino,1,GLS,4,5
9435,10435,2024-08-04,22.0,M,Basic,Abbigliamento,Jeans,23,1,23,BankTransfer,Bologna,1,DHL,3,3
9436,10436,2024-01-07,50.0,M,Silver,Casa,Cuscino,145,3,435,PayPal,Torino,1,GLS,2,8
9437,10437,2024-02-01,23.0,F,Basic,Casa,Cuscino,48,1,48,CreditCard,Roma,0,BRT,8,1
9438,10438,2024-08-12,29.0,M,Silver,Sport,Borraccia,27,1,27,CreditCard,Roma,0,BRT,3,2
9439,10439,2024-08-30,32.0,M,Basic,Elettronica,Smartphone,462,4,1848,CreditCard,Torino,0,Poste,5,10
9440,10440,2024-06-22,35.0,M,Silver,Sport,Borraccia,26,2,52,PayPal,Torino,1,BRT,5,10
9441,10441,2024-10-30,61.0,F,Silver,Casa,Lampada,36,2,72,CreditCard,Torino,0,BRT,6,7
9442,10442,2024-11-12,55.0,M,Basic,Libri,Fumetto,44,2,88,PayPal,Bologna,1,BRT,1,5
9443,10443,2024-07-09,54.0,F,Gold,Sport,Borraccia,60,2,120,PayPal,Roma,0,BRT,2,5
9444,10444,2024-03-02,,F,Basic,Elettronica,Tablet,204,1,204,PayPal,Milano,0,DHL,2,4
9445,10445,2024-01-11,52.0,M,Silver,Casa,Coperta,134,2,268,CreditCard,Bologna,1,Poste,5,4
9446,10446,2024-11-03,35.0,F,Basic,Abbigliamento,Giacca,115,2,230,BankTransfer,Roma,1,GLS,5,4
9447,10447,2024-11-11,30.0,F,Basic,Libri,Romanzo,8,2,16,CreditCard,Roma,1,DHL,4,5
9448,10448,2024-05-12,24.0,M,Basic,Elettronica,Smartwatch,524,1,524,CreditCard,Torino,0,Poste,4,4
9449,10449,2024-06-12,,M,Basic,Casa,Pentola,80,5,400,PayPal,Roma,0,DHL,2,15
9450,10450,2024-04-28,51.0,F,Gold,Casa,Pentola,22,3,66,PayPal,Roma,0,Poste,4,6
9451,10451,2024-02-22,31.0,M,Basic,Abbigliamento,Scarpe,181,2,362,BankTransfer,Napoli,1,BRT,3,1
9452,10452,2024-12-12,20.0,F,Basic,Elettronica,Laptop,321,1,321,BankTransfer,Milano,0,GLS,2,0
9453,10453,2024-09-05,,M,Basic,Libri,Manuale,22,2,44,BankTransfer,Torino,0,GLS,3,17
9454,10454,2024-05-14,62.0,M,Silver,Sport,Tappetino Yoga,66,3,198,Cash,Roma,0,Poste,3,11
9455,10455,2024-07-26,55.0,M,Gold,Sport,Manubri,88,4,352,BankTransfer,Bologna,0,BRT,1,9
9456,10456,2024-11-24,37.0,M,Basic,Elettronica,Smartwatch,92,1,92,CreditCard,Roma,0,Poste,8,9
9457,10457,2024-11-07,18.0,F,Basic,Sport,Tappetino Yoga,87,1,87,CreditCard,Napoli,1,DHL,2,4
9458,10458,2024-05-14,52.0,M,Basic,Sport,Borraccia,79,2,158,BankTransfer,Bologna,0,DHL,2,9
9459,10459,2024-11-08,40.0,M,Basic,Casa,Tappeto,128,2,256,BankTransfer,Bologna,1,BRT,4,7
9460,10460,2024-09-09,,F,Silver,Abbigliamento,Jeans,63,1,63,Cash,Roma,0,BRT,2,6
9461,10461,2024-06-16,39.0,F,Gold,Elettronica,Smartwatch,253,4,1012,PayPal,Torino,1,Poste,9,9
9462,10462,2024-11-20,32.0,M,Basic,Elettronica,Smartphone,275,1,275,Cash,Roma,0,Poste,4,6
9463,10463,2024-04-29,,F,Gold,Casa,Cuscino,59,1,59,PayPal,Bologna,0,GLS,4,3
9464,10464,2024-07-31,18.0,F,Silver,Elettronica,Smartphone,309,2,618,CreditCard,Roma,1,Poste,10,13
9465,10465,2024-09-29,56.0,F,Gold,Abbigliamento,Maglione,158,1,158,CreditCard,Roma,1,Poste,1,6
9466,10466,2024-07-05,33.0,F,Basic,Sport,Pallone,120,2,240,BankTransfer,Bologna,1,BRT,2,11
9467,10467,2024-01-09,48.0,M,Gold,Casa,Tappeto,109,2,218,CreditCard,Bologna,1,DHL,2,5
9468,10468,2024-05-26,,M,Silver,Elettronica,Smartphone,301,4,1204,CreditCard,Torino,0,BRT,1,6
9469,10469,2024-06-01,48.0,F,Basic,Libri,Guida,42,3,126,CreditCard,Bologna,1,BRT,2,11
9470,10470,2024-07-03,18.0,M,Basic,Casa,Cuscino,51,5,255,PayPal,Milano,1,Poste,6,19
9471,10471,2024-11-01,22.0,M,Silver,Elettronica,Smartphone,225,4,900,PayPal,Milano,1,DHL,2,13
9472,10472,2024-02-25,,M,Basic,Casa,Cuscino,95,5,475,PayPal,Roma,1,Poste,2,10
9473,10473,2024-02-08,18.0,F,Basic,Libri,Manuale,20,1,20,Cash,Milano,1,DHL,2,0
9474,10474,2024-07-21,48.0,F,Basic,Abbigliamento,Scarpe,27,2,54,BankTransfer,Roma,0,Poste,6,5
9475,10475,2024-12-17,38.0,F,Silver,Sport,Manubri,144,3,432,CreditCard,Bologna,1,GLS,2,11
9476,10476,2024-06-13,20.0,F,Basic,Libri,Enciclopedia,24,1,24,Cash,Bologna,1,GLS,4,0
9477,10477,2024-01-11,,M,Basic,Elettronica,Cuffie,252,5,1260,BankTransfer,Roma,1,BRT,3,11
9478,10478,2024-03-27,,F,Basic,Sport,Borraccia,112,3,336,CreditCard,Roma,0,Poste,4,8
9479,10479,2024-01-11,35.0,F,Basic,Casa,Pentola,148,2,296,PayPal,Milano,1,GLS,4,5
9480,10480,2024-07-20,45.0,M,Gold,Casa,Lampada,110,1,110,Cash,Roma,0,GLS,3,6
9481,10481,2024-09-16,44.0,M,Silver,Abbigliamento,Giacca,118,1,118,CreditCard,Milano,0,GLS,4,5
9482,10482,2024-11-30,72.0,F,Gold,Casa,Pentola,74,2,148,BankTransfer,Bologna,1,GLS,2,2
9483,10483,2024-10-25,31.0,M,Basic,Libri,Enciclopedia,49,1,49,BankTransfer,Napoli,0,GLS,4,1
9484,10484,2024-11-16,,M,Silver,Abbigliamento,Scarpe,113,3,339,CreditCard,Milano,0,DHL,3,11
9485,10485,2024-03-21,,M,Basic,Abbigliamento,T-shirt,182,5,910,BankTransfer,Roma,1,BRT,4,6
9486,10486,2024-08-01,18.0,M,Silver,Elettronica,Smartphone,317,1,317,CreditCard,Bologna,0,GLS,5,4
9487,10487,2024-07-04,44.0,M,Basic,Elettronica,Smartphone,553,1,553,BankTransfer,Milano,0,BRT,7,5
9488,10488,2024-05-30,,F,Basic,Elettronica,Cuffie,137,3,411,BankTransfer,Roma,1,GLS,3,12
9489,10489,2024-09-27,49.0,F,Basic,Casa,Pentola,149,3,447,Cash,Milano,0,DHL,2,13
9490,10490,2024-08-14,39.0,F,Silver,Sport,Borraccia,24,3,72,CreditCard,Torino,0,GLS,4,5
9491,10491,2024-06-22,47.0,M,Silver,Abbigliamento,Maglione,115,2,230,PayPal,Milano,0,BRT,5,11
9492,10492,2024-08-28,24.0,F,Silver,Sport,Borraccia,146,1,146,PayPal,Milano,0,BRT,4,0
9493,10493,2024-02-25,33.0,F,Basic,Elettronica,Tablet,174,1,174,BankTransfer,Roma,1,GLS,5,8
9494,10494,2024-06-24,23.0,F,Basic,Sport,Manubri,23,1,23,Cash,Torino,1,GLS,4,9
9495,10495,2024-04-30,54.0,F,Gold,Abbigliamento,Giacca,127,4,508,PayPal,Napoli,1,GLS,3,19
9496,10496,2024-11-29,18.0,M,Basic,Sport,Pallone,158,1,158,BankTransfer,Bologna,1,GLS,2,2
9497,10497,2024-03-24,,M,Silver,Elettronica,Laptop,632,2,1264,PayPal,Milano,0,BRT,1,7
9498,10498,2024-04-16,42.0,M,Silver,Sport,Pallone,169,3,507,CreditCard,Roma,1,BRT,5,8
9499,10499,2024-08-01,52.0,F,Basic,Abbigliamento,Giacca,42,1,42,PayPal,Bologna,0,GLS,3,7
9500,10500,2024-02-13,42.0,M,Basic,Casa,Cuscino,38,1,38,Cash,Roma,1,BRT,1,0
9501,10501,2024-05-03,,F,Silver,Libri,Enciclopedia,11,2,22,Cash,Napoli,1,Poste,7,9
9502,10502,2024-09-15,,M,Silver,Sport,Manubri,152,1,152,BankTransfer,Milano,0,GLS,3,1
9503,10503,2024-09-20,24.0,F,Basic,Abbigliamento,Scarpe,174,1,174,PayPal,Milano,1,GLS,5,0
9504,10504,2024-01-16,18.0,M,Basic,Elettronica,Laptop,307,4,1228,PayPal,Milano,0,BRT,1,12
9505,10505,2024-08-05,62.0,F,Silver,Casa,Pentola,76,1,76,PayPal,Milano,1,DHL,2,0
9506,10506,2024-03-17,57.0,F,Silver,Casa,Cuscino,90,2,180,CreditCard,Bologna,0,DHL,3,3
9507,10507,2024-01-20,18.0,M,Silver,Elettronica,Tablet,651,2,1302,PayPal,Bologna,0,Poste,6,9
9508,10508,2024-03-10,54.0,M,Silver,Libri,Guida,22,4,88,PayPal,Roma,0,GLS,4,20
9509,10509,2024-11-27,,M,Basic,Casa,Tappeto,75,1,75,CreditCard,Napoli,1,Poste,4,8
9510,10510,2024-11-11,46.0,F,Basic,Sport,Scarpe Running,25,1,25,PayPal,Torino,0,BRT,3,8
9511,10511,2024-04-01,30.0,M,Silver,Libri,Fumetto,9,1,9,BankTransfer,Napoli,1,Poste,2,6
9512,10512,2024-02-21,62.0,M,Basic,Libri,Enciclopedia,32,2,64,CreditCard,Roma,1,GLS,5,13
9513,10513,2024-09-03,58.0,M,Gold,Casa,Tappeto,78,2,156,PayPal,Milano,0,GLS,4,4
9514,10514,2024-01-20,55.0,M,Basic,Abbigliamento,T-shirt,40,3,120,Cash,Milano,0,DHL,3,8
9515,10515,2024-10-02,31.0,M,Basic,Elettronica,Laptop,396,1,396,Cash,Roma,0,BRT,2,0
9516,10516,2024-02-03,33.0,M,Silver,Casa,Coperta,48,3,144,BankTransfer,Napoli,1,GLS,3,9
9517,10517,2024-03-03,40.0,M,Gold,Libri,Enciclopedia,45,2,90,CreditCard,Bologna,0,BRT,3,7
9518,10518,2024-06-11,30.0,M,Silver,Sport,Scarpe Running,52,4,208,CreditCard,Torino,1,DHL,2,13
9519,10519,2024-05-16,21.0,M,Basic,Elettronica,Tablet,378,1,378,CreditCard,Milano,0,DHL,3,0
9520,10520,2024-06-24,,M,Silver,Casa,Tappeto,142,4,568,CreditCard,Roma,1,BRT,2,9
9521,10521,2024-01-03,22.0,F,Basic,Libri,Romanzo,28,1,28,CreditCard,Milano,0,Poste,6,0
9522,10522,2024-07-13,43.0,F,Silver,Casa,Pentola,88,2,176,PayPal,Roma,0,BRT,2,4
9523,10523,2024-07-07,31.0,M,Silver,Elettronica,Cuffie,310,1,310,CreditCard,Roma,1,GLS,4,6
9524,10524,2024-07-27,33.0,M,Basic,Elettronica,Cuffie,746,2,1492,PayPal,Bologna,1,Poste,4,4
9525,10525,2024-04-23,18.0,F,Basic,Elettronica,Smartphone,378,4,1512,BankTransfer,Torino,0,Poste,4,22
9526,10526,2024-05-21,64.0,F,Gold,Libri,Manuale,19,2,38,CreditCard,Bologna,0,DHL,2,4
9527,10527,2024-05-29,36.0,F,Silver,Sport,Borraccia,69,4,276,PayPal,Napoli,1,GLS,4,9
9528,10528,2024-06-20,34.0,M,Basic,Casa,Pentola,149,3,447,CreditCard,Napoli,1,GLS,4,4
9529,10529,2024-03-03,56.0,M,Silver,Casa,Pentola,133,1,133,CreditCard,Torino,0,GLS,4,3
9530,10530,2024-08-06,23.0,F,Basic,Sport,Manubri,176,4,704,CreditCard,Roma,1,GLS,5,19
9531,10531,2024-05-30,27.0,M,Silver,Elettronica,Tablet,760,1,760,BankTransfer,Napoli,0,DHL,2,0
9532,10532,2024-06-25,49.0,M,Basic,Casa,Lampada,93,4,372,BankTransfer,Torino,1,Poste,2,8
9533,10533,2024-11-09,,M,Basic,Abbigliamento,T-shirt,43,1,43,CreditCard,Torino,1,GLS,3,8
9534,10534,2024-05-20,18.0,M,Basic,Casa,Cuscino,92,1,92,Cash,Roma,0,GLS,4,2
9535,10535,2024-09-02,40.0,F,Silver,Libri,Enciclopedia,17,3,51,PayPal,Milano,1,BRT,1,4
9536,10536,2024-04-22,41.0,F,Basic,Abbigliamento,Jeans,75,3,225,BankTransfer,Torino,1,GLS,2,10
9537,10537,2024-09-02,41.0,F,Silver,Libri,Fumetto,17,1,17,PayPal,Napoli,0,DHL,2,10
9538,10538,2024-03-22,54.0,M,Silver,Libri,Guida,34,3,102,PayPal,Milano,0,Poste,7,17
9539,10539,2024-02-18,18.0,F,Silver,Abbigliamento,Maglione,161,2,322,PayPal,Napoli,1,GLS,3,6
9540,10540,2024-11-20,,M,Silver,Casa,Pentola,50,2,100,CreditCard,Bologna,0,DHL,3,2
9541,10541,2024-11-14,18.0,F,Basic,Libri,Fumetto,18,3,54,PayPal,Roma,1,GLS,3,7
9542,10542,2024-10-24,35.0,M,Basic,Casa,Pentola,46,5,230,PayPal,Torino,0,Poste,1,15
9543,10543,2024-01-19,20.0,F,Silver,Sport,Manubri,73,1,73,CreditCard,Napoli,0,DHL,3,1
9544,10544,2024-07-26,34.0,M,Basic,Sport,Tappetino Yoga,126,2,252,BankTransfer,Torino,1,BRT,3,7
9545,10545,2024-03-09,42.0,F,Basic,Libri,Romanzo,44,1,44,BankTransfer,Roma,1,Poste,2,1
9546,10546,2024-11-27,,M,Gold,Casa,Tappeto,145,1,145,Cash,Roma,0,GLS,3,10
9547,10547,2024-10-14,35.0,F,Silver,Abbigliamento,Giacca,78,2,156,CreditCard,Napoli,0,DHL,1,5
9548,10548,2024-07-09,38.0,F,Basic,Casa,Lampada,51,4,204,Cash,Torino,1,DHL,3,7
9549,10549,2024-07-25,37.0,F,Silver,Libri,Guida,26,4,104,CreditCard,Bologna,1,DHL,2,5
9550,10550,2024-03-14,32.0,M,Silver,Casa,Lampada,40,4,160,BankTransfer,Milano,0,BRT,1,14
9551,10551,2024-08-15,38.0,M,Basic,Sport,Manubri,156,1,156,CreditCard,Torino,0,BRT,2,0
9552,10552,2024-04-27,18.0,F,Basic,Elettronica,Cuffie,564,3,1692,Cash,Bologna,0,Poste,4,10
9553,10553,2024-07-16,,F,Basic,Abbigliamento,Scarpe,176,3,528,BankTransfer,Milano,0,BRT,5,9
9554,10554,2024-02-25,33.0,F,Silver,Casa,Tappeto,94,2,188,Cash,Milano,0,Poste,2,6
9555,10555,2024-02-09,18.0,M,Silver,Sport,Tappetino Yoga,32,2,64,PayPal,Torino,0,BRT,5,6
9556,10556,2024-06-11,47.0,M,Basic,Elettronica,Laptop,719,3,2157,PayPal,Roma,0,GLS,2,12
9557,10557,2024-04-19,18.0,F,Gold,Casa,Pentola,96,2,192,CreditCard,Roma,1,Poste,7,9
9558,10558,2024-10-11,36.0,M,Basic,Abbigliamento,Scarpe,21,2,42,CreditCard,Roma,1,DHL,1,0
9559,10559,2024-08-03,36.0,F,Silver,Casa,Cuscino,60,1,60,Cash,Torino,0,GLS,3,4
9560,10560,2024-06-20,65.0,M,Basic,Elettronica,Cuffie,147,2,294,PayPal,Napoli,0,DHL,2,8
9561,10561,2024-09-28,23.0,M,Basic,Libri,Romanzo,12,4,48,CreditCard,Roma,1,GLS,3,14
9562,10562,2024-02-18,19.0,M,Basic,Abbigliamento,T-shirt,175,5,875,Cash,Milano,1,DHL,2,15
9563,10563,2024-08-11,,M,Basic,Elettronica,Tablet,606,1,606,Cash,Milano,0,GLS,4,0
9564,10564,2024-07-01,18.0,F,Basic,Elettronica,Cuffie,315,2,630,Cash,Napoli,1,GLS,3,10
9565,10565,2024-02-09,32.0,M,Silver,Abbigliamento,Maglione,37,1,37,PayPal,Torino,0,BRT,3,5
9566,10566,2024-04-16,53.0,M,Basic,Sport,Pallone,71,3,213,CreditCard,Bologna,1,Poste,6,7
9567,10567,2024-11-23,38.0,F,Silver,Libri,Romanzo,49,3,147,CreditCard,Roma,1,BRT,4,9
9568,10568,2024-10-28,,M,Silver,Sport,Pallone,62,2,124,CreditCard,Roma,0,GLS,3,0
9569,10569,2024-12-22,57.0,M,Silver,Libri,Guida,40,1,40,Cash,Torino,0,Poste,7,0
9570,10570,2024-12-22,46.0,M,Basic,Sport,Borraccia,37,1,37,CreditCard,Roma,0,BRT,6,0
9571,10571,2024-03-14,,F,Basic,Libri,Romanzo,49,1,49,PayPal,Torino,1,GLS,3,1
9572,10572,2024-02-07,41.0,F,Basic,Elettronica,Laptop,717,1,717,BankTransfer,Torino,1,GLS,3,2
9573,10573,2024-12-02,26.0,M,Basic,Sport,Borraccia,129,1,129,CreditCard,Torino,0,BRT,3,10
9574,10574,2024-09-19,48.0,M,Silver,Abbigliamento,Jeans,108,1,108,CreditCard,Torino,0,BRT,4,5
9575,10575,2024-02-17,40.0,F,Basic,Libri,Enciclopedia,39,1,39,PayPal,Roma,0,DHL,2,5
9576,10576,2024-11-24,38.0,M,Basic,Abbigliamento,T-shirt,50,1,50,CreditCard,Bologna,1,GLS,5,2
9577,10577,2024-07-20,,F,Basic,Sport,Scarpe Running,85,2,170,CreditCard,Roma,0,BRT,5,6
9578,10578,2024-03-19,46.0,M,Silver,Abbigliamento,Giacca,119,3,357,CreditCard,Torino,0,BRT,4,11
9579,10579,2024-06-08,,M,Basic,Elettronica,Smartwatch,727,4,2908,CreditCard,Milano,0,GLS,3,11
9580,10580,2024-05-16,18.0,M,Silver,Elettronica,Laptop,502,1,502,BankTransfer,Napoli,0,GLS,5,3
9581,10581,2024-01-11,27.0,F,Basic,Libri,Manuale,22,2,44,BankTransfer,Milano,0,BRT,4,3
9582,10582,2024-07-02,30.0,M,Basic,Libri,Manuale,39,1,39,CreditCard,Torino,0,Poste,9,6
9583,10583,2024-11-04,47.0,M,Silver,Abbigliamento,Maglione,136,3,408,CreditCard,Roma,1,GLS,4,8
9584,10584,2024-03-18,,F,Basic,Elettronica,Laptop,457,3,1371,CreditCard,Roma,0,DHL,2,6
9585,10585,2024-08-03,19.0,M,Silver,Libri,Manuale,17,3,51,CreditCard,Napoli,0,BRT,4,13
9586,10586,2024-06-24,44.0,M,Silver,Libri,Fumetto,20,3,60,Cash,Milano,0,Poste,5,11
9587,10587,2024-10-21,38.0,M,Gold,Sport,Borraccia,120,3,360,CreditCard,Roma,0,BRT,2,3
9588,10588,2024-07-04,33.0,F,Basic,Casa,Coperta,109,2,218,Cash,Milano,0,GLS,4,0
9589,10589,2024-11-16,42.0,M,Silver,Casa,Cuscino,83,1,83,CreditCard,Milano,1,Poste,6,0
9590,10590,2024-12-25,34.0,F,Silver,Casa,Pentola,95,4,380,Cash,Roma,0,BRT,5,17
9591,10591,2024-06-11,,M,Basic,Sport,Scarpe Running,34,2,68,PayPal,Roma,0,DHL,2,8
9592,10592,2024-03-31,20.0,F,Basic,Sport,Borraccia,119,1,119,Cash,Bologna,1,GLS,2,8
9593,10593,2024-11-02,45.0,M,Gold,Elettronica,Tablet,774,2,1548,BankTransfer,Roma,0,BRT,4,5
9594,10594,2024-01-11,21.0,F,Basic,Elettronica,Smartphone,375,2,750,Cash,Bologna,0,GLS,2,9
9595,10595,2024-03-25,60.0,F,Gold,Casa,Tappeto,109,1,109,CreditCard,Torino,1,BRT,1,2
9596,10596,2024-01-02,,M,Basic,Elettronica,Tablet,705,3,2115,CreditCard,Torino,0,Poste,4,12
9597,10597,2024-01-16,18.0,F,Basic,Sport,Borraccia,70,2,140,Cash,Torino,1,BRT,2,0
9598,10598,2024-01-21,54.0,M,Silver,Abbigliamento,Giacca,160,2,320,CreditCard,Napoli,0,DHL,2,6
9599,10599,2024-10-20,,M,Basic,Casa,Lampada,134,3,402,CreditCard,Torino,0,Poste,6,14
9600,10600,2024-04-30,42.0,M,Basic,Sport,Scarpe Running,180,2,360,PayPal,Bologna,1,DHL,1,4
9601,10601,2024-10-29,39.0,M,Basic,Elettronica,Laptop,527,2,1054,BankTransfer,Milano,0,GLS,3,11
9602,10602,2024-05-21,43.0,F,Basic,Abbigliamento,Scarpe,141,5,705,CreditCard,Napoli,1,DHL,2,9
9603,10603,2024-02-20,,M,Silver,Abbigliamento,Maglione,52,3,156,Cash,Bologna,0,BRT,2,4
9604,10604,2024-10-13,,M,Basic,Abbigliamento,Scarpe,54,2,108,Cash,Roma,1,BRT,4,3
9605,10605,2024-02-22,64.0,M,Gold,Libri,Romanzo,21,1,21,PayPal,Torino,1,BRT,5,0
9606,10606,2024-07-14,25.0,M,Basic,Abbigliamento,Maglione,109,4,436,PayPal,Milano,1,Poste,9,14
9607,10607,2024-07-30,27.0,M,Basic,Abbigliamento,Giacca,37,1,37,Cash,Bologna,1,BRT,4,5
9608,10608,2024-04-16,,F,Basic,Casa,Cuscino,74,2,148,BankTransfer,Milano,0,GLS,4,12
9609,10609,2024-12-16,42.0,F,Gold,Elettronica,Smartphone,494,3,1482,BankTransfer,Roma,0,GLS,4,11
9610,10610,2024-06-29,29.0,M,Basic,Casa,Lampada,42,1,42,CreditCard,Roma,0,BRT,2,0
9611,10611,2024-10-30,39.0,M,Gold,Abbigliamento,Jeans,183,5,915,PayPal,Napoli,1,BRT,4,14
9612,10612,2024-07-30,,M,Basic,Elettronica,Tablet,482,2,964,CreditCard,Milano,0,GLS,5,6
9613,10613,2024-04-22,75.0,F,Basic,Casa,Coperta,39,2,78,CreditCard,Torino,0,Poste,6,3
9614,10614,2024-01-07,19.0,F,Basic,Abbigliamento,Maglione,76,2,152,BankTransfer,Roma,0,BRT,3,0
9615,10615,2024-06-08,56.0,F,Gold,Casa,Lampada,142,5,710,BankTransfer,Napoli,0,Poste,5,16
9616,10616,2024-02-15,40.0,F,Basic,Libri,Enciclopedia,19,1,19,PayPal,Milano,0,GLS,4,5
9617,10617,2024-10-11,20.0,F,Silver,Elettronica,Smartphone,654,5,3270,CreditCard,Torino,0,Poste,6,16
9618,10618,2024-08-03,67.0,F,Gold,Sport,Scarpe Running,60,4,240,PayPal,Bologna,0,GLS,4,14
9619,10619,2024-01-28,59.0,M,Gold,Sport,Pallone,59,1,59,PayPal,Torino,0,Poste,1,10
9620,10620,2024-12-12,46.0,M,Silver,Libri,Fumetto,14,4,56,PayPal,Bologna,0,BRT,5,11
9621,10621,2024-11-20,66.0,M,Basic,Abbigliamento,Giacca,117,2,234,PayPal,Milano,1,GLS,3,11
9622,10622,2024-01-27,43.0,M,Basic,Libri,Enciclopedia,13,1,13,Cash,Napoli,0,BRT,9,8
9623,10623,2024-01-09,,F,Silver,Abbigliamento,Scarpe,83,1,83,CreditCard,Bologna,0,Poste,4,3
9624,10624,2024-11-07,53.0,M,Silver,Sport,Manubri,156,3,468,CreditCard,Torino,0,BRT,4,16
9625,10625,2024-02-05,,F,Basic,Sport,Pallone,162,1,162,Cash,Torino,1,Poste,7,1
9626,10626,2024-08-17,18.0,M,Basic,Libri,Fumetto,47,2,94,BankTransfer,Torino,1,DHL,2,8
9627,10627,2024-03-19,44.0,F,Basic,Sport,Pallone,139,3,417,PayPal,Milano,1,BRT,2,7
9628,10628,2024-06-08,54.0,F,Gold,Sport,Tappetino Yoga,128,2,256,Cash,Napoli,0,BRT,3,11
9629,10629,2024-02-20,46.0,F,Basic,Libri,Guida,49,4,196,Cash,Milano,1,Poste,1,9
9630,10630,2024-05-06,34.0,M,Gold,Casa,Pentola,22,1,22,CreditCard,Milano,0,BRT,4,5
9631,10631,2024-09-21,30.0,M,Silver,Sport,Pallone,170,1,170,CreditCard,Roma,0,GLS,4,3
9632,10632,2024-07-17,33.0,F,Silver,Casa,Coperta,46,5,230,BankTransfer,Bologna,1,BRT,3,16
9633,10633,2024-05-22,41.0,M,Gold,Casa,Cuscino,38,1,38,CreditCard,Napoli,1,BRT,3,4
9634,10634,2024-02-14,33.0,F,Basic,Elettronica,Tablet,59,2,118,CreditCard,Milano,1,Poste,8,5
9635,10635,2024-12-15,,F,Silver,Libri,Manuale,31,1,31,Cash,Torino,0,Poste,8,3
9636,10636,2024-09-22,47.0,F,Basic,Casa,Tappeto,39,1,39,BankTransfer,Bologna,0,GLS,4,0
9637,10637,2024-01-18,49.0,F,Basic,Elettronica,Smartphone,384,1,384,CreditCard,Roma,0,BRT,1,1
9638,10638,2024-08-01,36.0,F,Silver,Sport,Tappetino Yoga,168,1,168,CreditCard,Napoli,0,DHL,3,6
9639,10639,2024-08-29,24.0,M,Basic,Sport,Borraccia,50,1,50,PayPal,Milano,0,GLS,2,0
9640,10640,2024-10-17,37.0,F,Silver,Abbigliamento,Maglione,166,2,332,PayPal,Torino,0,GLS,2,10
9641,10641,2024-05-15,,M,Basic,Elettronica,Cuffie,304,4,1216,CreditCard,Roma,0,Poste,6,18
9642,10642,2024-08-03,18.0,M,Basic,Elettronica,Smartphone,72,1,72,PayPal,Napoli,0,BRT,1,4
9643,10643,2024-11-11,18.0,M,Silver,Sport,Scarpe Running,51,1,51,BankTransfer,Bologna,0,GLS,3,0
9644,10644,2024-09-10,34.0,F,Basic,Libri,Enciclopedia,22,2,44,PayPal,Bologna,0,DHL,2,7
9645,10645,2024-02-04,26.0,F,Basic,Casa,Pentola,37,3,111,CreditCard,Milano,1,BRT,4,12
9646,10646,2024-11-28,31.0,F,Silver,Casa,Coperta,105,1,105,Cash,Roma,1,BRT,1,3
9647,10647,2024-04-23,28.0,F,Basic,Casa,Tappeto,141,1,141,PayPal,Napoli,0,Poste,5,2
9648,10648,2024-03-22,18.0,F,Silver,Libri,Romanzo,12,3,36,Cash,Torino,0,BRT,5,15
9649,10649,2024-01-26,34.0,M,Basic,Elettronica,Tablet,158,1,158,BankTransfer,Roma,0,BRT,3,4
9650,10650,2024-01-29,32.0,M,Basic,Sport,Borraccia,62,2,124,CreditCard,Milano,0,BRT,4,4
9651,10651,2024-07-02,33.0,M,Basic,Abbigliamento,Scarpe,28,2,56,PayPal,Roma,0,BRT,1,1
9652,10652,2024-04-05,27.0,M,Basic,Casa,Tappeto,133,2,266,Cash,Milano,1,GLS,3,3
9653,10653,2024-10-31,59.0,F,Basic,Sport,Pallone,73,3,219,CreditCard,Bologna,1,DHL,3,7
9654,10654,2024-11-29,32.0,M,Silver,Elettronica,Laptop,547,1,547,Cash,Roma,0,BRT,4,0
9655,10655,2024-02-09,28.0,F,Basic,Elettronica,Cuffie,460,3,1380,Cash,Torino,1,GLS,5,11
9656,10656,2024-07-29,,M,Basic,Libri,Manuale,37,2,74,BankTransfer,Milano,0,DHL,2,7
9657,10657,2024-12-08,40.0,F,Silver,Sport,Borraccia,113,2,226,CreditCard,Roma,0,DHL,2,2
9658,10658,2024-03-01,44.0,F,Basic,Abbigliamento,Maglione,182,1,182,Cash,Napoli,0,BRT,3,0
9659,10659,2024-08-08,,F,Basic,Casa,Cuscino,98,3,294,CreditCard,Napoli,0,Poste,3,6
9660,10660,2024-04-25,51.0,M,Silver,Libri,Fumetto,22,3,66,CreditCard,Napoli,1,DHL,1,5
9661,10661,2024-04-24,36.0,F,Silver,Casa,Lampada,81,5,405,PayPal,Milano,0,GLS,3,11
9662,10662,2024-12-31,41.0,M,Basic,Casa,Cuscino,13,5,65,Cash,Milano,0,DHL,2,13
9663,10663,2024-12-31,32.0,F,Basic,Libri,Guida,23,1,23,BankTransfer,Bologna,1,DHL,2,8
9664,10664,2024-02-04,31.0,F,Basic,Elettronica,Tablet,602,5,3010,CreditCard,Napoli,0,DHL,2,15
9665,10665,2024-04-05,44.0,M,Basic,Abbigliamento,T-shirt,111,1,111,Cash,Torino,0,DHL,3,0
9666,10666,2024-03-08,42.0,M,Silver,Casa,Cuscino,108,2,216,Cash,Bologna,0,Poste,6,6
9667,10667,2024-04-18,,M,Basic,Sport,Manubri,26,2,52,PayPal,Torino,1,GLS,2,3
9668,10668,2024-12-22,47.0,F,Basic,Libri,Romanzo,40,3,120,BankTransfer,Milano,0,BRT,4,3
9669,10669,2024-01-27,,F,Basic,Sport,Borraccia,166,2,332,CreditCard,Milano,0,GLS,2,2
9670,10670,2024-02-02,24.0,M,Basic,Casa,Coperta,134,4,536,PayPal,Torino,0,GLS,2,20
9671,10671,2024-01-05,31.0,F,Basic,Sport,Scarpe Running,113,4,452,CreditCard,Torino,1,BRT,1,13
9672,10672,2024-09-28,36.0,F,Basic,Casa,Lampada,75,3,225,CreditCard,Bologna,0,Poste,7,11
9673,10673,2024-07-11,19.0,M,Basic,Sport,Pallone,41,2,82,Cash,Roma,0,DHL,2,8
9674,10674,2024-09-12,52.0,F,Silver,Sport,Pallone,163,1,163,Cash,Milano,1,GLS,3,6
9675,10675,2024-05-28,37.0,F,Silver,Abbigliamento,T-shirt,27,2,54,PayPal,Torino,0,DHL,2,7
9676,10676,2024-08-05,20.0,F,Basic,Sport,Scarpe Running,101,2,202,CreditCard,Bologna,0,GLS,4,6
9677,10677,2024-04-25,41.0,M,Gold,Elettronica,Laptop,479,1,479,Cash,Milano,0,DHL,3,5
9678,10678,2024-06-25,35.0,F,Basic,Sport,Tappetino Yoga,84,4,336,CreditCard,Milano,0,GLS,3,13
9679,10679,2024-05-02,30.0,F,Silver,Libri,Romanzo,46,1,46,PayPal,Torino,0,Poste,6,11
9680,10680,2024-01-08,27.0,M,Silver,Sport,Scarpe Running,167,1,167,PayPal,Torino,0,BRT,2,1
9681,10681,2024-09-03,66.0,F,Basic,Sport,Manubri,171,1,171,PayPal,Bologna,1,BRT,2,2
9682,10682,2024-01-30,57.0,F,Gold,Sport,Tappetino Yoga,44,2,88,Cash,Milano,0,GLS,4,6
9683,10683,2024-08-18,29.0,M,Gold,Casa,Cuscino,90,2,180,BankTransfer,Roma,0,Poste,4,5
9684,10684,2024-11-10,42.0,M,Silver,Elettronica,Smartphone,673,2,1346,BankTransfer,Torino,0,GLS,3,10
9685,10685,2024-09-24,41.0,M,Silver,Abbigliamento,T-shirt,161,1,161,PayPal,Roma,1,GLS,3,13
9686,10686,2024-08-08,49.0,F,Basic,Sport,Tappetino Yoga,76,2,152,Cash,Roma,0,GLS,5,6
9687,10687,2024-05-01,31.0,F,Basic,Sport,Scarpe Running,173,1,173,PayPal,Milano,0,DHL,3,6
9688,10688,2024-05-19,63.0,F,Gold,Casa,Tappeto,99,2,198,CreditCard,Torino,0,BRT,5,4
9689,10689,2024-05-13,49.0,M,Silver,Sport,Borraccia,86,1,86,CreditCard,Roma,1,BRT,5,0
9690,10690,2024-07-18,47.0,F,Silver,Elettronica,Cuffie,411,2,822,PayPal,Roma,0,BRT,5,4
9691,10691,2024-06-20,32.0,M,Basic,Sport,Scarpe Running,170,1,170,CreditCard,Roma,0,GLS,2,10
9692,10692,2024-01-25,53.0,M,Gold,Libri,Romanzo,14,2,28,CreditCard,Bologna,0,Poste,2,10
9693,10693,2024-03-12,48.0,M,Basic,Elettronica,Tablet,391,1,391,CreditCard,Milano,1,Poste,5,8
9694,10694,2024-03-30,,M,Gold,Sport,Scarpe Running,152,3,456,CreditCard,Bologna,1,GLS,5,13
9695,10695,2024-05-30,27.0,M,Basic,Casa,Coperta,56,5,280,CreditCard,Milano,0,BRT,5,15
9696,10696,2024-02-20,43.0,F,Basic,Casa,Pentola,108,1,108,Cash,Bologna,0,BRT,4,1
9697,10697,2024-03-07,36.0,F,Silver,Sport,Manubri,86,1,86,CreditCard,Torino,0,GLS,4,0
9698,10698,2024-02-17,39.0,M,Gold,Abbigliamento,Scarpe,186,1,186,Cash,Milano,0,GLS,4,7
9699,10699,2024-11-27,40.0,F,Basic,Elettronica,Tablet,108,2,216,Cash,Roma,1,BRT,5,3
9700,10700,2024-05-13,19.0,F,Basic,Sport,Borraccia,104,2,208,BankTransfer,Roma,0,GLS,3,8
9701,10701,2024-06-03,42.0,M,Basic,Elettronica,Cuffie,387,3,1161,Cash,Napoli,0,GLS,2,11
9702,10702,2024-02-16,18.0,F,Basic,Elettronica,Tablet,468,2,936,CreditCard,Napoli,0,GLS,2,13
9703,10703,2024-03-31,41.0,F,Basic,Sport,Tappetino Yoga,28,3,84,PayPal,Bologna,1,Poste,1,12
9704,10704,2024-06-04,,M,Silver,Elettronica,Smartphone,232,3,696,CreditCard,Roma,0,GLS,3,6
9705,10705,2024-11-01,56.0,M,Gold,Casa,Coperta,22,4,88,BankTransfer,Torino,0,BRT,2,12
9706,10706,2024-10-25,44.0,M,Gold,Sport,Tappetino Yoga,21,1,21,CreditCard,Torino,0,GLS,4,4
9707,10707,2024-09-29,22.0,M,Basic,Sport,Scarpe Running,27,3,81,CreditCard,Torino,0,GLS,2,5
9708,10708,2024-02-07,30.0,F,Basic,Libri,Guida,43,1,43,PayPal,Torino,0,GLS,3,0
9709,10709,2024-07-04,38.0,F,Silver,Casa,Coperta,111,2,222,Cash,Napoli,0,Poste,3,7
9710,10710,2024-02-22,28.0,M,Silver,Elettronica,Tablet,785,3,2355,CreditCard,Bologna,0,GLS,2,6
9711,10711,2024-02-23,39.0,M,Basic,Sport,Manubri,74,3,222,CreditCard,Torino,0,BRT,1,7
9712,10712,2024-02-25,23.0,F,Basic,Sport,Manubri,109,1,109,PayPal,Roma,0,GLS,3,0
9713,10713,2024-10-20,46.0,M,Silver,Libri,Manuale,48,2,96,Cash,Napoli,1,GLS,3,4
9714,10714,2024-06-20,,M,Basic,Sport,Pallone,79,2,158,Cash,Torino,0,DHL,3,7
9715,10715,2024-11-13,27.0,F,Silver,Libri,Manuale,40,3,120,CreditCard,Napoli,0,BRT,5,10
9716,10716,2024-06-13,,M,Gold,Libri,Enciclopedia,22,2,44,CreditCard,Torino,0,BRT,4,2
9717,10717,2024-05-11,32.0,F,Basic,Sport,Pallone,120,2,240,PayPal,Roma,0,GLS,4,10
9718,10718,2024-05-28,41.0,F,Basic,Elettronica,Smartphone,790,3,2370,CreditCard,Milano,1,GLS,3,9
9719,10719,2024-07-20,40.0,F,Silver,Abbigliamento,Jeans,144,2,288,BankTransfer,Bologna,0,BRT,3,4
9720,10720,2024-08-18,36.0,M,Gold,Libri,Romanzo,42,2,84,Cash,Torino,0,BRT,5,5
9721,10721,2024-03-29,25.0,M,Basic,Abbigliamento,Giacca,169,2,338,CreditCard,Milano,0,BRT,3,9
9722,10722,2024-05-30,57.0,F,Basic,Sport,Manubri,69,1,69,BankTransfer,Roma,1,GLS,5,0
9723,10723,2024-02-11,42.0,M,Gold,Sport,Scarpe Running,55,1,55,Cash,Milano,0,GLS,4,0
9724,10724,2024-08-31,31.0,M,Basic,Sport,Tappetino Yoga,109,1,109,BankTransfer,Torino,1,Poste,1,0
9725,10725,2024-07-14,36.0,F,Silver,Casa,Pentola,107,2,214,Cash,Bologna,0,DHL,3,10
9726,10726,2024-01-29,46.0,M,Basic,Sport,Scarpe Running,150,3,450,PayPal,Bologna,1,BRT,2,11
9727,10727,2024-02-06,18.0,F,Basic,Libri,Guida,46,1,46,PayPal,Napoli,1,BRT,2,0
9728,10728,2024-03-03,19.0,F,Silver,Casa,Tappeto,111,1,111,PayPal,Milano,0,BRT,4,1
9729,10729,2024-09-23,,F,Basic,Abbigliamento,Giacca,83,2,166,CreditCard,Torino,0,GLS,5,9
9730,10730,2024-03-11,51.0,M,Silver,Abbigliamento,Jeans,126,2,252,CreditCard,Bologna,0,DHL,4,3
9731,10731,2024-08-05,,M,Silver,Elettronica,Smartphone,706,1,706,CreditCard,Milano,0,BRT,2,2
9732,10732,2024-10-23,48.0,F,Silver,Sport,Scarpe Running,105,2,210,CreditCard,Bologna,0,DHL,2,7
9733,10733,2024-07-21,,M,Basic,Libri,Romanzo,19,1,19,Cash,Milano,0,GLS,2,0
9734,10734,2024-04-14,57.0,F,Basic,Casa,Coperta,40,1,40,CreditCard,Roma,0,BRT,1,7
9735,10735,2024-03-01,55.0,M,Gold,Sport,Borraccia,117,4,468,CreditCard,Torino,1,GLS,3,10
9736,10736,2024-08-20,43.0,F,Gold,Libri,Guida,41,2,82,CreditCard,Roma,0,BRT,4,8
9737,10737,2024-09-02,19.0,F,Silver,Elettronica,Smartwatch,544,1,544,PayPal,Milano,0,GLS,3,1
9738,10738,2024-09-02,34.0,M,Basic,Sport,Pallone,66,1,66,PayPal,Napoli,0,GLS,4,1
9739,10739,2024-05-09,18.0,M,Silver,Casa,Pentola,33,1,33,BankTransfer,Roma,0,DHL,2,8
9740,10740,2024-10-13,,F,Basic,Casa,Tappeto,146,2,292,Cash,Napoli,0,GLS,4,8
9741,10741,2024-03-14,,M,Basic,Elettronica,Tablet,217,2,434,Cash,Milano,0,BRT,2,8
9742,10742,2024-12-16,51.0,F,Basic,Abbigliamento,Jeans,48,1,48,BankTransfer,Milano,0,BRT,2,5
9743,10743,2024-02-28,55.0,M,Basic,Sport,Pallone,28,1,28,CreditCard,Roma,0,BRT,2,0
9744,10744,2024-04-05,42.0,M,Basic,Casa,Coperta,88,2,176,CreditCard,Bologna,0,GLS,4,8
9745,10745,2024-01-21,48.0,F,Basic,Libri,Manuale,46,3,138,CreditCard,Milano,1,BRT,4,9
9746,10746,2024-06-10,27.0,M,Basic,Libri,Guida,24,2,48,Cash,Torino,0,Poste,1,6
9747,10747,2024-03-07,,M,Basic,Libri,Romanzo,21,3,63,CreditCard,Roma,1,Poste,4,9
9748,10748,2024-04-24,,F,Silver,Libri,Romanzo,26,1,26,CreditCard,Roma,0,BRT,3,3
9749,10749,2024-04-19,35.0,M,Silver,Elettronica,Cuffie,800,1,800,Cash,Napoli,0,Poste,7,0
9750,10750,2024-08-09,71.0,F,Silver,Libri,Enciclopedia,33,1,33,CreditCard,Milano,0,BRT,1,5
9751,10751,2024-07-29,42.0,M,Basic,Sport,Manubri,76,3,228,CreditCard,Bologna,0,BRT,4,8
9752,10752,2024-12-27,,M,Basic,Abbigliamento,Maglione,62,2,124,PayPal,Milano,1,GLS,4,4
9753,10753,2024-01-29,60.0,M,Gold,Sport,Pallone,155,1,155,Cash,Roma,0,BRT,4,5
9754,10754,2024-08-26,65.0,F,Gold,Abbigliamento,Jeans,86,5,430,CreditCard,Bologna,0,Poste,2,15
9755,10755,2024-05-19,39.0,M,Gold,Sport,Pallone,111,2,222,BankTransfer,Napoli,0,Poste,3,6
9756,10756,2024-02-15,52.0,F,Basic,Libri,Romanzo,32,2,64,PayPal,Milano,1,DHL,2,9
9757,10757,2024-09-12,27.0,M,Silver,Abbigliamento,Maglione,180,3,540,CreditCard,Napoli,0,Poste,6,9
9758,10758,2024-09-03,18.0,F,Silver,Libri,Manuale,9,2,18,CreditCard,Roma,0,BRT,6,6
9759,10759,2024-08-29,36.0,F,Basic,Abbigliamento,Jeans,63,1,63,CreditCard,Roma,1,DHL,2,3
9760,10760,2024-11-26,30.0,F,Basic,Sport,Borraccia,153,3,459,Cash,Torino,0,Poste,6,10
9761,10761,2024-07-24,54.0,F,Gold,Casa,Tappeto,104,3,312,CreditCard,Napoli,1,Poste,4,12
9762,10762,2024-07-03,53.0,F,Basic,Elettronica,Tablet,715,3,2145,CreditCard,Milano,0,BRT,3,15
9763,10763,2024-11-29,46.0,M,Basic,Abbigliamento,Maglione,174,3,522,PayPal,Torino,0,BRT,3,13
9764,10764,2024-11-28,46.0,F,Basic,Casa,Lampada,100,3,300,CreditCard,Milano,0,GLS,4,13
9765,10765,2024-11-05,44.0,F,Basic,Sport,Tappetino Yoga,172,1,172,PayPal,Torino,1,Poste,4,1
9766,10766,2024-01-25,,M,Basic,Libri,Guida,15,3,45,CreditCard,Milano,0,GLS,2,1
9767,10767,2024-08-12,37.0,F,Silver,Abbigliamento,Scarpe,55,2,110,BankTransfer,Roma,1,BRT,3,5
9768,10768,2024-03-07,31.0,M,Basic,Abbigliamento,Maglione,108,2,216,CreditCard,Bologna,1,GLS,3,6
9769,10769,2024-06-25,35.0,F,Silver,Abbigliamento,Maglione,131,3,393,CreditCard,Torino,0,BRT,3,11
9770,10770,2024-02-16,35.0,F,Basic,Libri,Enciclopedia,18,2,36,Cash,Milano,1,DHL,3,7
9771,10771,2024-11-04,32.0,M,Basic,Elettronica,Tablet,717,3,2151,PayPal,Torino,1,DHL,1,7
9772,10772,2024-12-01,43.0,M,Silver,Sport,Manubri,55,1,55,PayPal,Milano,0,GLS,3,10
9773,10773,2024-03-11,45.0,F,Basic,Libri,Manuale,12,2,24,Cash,Bologna,0,GLS,3,4
9774,10774,2024-05-13,75.0,F,Gold,Casa,Tappeto,73,2,146,BankTransfer,Roma,0,BRT,5,1
9775,10775,2024-05-19,,F,Basic,Libri,Manuale,24,3,72,CreditCard,Milano,1,GLS,3,5
9776,10776,2024-02-27,44.0,F,Basic,Casa,Coperta,91,1,91,CreditCard,Napoli,0,GLS,3,5
9777,10777,2024-08-11,44.0,M,Silver,Abbigliamento,T-shirt,53,3,159,CreditCard,Milano,0,BRT,3,15
9778,10778,2024-06-22,19.0,F,Basic,Elettronica,Cuffie,474,2,948,Cash,Torino,0,DHL,3,3
9779,10779,2024-01-07,36.0,F,Silver,Libri,Enciclopedia,36,4,144,PayPal,Roma,1,BRT,2,17
9780,10780,2024-09-26,28.0,M,Silver,Elettronica,Laptop,326,1,326,Cash,Napoli,0,GLS,5,2
9781,10781,2024-02-12,,M,Basic,Elettronica,Smartphone,165,5,825,CreditCard,Bologna,1,BRT,4,18
9782,10782,2024-12-31,18.0,M,Basic,Casa,Coperta,30,1,30,PayPal,Napoli,0,BRT,2,6
9783,10783,2024-08-15,50.0,M,Basic,Libri,Guida,28,2,56,BankTransfer,Bologna,0,GLS,3,12
9784,10784,2024-04-18,,F,Basic,Abbigliamento,Scarpe,38,5,190,Cash,Roma,1,BRT,3,14
9785,10785,2024-06-02,38.0,M,Basic,Abbigliamento,Scarpe,82,1,82,BankTransfer,Napoli,0,DHL,2,1
9786,10786,2024-05-12,,M,Silver,Abbigliamento,Giacca,47,1,47,CreditCard,Roma,0,Poste,1,0
9787,10787,2024-01-18,32.0,F,Basic,Elettronica,Tablet,124,1,124,Cash,Napoli,1,BRT,2,0
9788,10788,2024-12-30,44.0,F,Basic,Sport,Manubri,169,2,338,PayPal,Torino,1,Poste,4,11
9789,10789,2024-01-11,41.0,M,Basic,Sport,Borraccia,25,3,75,PayPal,Torino,0,DHL,3,9
9790,10790,2024-02-24,23.0,M,Silver,Libri,Manuale,12,3,36,Cash,Torino,0,BRT,5,5
9791,10791,2024-10-14,55.0,M,Silver,Elettronica,Smartphone,667,3,2001,CreditCard,Torino,1,Poste,5,3
9792,10792,2024-12-06,18.0,F,Basic,Libri,Manuale,19,1,19,PayPal,Milano,0,GLS,4,0
9793,10793,2024-05-31,40.0,M,Basic,Abbigliamento,Jeans,55,1,55,CreditCard,Milano,1,Poste,3,1
9794,10794,2024-08-26,32.0,F,Silver,Libri,Romanzo,29,1,29,CreditCard,Milano,0,BRT,5,4
9795,10795,2024-01-01,26.0,F,Basic,Libri,Fumetto,34,2,68,BankTransfer,Bologna,0,Poste,7,2
9796,10796,2024-05-05,18.0,M,Basic,Elettronica,Smartphone,415,2,830,CreditCard,Bologna,0,BRT,3,7
9797,10797,2024-12-09,,M,Gold,Casa,Tappeto,29,4,116,PayPal,Roma,1,Poste,2,8
9798,10798,2024-07-12,30.0,M,Basic,Sport,Manubri,102,1,102,PayPal,Torino,0,Poste,6,0
9799,10799,2024-12-19,26.0,F,Basic,Sport,Pallone,55,1,55,BankTransfer,Torino,0,GLS,4,2
9800,10800,2024-11-11,18.0,M,Silver,Libri,Fumetto,24,4,96,PayPal,Roma,0,BRT,1,15
9801,10801,2024-07-03,58.0,F,Gold,Casa,Lampada,137,3,411,Cash,Bologna,0,GLS,3,4
9802,10802,2024-01-25,,F,Basic,Abbigliamento,Maglione,16,4,64,CreditCard,Bologna,0,DHL,2,12
9803,10803,2024-02-13,43.0,M,Silver,Casa,Lampada,14,3,42,CreditCard,Napoli,1,BRT,4,4
9804,10804,2024-07-11,40.0,F,Basic,Abbigliamento,Jeans,95,1,95,Cash,Roma,0,BRT,1,0
9805,10805,2024-07-11,33.0,M,Silver,Elettronica,Smartphone,715,1,715,PayPal,Milano,0,BRT,1,2
9806,10806,2024-07-04,34.0,F,Basic,Elettronica,Cuffie,523,1,523,BankTransfer,Roma,0,GLS,4,1
9807,10807,2024-04-07,53.0,M,Silver,Libri,Romanzo,45,3,135,CreditCard,Bologna,0,BRT,4,2
9808,10808,2024-08-09,26.0,F,Silver,Abbigliamento,Jeans,70,1,70,BankTransfer,Milano,0,BRT,6,5
9809,10809,2024-05-02,68.0,F,Silver,Elettronica,Cuffie,156,2,312,CreditCard,Bologna,0,DHL,2,7
9810,10810,2024-02-18,26.0,M,Basic,Sport,Pallone,141,2,282,CreditCard,Napoli,0,BRT,3,3
9811,10811,2024-08-08,,F,Basic,Casa,Coperta,52,2,104,CreditCard,Milano,0,Poste,10,5
9812,10812,2024-12-15,29.0,F,Basic,Casa,Coperta,52,4,208,PayPal,Roma,0,GLS,3,19
9813,10813,2024-08-06,46.0,M,Basic,Sport,Tappetino Yoga,82,4,328,Cash,Napoli,0,DHL,2,12
9814,10814,2024-02-05,23.0,F,Basic,Libri,Enciclopedia,24,1,24,PayPal,Milano,0,Poste,11,0
9815,10815,2024-03-28,31.0,F,Silver,Sport,Borraccia,115,3,345,PayPal,Roma,0,BRT,2,5
9816,10816,2024-06-02,21.0,M,Silver,Casa,Coperta,45,1,45,PayPal,Milano,0,DHL,1,1
9817,10817,2024-07-27,35.0,M,Basic,Casa,Cuscino,97,4,388,Cash,Roma,1,BRT,4,17
9818,10818,2024-10-24,47.0,F,Silver,Abbigliamento,T-shirt,148,4,592,CreditCard,Napoli,0,BRT,1,20
9819,10819,2024-05-01,59.0,M,Silver,Sport,Manubri,30,5,150,CreditCard,Torino,0,GLS,4,20
9820,10820,2024-12-12,18.0,F,Basic,Elettronica,Smartwatch,385,3,1155,Cash,Napoli,1,DHL,2,15
9821,10821,2024-12-13,51.0,M,Silver,Libri,Manuale,30,1,30,BankTransfer,Torino,0,DHL,2,10
9822,10822,2024-08-19,57.0,M,Gold,Casa,Coperta,15,2,30,PayPal,Roma,0,BRT,1,6
9823,10823,2024-05-02,40.0,F,Basic,Casa,Coperta,73,4,292,PayPal,Milano,1,DHL,1,15
9824,10824,2024-01-23,28.0,F,Silver,Casa,Pentola,130,1,130,Cash,Roma,0,BRT,3,0
9825,10825,2024-12-08,,M,Basic,Casa,Tappeto,96,2,192,PayPal,Bologna,0,Poste,3,1
9826,10826,2024-08-24,53.0,F,Basic,Libri,Enciclopedia,44,1,44,CreditCard,Roma,0,GLS,2,1
9827,10827,2024-03-24,43.0,M,Gold,Casa,Cuscino,109,2,218,BankTransfer,Roma,0,GLS,3,9
9828,10828,2024-10-27,,F,Silver,Casa,Cuscino,133,1,133,BankTransfer,Milano,1,BRT,3,0
9829,10829,2024-04-18,31.0,F,Basic,Libri,Guida,47,2,94,BankTransfer,Roma,0,BRT,4,4
9830,10830,2024-09-29,69.0,F,Gold,Casa,Pentola,52,2,104,Cash,Roma,0,BRT,5,6
9831,10831,2024-12-03,18.0,F,Basic,Casa,Pentola,108,5,540,BankTransfer,Roma,0,DHL,2,8
9832,10832,2024-10-23,33.0,M,Basic,Abbigliamento,Jeans,175,2,350,BankTransfer,Torino,1,BRT,3,9
9833,10833,2024-04-03,32.0,F,Basic,Casa,Tappeto,33,1,33,CreditCard,Napoli,0,GLS,3,5
9834,10834,2024-12-16,,F,Basic,Abbigliamento,Scarpe,66,1,66,PayPal,Bologna,0,BRT,1,1
9835,10835,2024-06-19,,F,Basic,Sport,Tappetino Yoga,38,2,76,PayPal,Milano,0,GLS,4,2
9836,10836,2024-01-29,,F,Silver,Libri,Romanzo,35,4,140,BankTransfer,Bologna,1,DHL,2,12
9837,10837,2024-01-05,43.0,F,Basic,Sport,Manubri,84,2,168,Cash,Milano,0,Poste,5,5
9838,10838,2024-04-26,39.0,F,Silver,Libri,Romanzo,28,2,56,Cash,Bologna,0,BRT,4,5
9839,10839,2024-12-26,,M,Basic,Elettronica,Tablet,643,2,1286,CreditCard,Napoli,1,BRT,5,6
9840,10840,2024-11-01,27.0,F,Silver,Abbigliamento,Jeans,134,1,134,BankTransfer,Bologna,1,Poste,4,0
9841,10841,2024-12-27,,M,Gold,Casa,Pentola,115,1,115,Cash,Torino,0,DHL,3,0
9842,10842,2024-09-27,42.0,M,Basic,Elettronica,Tablet,728,4,2912,Cash,Torino,0,GLS,2,4
9843,10843,2024-09-01,41.0,F,Silver,Elettronica,Smartwatch,574,1,574,Cash,Roma,1,BRT,6,4
9844,10844,2024-08-28,,M,Silver,Elettronica,Tablet,593,2,1186,CreditCard,Roma,0,Poste,6,2
9845,10845,2024-01-22,,M,Basic,Libri,Guida,45,1,45,CreditCard,Milano,1,BRT,1,1
9846,10846,2024-01-12,37.0,F,Gold,Sport,Scarpe Running,164,1,164,PayPal,Torino,0,BRT,3,5
9847,10847,2024-01-06,18.0,M,Basic,Libri,Enciclopedia,45,2,90,CreditCard,Milano,1,Poste,1,7
9848,10848,2024-11-13,18.0,F,Basic,Sport,Manubri,122,5,610,PayPal,Bologna,1,GLS,3,17
9849,10849,2024-01-18,,M,Basic,Elettronica,Smartphone,309,3,927,PayPal,Torino,0,BRT,1,9
9850,10850,2024-03-07,,M,Basic,Libri,Manuale,41,1,41,Cash,Milano,0,BRT,4,3
9851,10851,2024-01-10,34.0,M,Silver,Elettronica,Laptop,251,1,251,Cash,Milano,0,Poste,4,3
9852,10852,2024-01-24,34.0,M,Silver,Sport,Scarpe Running,169,1,169,PayPal,Roma,1,DHL,2,7
9853,10853,2024-09-05,63.0,M,Silver,Casa,Cuscino,33,2,66,PayPal,Torino,0,GLS,3,12
9854,10854,2024-08-25,59.0,F,Basic,Abbigliamento,Maglione,173,1,173,Cash,Torino,0,BRT,2,6
9855,10855,2024-12-31,34.0,F,Silver,Libri,Guida,49,2,98,CreditCard,Torino,1,GLS,2,3
9856,10856,2024-08-23,33.0,F,Silver,Casa,Lampada,114,2,228,PayPal,Roma,1,DHL,3,8
9857,10857,2024-08-05,18.0,F,Silver,Casa,Tappeto,140,1,140,Cash,Napoli,0,DHL,1,6
9858,10858,2024-08-18,51.0,F,Basic,Casa,Lampada,86,2,172,PayPal,Napoli,0,Poste,4,0
9859,10859,2024-02-25,18.0,F,Basic,Abbigliamento,Maglione,106,2,212,PayPal,Roma,0,Poste,8,8
9860,10860,2024-11-20,33.0,F,Silver,Abbigliamento,T-shirt,22,1,22,BankTransfer,Roma,1,GLS,2,0
9861,10861,2024-12-28,41.0,M,Gold,Elettronica,Smartphone,764,5,3820,CreditCard,Milano,0,GLS,3,22
9862,10862,2024-06-02,24.0,F,Silver,Libri,Romanzo,40,1,40,Cash,Torino,1,Poste,5,0
9863,10863,2024-04-07,,M,Silver,Abbigliamento,Scarpe,46,4,184,PayPal,Milano,1,BRT,3,11
9864,10864,2024-03-02,41.0,F,Basic,Casa,Coperta,24,1,24,CreditCard,Torino,1,GLS,4,7
9865,10865,2024-02-09,66.0,F,Basic,Libri,Manuale,29,3,87,BankTransfer,Milano,1,GLS,4,5
9866,10866,2024-09-29,75.0,M,Silver,Sport,Borraccia,101,2,202,CreditCard,Milano,0,GLS,4,6
9867,10867,2024-11-09,33.0,F,Silver,Casa,Lampada,99,1,99,Cash,Milano,0,DHL,2,2
9868,10868,2024-12-08,26.0,F,Basic,Abbigliamento,T-shirt,28,1,28,PayPal,Milano,1,DHL,2,4
9869,10869,2024-01-17,72.0,M,Silver,Sport,Manubri,102,1,102,CreditCard,Milano,0,Poste,9,9
9870,10870,2024-04-23,18.0,F,Basic,Abbigliamento,Jeans,194,1,194,BankTransfer,Milano,1,DHL,2,0
9871,10871,2024-09-20,42.0,M,Basic,Casa,Coperta,115,1,115,Cash,Roma,1,GLS,4,5
9872,10872,2024-09-07,46.0,M,Silver,Abbigliamento,Scarpe,150,2,300,BankTransfer,Napoli,0,Poste,9,10
9873,10873,2024-08-03,64.0,F,Gold,Abbigliamento,Maglione,195,3,585,CreditCard,Bologna,1,Poste,9,8
9874,10874,2024-03-13,,M,Silver,Abbigliamento,Scarpe,189,1,189,Cash,Roma,0,DHL,2,7
9875,10875,2024-05-21,22.0,M,Basic,Casa,Tappeto,99,4,396,Cash,Milano,0,Poste,3,16
9876,10876,2024-01-11,40.0,M,Basic,Elettronica,Cuffie,642,1,642,PayPal,Milano,0,GLS,3,6
9877,10877,2024-02-15,50.0,M,Gold,Abbigliamento,Jeans,50,1,50,CreditCard,Bologna,0,DHL,1,6
9878,10878,2024-08-10,59.0,M,Gold,Casa,Cuscino,116,1,116,CreditCard,Milano,0,DHL,3,3
9879,10879,2024-11-02,62.0,F,Gold,Abbigliamento,Scarpe,67,4,268,BankTransfer,Torino,1,GLS,4,17
9880,10880,2024-08-02,,F,Silver,Elettronica,Smartphone,774,4,3096,CreditCard,Roma,0,BRT,1,15
9881,10881,2024-10-25,18.0,M,Basic,Sport,Borraccia,123,1,123,BankTransfer,Milano,0,Poste,2,8
9882,10882,2024-11-30,52.0,M,Gold,Elettronica,Smartwatch,73,1,73,BankTransfer,Napoli,0,BRT,3,7
9883,10883,2024-08-22,,F,Basic,Casa,Cuscino,146,1,146,Cash,Roma,1,BRT,3,2
9884,10884,2024-08-20,19.0,M,Basic,Libri,Manuale,13,2,26,CreditCard,Torino,0,Poste,6,4
9885,10885,2024-11-01,50.0,M,Silver,Abbigliamento,Scarpe,38,1,38,CreditCard,Bologna,0,GLS,3,4
9886,10886,2024-07-30,50.0,F,Basic,Abbigliamento,T-shirt,175,1,175,CreditCard,Torino,0,DHL,2,0
9887,10887,2024-11-12,33.0,M,Basic,Elettronica,Tablet,467,4,1868,PayPal,Torino,1,DHL,2,11
9888,10888,2024-11-26,18.0,M,Basic,Libri,Fumetto,21,1,21,CreditCard,Bologna,0,BRT,5,0
9889,10889,2024-09-24,,M,Basic,Abbigliamento,Jeans,61,4,244,BankTransfer,Bologna,0,BRT,1,14
9890,10890,2024-02-12,43.0,F,Silver,Libri,Manuale,16,1,16,BankTransfer,Milano,1,GLS,3,6
9891,10891,2024-03-04,,M,Gold,Libri,Romanzo,38,2,76,BankTransfer,Torino,0,GLS,4,8
9892,10892,2024-07-11,46.0,M,Silver,Libri,Guida,43,1,43,PayPal,Bologna,0,GLS,2,0
9893,10893,2024-09-04,,M,Gold,Libri,Guida,44,3,132,PayPal,Torino,0,DHL,2,7
9894,10894,2024-08-25,39.0,M,Silver,Casa,Cuscino,75,1,75,Cash,Torino,0,GLS,4,0
9895,10895,2024-01-14,48.0,M,Gold,Elettronica,Laptop,562,2,1124,PayPal,Torino,0,BRT,1,0
9896,10896,2024-03-21,25.0,M,Basic,Elettronica,Smartwatch,287,1,287,CreditCard,Torino,1,BRT,2,12
9897,10897,2024-01-18,18.0,F,Basic,Libri,Fumetto,46,3,138,CreditCard,Milano,0,Poste,5,13
9898,10898,2024-07-27,18.0,M,Silver,Elettronica,Tablet,711,3,2133,CreditCard,Bologna,0,BRT,3,7
9899,10899,2024-12-13,25.0,F,Basic,Casa,Coperta,143,1,143,CreditCard,Napoli,0,Poste,1,1
9900,10900,2024-05-09,18.0,F,Basic,Abbigliamento,Giacca,55,2,110,BankTransfer,Roma,1,Poste,4,5
9901,10901,2024-12-26,68.0,M,Basic,Abbigliamento,Maglione,104,1,104,CreditCard,Milano,1,BRT,3,3
9902,10902,2024-10-22,26.0,F,Basic,Sport,Scarpe Running,84,2,168,PayPal,Torino,0,GLS,3,12
9903,10903,2024-08-21,40.0,F,Silver,Libri,Enciclopedia,27,2,54,Cash,Milano,0,BRT,1,10
9904,10904,2024-01-06,29.0,F,Basic,Abbigliamento,T-shirt,22,1,22,BankTransfer,Torino,0,Poste,9,0
9905,10905,2024-07-23,63.0,M,Silver,Sport,Borraccia,64,4,256,BankTransfer,Napoli,0,GLS,4,12
9906,10906,2024-07-13,40.0,M,Gold,Casa,Pentola,15,1,15,CreditCard,Roma,1,DHL,3,5
9907,10907,2024-07-08,64.0,F,Basic,Libri,Enciclopedia,40,3,120,Cash,Roma,1,GLS,4,9
9908,10908,2024-08-17,,F,Gold,Sport,Pallone,100,1,100,CreditCard,Milano,0,BRT,6,4
9909,10909,2024-10-17,46.0,F,Silver,Libri,Fumetto,45,4,180,PayPal,Bologna,1,BRT,1,12
9910,10910,2024-10-14,18.0,F,Basic,Casa,Lampada,35,1,35,Cash,Roma,1,BRT,1,0
9911,10911,2024-12-03,37.0,F,Silver,Abbigliamento,Maglione,156,1,156,CreditCard,Roma,1,GLS,4,9
9912,10912,2024-02-19,20.0,M,Silver,Elettronica,Cuffie,61,5,305,CreditCard,Napoli,0,DHL,2,15
9913,10913,2024-04-22,35.0,M,Basic,Casa,Tappeto,137,3,411,BankTransfer,Torino,0,Poste,1,2
9914,10914,2024-03-22,45.0,M,Silver,Abbigliamento,Giacca,110,1,110,CreditCard,Napoli,1,DHL,1,2
9915,10915,2024-01-23,,M,Basic,Casa,Tappeto,53,4,212,PayPal,Milano,0,BRT,4,6
9916,10916,2024-09-11,24.0,M,Basic,Sport,Manubri,178,1,178,PayPal,Torino,0,BRT,3,5
9917,10917,2024-07-28,50.0,M,Basic,Libri,Manuale,41,1,41,PayPal,Bologna,1,GLS,4,7
9918,10918,2024-09-15,51.0,F,Silver,Abbigliamento,Maglione,181,1,181,CreditCard,Milano,0,BRT,1,0
9919,10919,2024-12-06,26.0,M,Silver,Abbigliamento,Giacca,30,1,30,CreditCard,Napoli,1,GLS,4,3
9920,10920,2024-12-14,75.0,F,Gold,Casa,Coperta,30,2,60,Cash,Milano,0,DHL,3,5
9921,10921,2024-02-14,31.0,M,Silver,Sport,Tappetino Yoga,81,3,243,PayPal,Torino,1,Poste,6,14
9922,10922,2024-04-09,34.0,M,Basic,Libri,Guida,40,4,160,PayPal,Napoli,0,Poste,6,13
9923,10923,2024-09-18,41.0,F,Silver,Sport,Borraccia,35,2,70,CreditCard,Torino,0,Poste,7,9
9924,10924,2024-11-05,18.0,F,Basic,Sport,Tappetino Yoga,128,3,384,PayPal,Torino,1,GLS,3,11
9925,10925,2024-04-24,62.0,F,Basic,Libri,Manuale,41,5,205,Cash,Milano,1,BRT,1,18
9926,10926,2024-01-07,48.0,F,Gold,Elettronica,Smartwatch,703,1,703,CreditCard,Torino,0,Poste,1,0
9927,10927,2024-02-20,36.0,M,Silver,Elettronica,Smartwatch,146,2,292,CreditCard,Torino,0,GLS,4,7
9928,10928,2024-06-20,,M,Silver,Elettronica,Tablet,303,3,909,CreditCard,Milano,0,GLS,4,13
9929,10929,2024-08-07,49.0,M,Basic,Abbigliamento,Jeans,152,5,760,BankTransfer,Bologna,0,GLS,5,10
9930,10930,2024-12-25,43.0,F,Gold,Libri,Manuale,30,2,60,Cash,Roma,0,GLS,3,2
9931,10931,2024-08-17,19.0,F,Basic,Elettronica,Cuffie,415,1,415,BankTransfer,Roma,1,GLS,2,3
9932,10932,2024-08-23,61.0,M,Basic,Casa,Coperta,11,2,22,Cash,Napoli,1,GLS,4,12
9933,10933,2024-03-26,38.0,M,Silver,Casa,Lampada,76,3,228,CreditCard,Milano,1,GLS,3,5
9934,10934,2024-09-07,42.0,F,Basic,Casa,Cuscino,43,3,129,BankTransfer,Torino,1,GLS,4,9
9935,10935,2024-08-04,68.0,M,Gold,Elettronica,Smartphone,451,3,1353,CreditCard,Napoli,0,GLS,3,1
9936,10936,2024-05-16,45.0,F,Basic,Sport,Scarpe Running,133,1,133,BankTransfer,Milano,0,Poste,1,7
9937,10937,2024-11-14,40.0,F,Basic,Casa,Pentola,32,2,64,CreditCard,Bologna,1,Poste,3,11
9938,10938,2024-02-16,22.0,M,Basic,Abbigliamento,Scarpe,166,1,166,CreditCard,Milano,0,BRT,6,5
9939,10939,2024-12-14,36.0,M,Basic,Abbigliamento,Scarpe,138,2,276,CreditCard,Milano,0,GLS,4,4
9940,10940,2024-08-19,29.0,F,Basic,Abbigliamento,T-shirt,146,3,438,BankTransfer,Milano,0,BRT,3,12
9941,10941,2024-10-18,28.0,M,Silver,Casa,Pentola,75,1,75,Cash,Napoli,0,BRT,5,4
9942,10942,2024-10-13,34.0,M,Basic,Elettronica,Laptop,319,5,1595,CreditCard,Napoli,0,BRT,4,11
9943,10943,2024-03-24,49.0,F,Silver,Sport,Manubri,160,3,480,CreditCard,Milano,0,GLS,4,4
9944,10944,2024-12-29,57.0,M,Gold,Sport,Manubri,112,2,224,CreditCard,Milano,0,BRT,2,1
9945,10945,2024-10-06,38.0,M,Basic,Casa,Pentola,74,3,222,PayPal,Torino,1,BRT,5,3
9946,10946,2024-12-23,33.0,F,Basic,Libri,Enciclopedia,28,4,112,PayPal,Roma,1,BRT,2,14
9947,10947,2024-06-14,50.0,M,Basic,Sport,Tappetino Yoga,65,2,130,PayPal,Torino,0,BRT,1,10
9948,10948,2024-07-06,26.0,M,Basic,Sport,Borraccia,38,4,152,Cash,Roma,0,BRT,3,6
9949,10949,2024-06-14,18.0,F,Basic,Libri,Enciclopedia,20,2,40,CreditCard,Roma,1,GLS,3,9
9950,10950,2024-06-09,47.0,M,Basic,Abbigliamento,Scarpe,135,1,135,CreditCard,Torino,0,DHL,2,2
9951,10951,2024-01-10,37.0,F,Basic,Abbigliamento,Giacca,115,2,230,BankTransfer,Napoli,1,DHL,2,3
9952,10952,2024-01-10,18.0,F,Basic,Abbigliamento,Jeans,60,1,60,CreditCard,Roma,0,DHL,3,0
9953,10953,2024-01-28,18.0,F,Silver,Abbigliamento,Jeans,37,2,74,CreditCard,Roma,0,Poste,2,9
9954,10954,2024-05-22,42.0,M,Basic,Casa,Pentola,33,1,33,CreditCard,Roma,0,BRT,3,2
9955,10955,2024-02-18,,F,Gold,Sport,Pallone,44,1,44,PayPal,Torino,0,DHL,1,4
9956,10956,2024-08-04,46.0,M,Basic,Elettronica,Smartphone,134,1,134,CreditCard,Napoli,0,GLS,4,0
9957,10957,2024-11-21,33.0,M,Silver,Libri,Enciclopedia,13,2,26,BankTransfer,Milano,0,DHL,2,3
9958,10958,2024-12-03,,F,Basic,Abbigliamento,Maglione,103,1,103,PayPal,Bologna,1,DHL,3,0
9959,10959,2024-11-14,23.0,F,Basic,Elettronica,Cuffie,63,1,63,PayPal,Roma,0,BRT,1,1
9960,10960,2024-11-05,32.0,M,Basic,Libri,Fumetto,20,2,40,BankTransfer,Torino,0,GLS,4,0
9961,10961,2024-05-09,26.0,M,Silver,Elettronica,Laptop,171,1,171,Cash,Torino,0,DHL,3,6
9962,10962,2024-06-02,45.0,M,Gold,Elettronica,Smartphone,143,5,715,CreditCard,Torino,0,Poste,6,16
9963,10963,2024-03-06,18.0,F,Basic,Libri,Enciclopedia,12,1,12,CreditCard,Roma,1,GLS,3,2
9964,10964,2024-01-07,18.0,M,Silver,Libri,Romanzo,9,1,9,BankTransfer,Napoli,0,BRT,1,0
9965,10965,2024-05-11,18.0,M,Gold,Elettronica,Cuffie,733,2,1466,PayPal,Roma,0,Poste,4,0
9966,10966,2024-11-08,,M,Silver,Elettronica,Laptop,544,1,544,PayPal,Milano,0,BRT,5,0
9967,10967,2024-03-31,58.0,M,Silver,Libri,Enciclopedia,14,1,14,BankTransfer,Torino,0,DHL,1,0
9968,10968,2024-12-01,,M,Silver,Libri,Romanzo,50,1,50,BankTransfer,Roma,0,GLS,4,5
9969,10969,2024-09-05,24.0,M,Basic,Abbigliamento,T-shirt,94,2,188,PayPal,Torino,0,BRT,5,7
9970,10970,2024-06-12,30.0,F,Silver,Elettronica,Laptop,691,2,1382,CreditCard,Torino,0,DHL,2,7
9971,10971,2024-11-16,23.0,F,Silver,Libri,Romanzo,38,2,76,Cash,Milano,0,Poste,8,0
9972,10972,2024-05-12,,M,Gold,Casa,Cuscino,13,2,26,PayPal,Napoli,0,BRT,1,8
9973,10973,2024-07-12,43.0,M,Basic,Libri,Romanzo,26,5,130,CreditCard,Roma,0,BRT,3,13
9974,10974,2024-02-03,49.0,M,Silver,Abbigliamento,Maglione,96,4,384,PayPal,Milano,1,BRT,3,15
9975,10975,2024-12-13,18.0,F,Silver,Casa,Lampada,103,3,309,BankTransfer,Bologna,1,BRT,1,3
9976,10976,2024-01-22,18.0,F,Basic,Sport,Borraccia,114,1,114,CreditCard,Milano,0,GLS,4,4
9977,10977,2024-12-31,30.0,M,Silver,Casa,Cuscino,126,1,126,CreditCard,Milano,0,BRT,4,3
9978,10978,2024-05-21,,M,Basic,Libri,Guida,37,2,74,BankTransfer,Roma,1,Poste,5,9
9979,10979,2024-03-14,46.0,F,Basic,Elettronica,Tablet,708,2,1416,CreditCard,Milano,0,BRT,2,4
9980,10980,2024-09-29,35.0,M,Silver,Sport,Manubri,169,2,338,Cash,Torino,1,DHL,2,4
9981,10981,2024-12-12,18.0,F,Basic,Elettronica,Smartwatch,797,1,797,PayPal,Bologna,1,GLS,3,0
9982,10982,2024-04-30,56.0,M,Basic,Libri,Enciclopedia,26,3,78,BankTransfer,Milano,0,BRT,5,0
9983,10983,2024-01-07,44.0,F,Basic,Libri,Romanzo,22,2,44,BankTransfer,Torino,0,DHL,2,0
9984,10984,2024-04-05,26.0,F,Basic,Casa,Coperta,62,2,124,PayPal,Milano,0,Poste,1,11
9985,10985,2024-05-31,19.0,M,Basic,Elettronica,Cuffie,467,1,467,CreditCard,Bologna,0,GLS,5,2
9986,10986,2024-11-18,31.0,F,Basic,Abbigliamento,Giacca,157,1,157,BankTransfer,Roma,1,BRT,4,0
9987,10987,2024-01-18,22.0,F,Basic,Libri,Guida,28,1,28,CreditCard,Torino,0,DHL,3,0
9988,10988,2024-09-26,,F,Silver,Sport,Scarpe Running,62,2,124,BankTransfer,Roma,0,GLS,5,0
9989,10989,2024-08-04,33.0,F,Basic,Abbigliamento,T-shirt,194,1,194,BankTransfer,Milano,0,GLS,2,2
9990,10990,2024-04-20,38.0,M,Basic,Elettronica,Tablet,210,2,420,PayPal,Torino,0,BRT,2,9
9991,10991,2024-12-11,50.0,M,Basic,Casa,Cuscino,30,1,30,CreditCard,Milano,0,Poste,5,0
9992,10992,2024-06-26,46.0,F,Basic,Abbigliamento,T-shirt,171,1,171,CreditCard,Bologna,1,GLS,3,6
9993,10993,2024-06-29,64.0,F,Gold,Elettronica,Smartphone,65,1,65,CreditCard,Torino,0,Poste,2,8
9994,10994,2024-10-13,45.0,M,Silver,Abbigliamento,Jeans,52,2,104,CreditCard,Milano,0,BRT,1,5
9995,10995,2024-08-22,67.0,F,Gold,Elettronica,Cuffie,167,4,668,PayPal,Roma,0,BRT,1,13
9996,10996,2024-10-21,30.0,F,Basic,Elettronica,Laptop,176,2,352,CreditCard,Roma,1,BRT,4,5
9997,10997,2024-04-15,,F,Basic,Elettronica,Laptop,98,1,98,CreditCard,Bologna,0,DHL,3,9
9998,10998,2024-05-19,34.0,M,Silver,Libri,Enciclopedia,14,4,56,BankTransfer,Torino,0,GLS,4,13
9999,10999,2024-03-12,41.0,F,Silver,Libri,Romanzo,47,1,47,PayPal,Milano,1,GLS,3,1
10000,11000,2024-04-08,50.0,F,Basic,Abbigliamento,Scarpe,135,3,405,Cash,Roma,1,BRT,4,13
